profile	path	source_value	native_setting	native_value	decision
AV_Profile	Select_SingleLine_WhenRightMarginIsNotExceeded	false	select.singleLine.whenFitsMargin	false	typed_value_with_native_boundary_semantics
AV_Profile	Select_SingleLine_WhenQueryIsShorterThanXCharacters.Checked	false	select.singleLine.maxCharacters.enabled	{"enabled":false,"value":50}	typed_value_with_native_boundary_semantics
AV_Profile	Select_SingleLine_WhenQueryIsShorterThanXCharacters.Value	50	select.singleLine.maxCharacters.value	{"enabled":false,"value":50}	typed_value_with_native_boundary_semantics
AV_Profile	Select_SingleLine_WhenQueryContainsLessThanXWords.Checked	false	select.singleLine.maxWords.enabled	{"enabled":false,"value":10}	typed_value_with_native_boundary_semantics
AV_Profile	Select_SingleLine_WhenQueryContainsLessThanXWords.Value	10	select.singleLine.maxWords.value	{"enabled":false,"value":10}	typed_value_with_native_boundary_semantics
AV_Profile	Select_SelectList_LineBreakBeforeFirstColumn	true	select.list.breakBeforeFirstColumn	"always"	typed_value_with_native_boundary_semantics
AV_Profile	Select_SelectList_IndentColumnList.Indent	true	select.list.indent.enabled	{"enabled":true,"offset":0,"onNewLineOnly":true,"style":"relativeSpaces","transparent":false}	typed_value_with_native_boundary_semantics
AV_Profile	Select_SelectList_IndentColumnList.Size	0	select.list.indent.offset	{"enabled":true,"offset":0,"onNewLineOnly":true,"style":"relativeSpaces","transparent":false}	typed_value_with_native_boundary_semantics
AV_Profile	Select_SelectList_IndentColumnList.OnNewLineOnly	true	select.list.indent.onNewLineOnly	{"enabled":true,"offset":0,"onNewLineOnly":true,"style":"relativeSpaces","transparent":false}	typed_value_with_native_boundary_semantics
AV_Profile	Select_SelectList_StackColumns	true	select.list.stackColumns	"on"	typed_value_with_native_boundary_semantics
AV_Profile	Select_SelectList_StackColumnsMode	1	select.list.stackMode	"onePerLine"	native_policy_numeric_mode_not_certified
AV_Profile	Select_Into_LineBreakBeforeInto	false	select.into.breakBefore	"never"	typed_value_with_native_boundary_semantics
AV_Profile	Select_Into_LineBreakAfterInto	false	select.into.breakAfter	"never"	typed_value_with_native_boundary_semantics
AV_Profile	Select_Into_IndentIntoKeyword.Indent	false	select.into.keywordIndent.enabled	{"enabled":false,"offset":0,"onNewLineOnly":true,"style":"relativeSpaces","transparent":false}	typed_value_with_native_boundary_semantics
AV_Profile	Select_Into_IndentIntoKeyword.Size	0	select.into.keywordIndent.offset	{"enabled":false,"offset":0,"onNewLineOnly":true,"style":"relativeSpaces","transparent":false}	typed_value_with_native_boundary_semantics
AV_Profile	Select_Into_IndentIntoKeyword.OnNewLineOnly	true	select.into.keywordIndent.onNewLineOnly	{"enabled":false,"offset":0,"onNewLineOnly":true,"style":"relativeSpaces","transparent":false}	typed_value_with_native_boundary_semantics
AV_Profile	Select_Into_IndentTable.Indent	false	select.into.tableIndent.enabled	{"enabled":false,"offset":0,"onNewLineOnly":true,"style":"relativeSpaces","transparent":false}	typed_value_with_native_boundary_semantics
AV_Profile	Select_Into_IndentTable.Size	0	select.into.tableIndent.offset	{"enabled":false,"offset":0,"onNewLineOnly":true,"style":"relativeSpaces","transparent":false}	typed_value_with_native_boundary_semantics
AV_Profile	Select_Into_IndentTable.OnNewLineOnly	true	select.into.tableIndent.onNewLineOnly	{"enabled":false,"offset":0,"onNewLineOnly":true,"style":"relativeSpaces","transparent":false}	typed_value_with_native_boundary_semantics
AV_Profile	Select_From_LineBreakBeforeFrom	true	select.from.breakBefore	"always"	typed_value_with_native_boundary_semantics
AV_Profile	Select_From_LineBreakAfterFrom	false	select.from.breakAfter	"never"	typed_value_with_native_boundary_semantics
AV_Profile	Select_From_IndentFromKeyword.Indent	false	select.from.keywordIndent.enabled	{"enabled":false,"offset":0,"onNewLineOnly":true,"style":"relativeSpaces","transparent":false}	typed_value_with_native_boundary_semantics
AV_Profile	Select_From_IndentFromKeyword.Size	0	select.from.keywordIndent.offset	{"enabled":false,"offset":0,"onNewLineOnly":true,"style":"relativeSpaces","transparent":false}	typed_value_with_native_boundary_semantics
AV_Profile	Select_From_IndentFromKeyword.OnNewLineOnly	true	select.from.keywordIndent.onNewLineOnly	{"enabled":false,"offset":0,"onNewLineOnly":true,"style":"relativeSpaces","transparent":false}	typed_value_with_native_boundary_semantics
AV_Profile	Select_From_IndentFromList.Indent	false	select.from.listIndent.enabled	{"enabled":false,"offset":0,"onNewLineOnly":true,"style":"relativeSpaces","transparent":false}	typed_value_with_native_boundary_semantics
AV_Profile	Select_From_IndentFromList.Size	0	select.from.listIndent.offset	{"enabled":false,"offset":0,"onNewLineOnly":true,"style":"relativeSpaces","transparent":false}	typed_value_with_native_boundary_semantics
AV_Profile	Select_From_IndentFromList.OnNewLineOnly	true	select.from.listIndent.onNewLineOnly	{"enabled":false,"offset":0,"onNewLineOnly":true,"style":"relativeSpaces","transparent":false}	typed_value_with_native_boundary_semantics
AV_Profile	Select_From_StackFromList	true	select.from.stackList	"on"	typed_value_with_native_boundary_semantics
AV_Profile	Select_From_StackFromListMode	1	select.from.stackMode	"onePerLine"	native_policy_numeric_mode_not_certified
AV_Profile	Select_From_Join_LineBreakBeforeJoin	true	select.join.breakBefore	"always"	typed_value_with_native_boundary_semantics
AV_Profile	Select_From_Join_LineBreakAfterJoin	false	select.join.breakAfter	"never"	typed_value_with_native_boundary_semantics
AV_Profile	Select_From_Join_LineBreakBeforeOn	false	select.join.onBreakBefore	"never"	typed_value_with_native_boundary_semantics
AV_Profile	Select_From_Join_LineBreakAfterOn	false	select.join.onBreakAfter	"never"	typed_value_with_native_boundary_semantics
AV_Profile	Select_From_Join_IndentJoinKeyword.Indent	false	select.join.keywordIndent.enabled	{"enabled":false,"offset":0,"onNewLineOnly":true,"style":"relativeSpaces","transparent":true}	typed_value_with_native_boundary_semantics
AV_Profile	Select_From_Join_IndentJoinKeyword.Size	0	select.join.keywordIndent.offset	{"enabled":false,"offset":0,"onNewLineOnly":true,"style":"relativeSpaces","transparent":true}	typed_value_with_native_boundary_semantics
AV_Profile	Select_From_Join_IndentJoinKeyword.OnNewLineOnly	true	select.join.keywordIndent.onNewLineOnly	{"enabled":false,"offset":0,"onNewLineOnly":true,"style":"relativeSpaces","transparent":true}	typed_value_with_native_boundary_semantics
AV_Profile	Select_From_Join_IndentJoinKeyword.Transparent	true	select.join.keywordIndent.transparent	{"enabled":false,"offset":0,"onNewLineOnly":true,"style":"relativeSpaces","transparent":true}	typed_value_with_native_boundary_semantics
AV_Profile	Select_From_Join_IndentTableAfterJoin.Indent	false	select.join.tableIndent.enabled	{"enabled":false,"offset":0,"onNewLineOnly":true,"style":"relativeSpaces","transparent":false}	typed_value_with_native_boundary_semantics
AV_Profile	Select_From_Join_IndentTableAfterJoin.Size	0	select.join.tableIndent.offset	{"enabled":false,"offset":0,"onNewLineOnly":true,"style":"relativeSpaces","transparent":false}	typed_value_with_native_boundary_semantics
AV_Profile	Select_From_Join_IndentTableAfterJoin.OnNewLineOnly	true	select.join.tableIndent.onNewLineOnly	{"enabled":false,"offset":0,"onNewLineOnly":true,"style":"relativeSpaces","transparent":false}	typed_value_with_native_boundary_semantics
AV_Profile	Select_From_Join_IndentOnKeyword.Indent	true	select.join.onKeywordIndent.enabled	{"enabled":true,"offset":0,"onNewLineOnly":true,"style":"relativeSpaces","transparent":false}	typed_value_with_native_boundary_semantics
AV_Profile	Select_From_Join_IndentOnKeyword.Size	0	select.join.onKeywordIndent.offset	{"enabled":true,"offset":0,"onNewLineOnly":true,"style":"relativeSpaces","transparent":false}	typed_value_with_native_boundary_semantics
AV_Profile	Select_From_Join_IndentOnKeyword.OnNewLineOnly	true	select.join.onKeywordIndent.onNewLineOnly	{"enabled":true,"offset":0,"onNewLineOnly":true,"style":"relativeSpaces","transparent":false}	typed_value_with_native_boundary_semantics
AV_Profile	Select_From_Join_IndentOnCondition.Indent	true	select.join.onConditionIndent.enabled	{"enabled":true,"offset":0,"onNewLineOnly":true,"style":"relativeSpaces","transparent":false}	typed_value_with_native_boundary_semantics
AV_Profile	Select_From_Join_IndentOnCondition.Size	0	select.join.onConditionIndent.offset	{"enabled":true,"offset":0,"onNewLineOnly":true,"style":"relativeSpaces","transparent":false}	typed_value_with_native_boundary_semantics
AV_Profile	Select_From_Join_IndentOnCondition.OnNewLineOnly	true	select.join.onConditionIndent.onNewLineOnly	{"enabled":true,"offset":0,"onNewLineOnly":true,"style":"relativeSpaces","transparent":false}	typed_value_with_native_boundary_semantics
AV_Profile	Select_From_Join_IndentWrapConditionNestedOperations.Indent	true	select.join.nestedConditionIndent.enabled	{"enabled":true,"offset":0,"onNewLineOnly":true,"style":"relativeSpaces","transparent":false}	typed_value_with_native_boundary_semantics
AV_Profile	Select_From_Join_IndentWrapConditionNestedOperations.Size	0	select.join.nestedConditionIndent.offset	{"enabled":true,"offset":0,"onNewLineOnly":true,"style":"relativeSpaces","transparent":false}	typed_value_with_native_boundary_semantics
AV_Profile	Select_From_Join_IndentWrapConditionNestedOperations.OnNewLineOnly	true	select.join.nestedConditionIndent.onNewLineOnly	{"enabled":true,"offset":0,"onNewLineOnly":true,"style":"relativeSpaces","transparent":false}	typed_value_with_native_boundary_semantics
AV_Profile	Select_From_Join_WrapConditionMode	0	select.join.wrapCondition	"none"	native_policy_numeric_mode_not_certified
AV_Profile	Select_From_Join_WrapBeforeOperatorMode	1	select.join.wrapBeforeOperator	"inherit"	native_policy_numeric_mode_not_certified
AV_Profile	Select_From_Join_WrapAfterOperatorMode	1	select.join.wrapAfterOperator	"never"	native_policy_numeric_mode_not_certified
AV_Profile	Select_Where_LineBreakBeforeWhere	true	select.where.breakBefore	"always"	typed_value_with_native_boundary_semantics
AV_Profile	Select_Where_LineBreakAfterWhere	false	select.where.breakAfter	"never"	typed_value_with_native_boundary_semantics
AV_Profile	Select_Where_IndentWhereKeyword.Indent	false	select.where.keywordIndent.enabled	{"enabled":false,"offset":0,"onNewLineOnly":true,"style":"relativeSpaces","transparent":false}	typed_value_with_native_boundary_semantics
AV_Profile	Select_Where_IndentWhereKeyword.Size	0	select.where.keywordIndent.offset	{"enabled":false,"offset":0,"onNewLineOnly":true,"style":"relativeSpaces","transparent":false}	typed_value_with_native_boundary_semantics
AV_Profile	Select_Where_IndentWhereKeyword.OnNewLineOnly	true	select.where.keywordIndent.onNewLineOnly	{"enabled":false,"offset":0,"onNewLineOnly":true,"style":"relativeSpaces","transparent":false}	typed_value_with_native_boundary_semantics
AV_Profile	Select_Where_IndentWhereCondition.Indent	false	select.where.conditionIndent.enabled	{"enabled":false,"offset":0,"onNewLineOnly":true,"style":"relativeSpaces","transparent":false}	typed_value_with_native_boundary_semantics
AV_Profile	Select_Where_IndentWhereCondition.Size	0	select.where.conditionIndent.offset	{"enabled":false,"offset":0,"onNewLineOnly":true,"style":"relativeSpaces","transparent":false}	typed_value_with_native_boundary_semantics
AV_Profile	Select_Where_IndentWhereCondition.OnNewLineOnly	true	select.where.conditionIndent.onNewLineOnly	{"enabled":false,"offset":0,"onNewLineOnly":true,"style":"relativeSpaces","transparent":false}	typed_value_with_native_boundary_semantics
AV_Profile	Select_Where_IndentWrapConditionNestedOperations.Indent	false	select.where.nestedConditionIndent.enabled	{"enabled":false,"offset":0,"onNewLineOnly":true,"style":"relativeSpaces","transparent":false}	typed_value_with_native_boundary_semantics
AV_Profile	Select_Where_IndentWrapConditionNestedOperations.Size	0	select.where.nestedConditionIndent.offset	{"enabled":false,"offset":0,"onNewLineOnly":true,"style":"relativeSpaces","transparent":false}	typed_value_with_native_boundary_semantics
AV_Profile	Select_Where_IndentWrapConditionNestedOperations.OnNewLineOnly	true	select.where.nestedConditionIndent.onNewLineOnly	{"enabled":false,"offset":0,"onNewLineOnly":true,"style":"relativeSpaces","transparent":false}	typed_value_with_native_boundary_semantics
AV_Profile	Select_Where_WrapConditionMode	0	select.where.wrapCondition	"none"	native_policy_numeric_mode_not_certified
AV_Profile	Select_Where_WrapBeforeOperatorMode	1	select.where.wrapBeforeOperator	"inherit"	native_policy_numeric_mode_not_certified
AV_Profile	Select_Where_WrapAfterOperatorMode	1	select.where.wrapAfterOperator	"never"	native_policy_numeric_mode_not_certified
AV_Profile	Select_GroupBy_LineBreakBeforeGroup	true	select.groupBy.breakBefore	"always"	typed_value_with_native_boundary_semantics
AV_Profile	Select_GroupBy_LineBreakBeforeGroupByExpression	false	select.groupBy.breakAfter	"never"	typed_value_with_native_boundary_semantics
AV_Profile	Select_GroupBy_IndentGroupByPhrase.Indent	false	select.groupBy.keywordIndent.enabled	{"enabled":false,"offset":0,"onNewLineOnly":true,"style":"relativeSpaces","transparent":false}	typed_value_with_native_boundary_semantics
AV_Profile	Select_GroupBy_IndentGroupByPhrase.Size	0	select.groupBy.keywordIndent.offset	{"enabled":false,"offset":0,"onNewLineOnly":true,"style":"relativeSpaces","transparent":false}	typed_value_with_native_boundary_semantics
AV_Profile	Select_GroupBy_IndentGroupByPhrase.OnNewLineOnly	true	select.groupBy.keywordIndent.onNewLineOnly	{"enabled":false,"offset":0,"onNewLineOnly":true,"style":"relativeSpaces","transparent":false}	typed_value_with_native_boundary_semantics
AV_Profile	Select_GroupBy_IndentColumnList.Indent	false	select.groupBy.listIndent.enabled	{"enabled":false,"offset":0,"onNewLineOnly":true,"style":"relativeSpaces","transparent":false}	typed_value_with_native_boundary_semantics
AV_Profile	Select_GroupBy_IndentColumnList.Size	0	select.groupBy.listIndent.offset	{"enabled":false,"offset":0,"onNewLineOnly":true,"style":"relativeSpaces","transparent":false}	typed_value_with_native_boundary_semantics
AV_Profile	Select_GroupBy_IndentColumnList.OnNewLineOnly	true	select.groupBy.listIndent.onNewLineOnly	{"enabled":false,"offset":0,"onNewLineOnly":true,"style":"relativeSpaces","transparent":false}	typed_value_with_native_boundary_semantics
AV_Profile	Select_GroupBy_StackColumnsList	true	select.groupBy.stackList	"on"	typed_value_with_native_boundary_semantics
AV_Profile	Select_GroupBy_StackColumnsListMode	1	select.groupBy.stackMode	"onePerLine"	native_policy_numeric_mode_not_certified
AV_Profile	Select_Having_LineBreakBeforeHaving	true	select.having.breakBefore	"always"	typed_value_with_native_boundary_semantics
AV_Profile	Select_Having_LineBreakAfterHaving	false	select.having.breakAfter	"never"	typed_value_with_native_boundary_semantics
AV_Profile	Select_Having_IndentHavingKeyword.Indent	false	select.having.keywordIndent.enabled	{"enabled":false,"offset":0,"onNewLineOnly":true,"style":"relativeSpaces","transparent":false}	typed_value_with_native_boundary_semantics
AV_Profile	Select_Having_IndentHavingKeyword.Size	0	select.having.keywordIndent.offset	{"enabled":false,"offset":0,"onNewLineOnly":true,"style":"relativeSpaces","transparent":false}	typed_value_with_native_boundary_semantics
AV_Profile	Select_Having_IndentHavingKeyword.OnNewLineOnly	true	select.having.keywordIndent.onNewLineOnly	{"enabled":false,"offset":0,"onNewLineOnly":true,"style":"relativeSpaces","transparent":false}	typed_value_with_native_boundary_semantics
AV_Profile	Select_Having_IndentHavingCondition.Indent	false	select.having.conditionIndent.enabled	{"enabled":false,"offset":0,"onNewLineOnly":true,"style":"relativeSpaces","transparent":false}	typed_value_with_native_boundary_semantics
AV_Profile	Select_Having_IndentHavingCondition.Size	0	select.having.conditionIndent.offset	{"enabled":false,"offset":0,"onNewLineOnly":true,"style":"relativeSpaces","transparent":false}	typed_value_with_native_boundary_semantics
AV_Profile	Select_Having_IndentHavingCondition.OnNewLineOnly	true	select.having.conditionIndent.onNewLineOnly	{"enabled":false,"offset":0,"onNewLineOnly":true,"style":"relativeSpaces","transparent":false}	typed_value_with_native_boundary_semantics
AV_Profile	Select_Having_IndentWrapConditionNestedOperations.Indent	false	select.having.nestedConditionIndent.enabled	{"enabled":false,"offset":0,"onNewLineOnly":true,"style":"relativeSpaces","transparent":false}	typed_value_with_native_boundary_semantics
AV_Profile	Select_Having_IndentWrapConditionNestedOperations.Size	0	select.having.nestedConditionIndent.offset	{"enabled":false,"offset":0,"onNewLineOnly":true,"style":"relativeSpaces","transparent":false}	typed_value_with_native_boundary_semantics
AV_Profile	Select_Having_IndentWrapConditionNestedOperations.OnNewLineOnly	true	select.having.nestedConditionIndent.onNewLineOnly	{"enabled":false,"offset":0,"onNewLineOnly":true,"style":"relativeSpaces","transparent":false}	typed_value_with_native_boundary_semantics
AV_Profile	Select_Having_WrapConditionMode	1	select.having.wrapCondition	"both"	native_policy_numeric_mode_not_certified
AV_Profile	Select_Having_WrapBeforeOperatorMode	1	select.having.wrapBeforeOperator	"inherit"	native_policy_numeric_mode_not_certified
AV_Profile	Select_Having_WrapAfterOperatorMode	1	select.having.wrapAfterOperator	"never"	native_policy_numeric_mode_not_certified
AV_Profile	Select_OrderBy_LineBreakBeforeOrder	true	select.orderBy.breakBefore	"always"	typed_value_with_native_boundary_semantics
AV_Profile	Select_OrderBy_LineBreakAfterBy	false	select.orderBy.breakAfter	"never"	typed_value_with_native_boundary_semantics
AV_Profile	Select_OrderBy_IndentOrderByPhrase.Indent	false	select.orderBy.keywordIndent.enabled	{"enabled":false,"offset":0,"onNewLineOnly":true,"style":"relativeSpaces","transparent":false}	typed_value_with_native_boundary_semantics
AV_Profile	Select_OrderBy_IndentOrderByPhrase.Size	0	select.orderBy.keywordIndent.offset	{"enabled":false,"offset":0,"onNewLineOnly":true,"style":"relativeSpaces","transparent":false}	typed_value_with_native_boundary_semantics
AV_Profile	Select_OrderBy_IndentOrderByPhrase.OnNewLineOnly	true	select.orderBy.keywordIndent.onNewLineOnly	{"enabled":false,"offset":0,"onNewLineOnly":true,"style":"relativeSpaces","transparent":false}	typed_value_with_native_boundary_semantics
AV_Profile	Select_OrderBy_IndentColumnList.Indent	false	select.orderBy.listIndent.enabled	{"enabled":false,"offset":0,"onNewLineOnly":true,"style":"relativeSpaces","transparent":false}	typed_value_with_native_boundary_semantics
AV_Profile	Select_OrderBy_IndentColumnList.Size	0	select.orderBy.listIndent.offset	{"enabled":false,"offset":0,"onNewLineOnly":true,"style":"relativeSpaces","transparent":false}	typed_value_with_native_boundary_semantics
AV_Profile	Select_OrderBy_IndentColumnList.OnNewLineOnly	true	select.orderBy.listIndent.onNewLineOnly	{"enabled":false,"offset":0,"onNewLineOnly":true,"style":"relativeSpaces","transparent":false}	typed_value_with_native_boundary_semantics
AV_Profile	Select_OrderBy_StackColumnsList	false	select.orderBy.stackList	"off"	typed_value_with_native_boundary_semantics
AV_Profile	Select_OrderBy_StackColumnsListMode	1	select.orderBy.stackMode	"onePerLine"	native_policy_numeric_mode_not_certified
AV_Profile	Select_Compute_LineBreakBeforeCompute	true	select.compute.breakBefore	"always"	typed_value_with_native_boundary_semantics
AV_Profile	Select_Compute_LineBreakAfterCompute	false	select.compute.breakAfter	"never"	typed_value_with_native_boundary_semantics
AV_Profile	Select_Compute_IndentComputeKeyword.Indent	false	select.compute.keywordIndent.enabled	{"enabled":false,"offset":0,"onNewLineOnly":true,"style":"relativeSpaces","transparent":false}	typed_value_with_native_boundary_semantics
AV_Profile	Select_Compute_IndentComputeKeyword.Size	0	select.compute.keywordIndent.offset	{"enabled":false,"offset":0,"onNewLineOnly":true,"style":"relativeSpaces","transparent":false}	typed_value_with_native_boundary_semantics
AV_Profile	Select_Compute_IndentComputeKeyword.OnNewLineOnly	true	select.compute.keywordIndent.onNewLineOnly	{"enabled":false,"offset":0,"onNewLineOnly":true,"style":"relativeSpaces","transparent":false}	typed_value_with_native_boundary_semantics
AV_Profile	Select_Compute_IndentComputeExpression.Indent	false	select.compute.expressionIndent.enabled	{"enabled":false,"offset":0,"onNewLineOnly":true,"style":"relativeSpaces","transparent":false}	typed_value_with_native_boundary_semantics
AV_Profile	Select_Compute_IndentComputeExpression.Size	0	select.compute.expressionIndent.offset	{"enabled":false,"offset":0,"onNewLineOnly":true,"style":"relativeSpaces","transparent":false}	typed_value_with_native_boundary_semantics
AV_Profile	Select_Compute_IndentComputeExpression.OnNewLineOnly	true	select.compute.expressionIndent.onNewLineOnly	{"enabled":false,"offset":0,"onNewLineOnly":true,"style":"relativeSpaces","transparent":false}	typed_value_with_native_boundary_semantics
AV_Profile	Select_ForClause_LineBreakBeforeFor	true	select.for.breakBefore	"always"	typed_value_with_native_boundary_semantics
AV_Profile	Select_ForClause_LineBreakAfterForXml	false	select.for.breakAfterXml	"never"	typed_value_with_native_boundary_semantics
AV_Profile	Select_ForClause_IndentForKeyword.Indent	false	select.for.keywordIndent.enabled	{"enabled":false,"offset":0,"onNewLineOnly":true,"style":"relativeSpaces","transparent":false}	typed_value_with_native_boundary_semantics
AV_Profile	Select_ForClause_IndentForKeyword.Size	0	select.for.keywordIndent.offset	{"enabled":false,"offset":0,"onNewLineOnly":true,"style":"relativeSpaces","transparent":false}	typed_value_with_native_boundary_semantics
AV_Profile	Select_ForClause_IndentForKeyword.OnNewLineOnly	true	select.for.keywordIndent.onNewLineOnly	{"enabled":false,"offset":0,"onNewLineOnly":true,"style":"relativeSpaces","transparent":false}	typed_value_with_native_boundary_semantics
AV_Profile	Select_ForClause_IndentForXmlSpecification.Indent	false	select.for.specIndent.enabled	{"enabled":false,"offset":0,"onNewLineOnly":true,"style":"relativeSpaces","transparent":false}	typed_value_with_native_boundary_semantics
AV_Profile	Select_ForClause_IndentForXmlSpecification.Size	0	select.for.specIndent.offset	{"enabled":false,"offset":0,"onNewLineOnly":true,"style":"relativeSpaces","transparent":false}	typed_value_with_native_boundary_semantics
AV_Profile	Select_ForClause_IndentForXmlSpecification.OnNewLineOnly	true	select.for.specIndent.onNewLineOnly	{"enabled":false,"offset":0,"onNewLineOnly":true,"style":"relativeSpaces","transparent":false}	typed_value_with_native_boundary_semantics
AV_Profile	Select_OptionHints_LineBreakBeforeOption	true	select.option.breakBefore	"always"	typed_value_with_native_boundary_semantics
AV_Profile	Select_OptionHints_LineBreakAfterOption	false	select.option.breakAfter	"never"	typed_value_with_native_boundary_semantics
AV_Profile	Select_OptionHints_IndentOptionKeyword.Indent	false	select.option.keywordIndent.enabled	{"enabled":false,"offset":0,"onNewLineOnly":true,"style":"relativeSpaces","transparent":false}	typed_value_with_native_boundary_semantics
AV_Profile	Select_OptionHints_IndentOptionKeyword.Size	0	select.option.keywordIndent.offset	{"enabled":false,"offset":0,"onNewLineOnly":true,"style":"relativeSpaces","transparent":false}	typed_value_with_native_boundary_semantics
AV_Profile	Select_OptionHints_IndentOptionKeyword.OnNewLineOnly	true	select.option.keywordIndent.onNewLineOnly	{"enabled":false,"offset":0,"onNewLineOnly":true,"style":"relativeSpaces","transparent":false}	typed_value_with_native_boundary_semantics
AV_Profile	Select_OptionHints_IndentOptionHints.Indent	false	select.option.hintsIndent.enabled	{"enabled":false,"offset":0,"onNewLineOnly":true,"style":"relativeSpaces","transparent":false}	typed_value_with_native_boundary_semantics
AV_Profile	Select_OptionHints_IndentOptionHints.Size	0	select.option.hintsIndent.offset	{"enabled":false,"offset":0,"onNewLineOnly":true,"style":"relativeSpaces","transparent":false}	typed_value_with_native_boundary_semantics
AV_Profile	Select_OptionHints_IndentOptionHints.OnNewLineOnly	true	select.option.hintsIndent.onNewLineOnly	{"enabled":false,"offset":0,"onNewLineOnly":true,"style":"relativeSpaces","transparent":false}	typed_value_with_native_boundary_semantics
AV_Profile	Select_Cte_LineBreakAfterWith	false	select.cte.breakAfterWith	"never"	typed_value_with_native_boundary_semantics
AV_Profile	Select_Cte_IndentCommonTableExpression.Indent	false	select.cte.expressionIndent.enabled	{"enabled":false,"offset":0,"onNewLineOnly":true,"style":"relativeSpaces","transparent":false}	typed_value_with_native_boundary_semantics
AV_Profile	Select_Cte_IndentCommonTableExpression.Size	0	select.cte.expressionIndent.offset	{"enabled":false,"offset":0,"onNewLineOnly":true,"style":"relativeSpaces","transparent":false}	typed_value_with_native_boundary_semantics
AV_Profile	Select_Cte_IndentCommonTableExpression.OnNewLineOnly	true	select.cte.expressionIndent.onNewLineOnly	{"enabled":false,"offset":0,"onNewLineOnly":true,"style":"relativeSpaces","transparent":false}	typed_value_with_native_boundary_semantics
AV_Profile	Select_Cte_LineBreakBeforeAs	true	select.cte.breakBeforeAs	"always"	typed_value_with_native_boundary_semantics
AV_Profile	Select_Cte_LineBreakAfterAs	true	select.cte.breakAfterAs	"always"	typed_value_with_native_boundary_semantics
AV_Profile	Select_Cte_IndentSubqueryBraces.Indent	false	select.cte.subqueryBraceIndent.enabled	{"enabled":false,"offset":0,"onNewLineOnly":true,"style":"relativeSpaces","transparent":false}	typed_value_with_native_boundary_semantics
AV_Profile	Select_Cte_IndentSubqueryBraces.Size	0	select.cte.subqueryBraceIndent.offset	{"enabled":false,"offset":0,"onNewLineOnly":true,"style":"relativeSpaces","transparent":false}	typed_value_with_native_boundary_semantics
AV_Profile	Select_Cte_IndentSubqueryBraces.OnNewLineOnly	true	select.cte.subqueryBraceIndent.onNewLineOnly	{"enabled":false,"offset":0,"onNewLineOnly":true,"style":"relativeSpaces","transparent":false}	typed_value_with_native_boundary_semantics
AV_Profile	Select_Cte_ColumnList_LineBreakBeforeColumnListOpenBrace	false	select.cte.breakBeforeColumnOpen	"never"	typed_value_with_native_boundary_semantics
AV_Profile	Select_Cte_ColumnList_LineBreakAfterColumnListOpenBrace	false	select.cte.breakAfterColumnOpen	"never"	typed_value_with_native_boundary_semantics
AV_Profile	Select_Cte_ColumnList_LineBreakBeforeColumnListClosingBrace	false	select.cte.breakBeforeColumnClose	"never"	typed_value_with_native_boundary_semantics
AV_Profile	Select_Cte_ColumnList_IndentColumnListBraces.Indent	false	select.cte.columnBraceIndent.enabled	{"enabled":false,"offset":0,"onNewLineOnly":true,"style":"relativeSpaces","transparent":false}	typed_value_with_native_boundary_semantics
AV_Profile	Select_Cte_ColumnList_IndentColumnListBraces.Size	0	select.cte.columnBraceIndent.offset	{"enabled":false,"offset":0,"onNewLineOnly":true,"style":"relativeSpaces","transparent":false}	typed_value_with_native_boundary_semantics
AV_Profile	Select_Cte_ColumnList_IndentColumnListBraces.OnNewLineOnly	true	select.cte.columnBraceIndent.onNewLineOnly	{"enabled":false,"offset":0,"onNewLineOnly":true,"style":"relativeSpaces","transparent":false}	typed_value_with_native_boundary_semantics
AV_Profile	Select_Cte_ColumnList_IndentColumnList.Indent	false	select.cte.columnListIndent.enabled	{"enabled":false,"offset":0,"onNewLineOnly":true,"style":"relativeSpaces","transparent":false}	typed_value_with_native_boundary_semantics
AV_Profile	Select_Cte_ColumnList_IndentColumnList.Size	0	select.cte.columnListIndent.offset	{"enabled":false,"offset":0,"onNewLineOnly":true,"style":"relativeSpaces","transparent":false}	typed_value_with_native_boundary_semantics
AV_Profile	Select_Cte_ColumnList_IndentColumnList.OnNewLineOnly	true	select.cte.columnListIndent.onNewLineOnly	{"enabled":false,"offset":0,"onNewLineOnly":true,"style":"relativeSpaces","transparent":false}	typed_value_with_native_boundary_semantics
AV_Profile	Select_Cte_ColumnList_StackColumnList	true	select.cte.stackColumns	"on"	typed_value_with_native_boundary_semantics
AV_Profile	Select_Cte_ColumnList_StackColumnListMode	8	select.cte.stackMode	"auto"	native_policy_numeric_mode_not_certified
AV_Profile	Subquery_UseSameFormattingAsInSelect	true	subquery.useSelectFormatting	true	typed_value_with_native_boundary_semantics
AV_Profile	Subquery_LineBreakBeforeOpenBrace	false	subquery.breakBeforeOpen	"never"	typed_value_with_native_boundary_semantics
AV_Profile	Subquery_LineBreakAfterOpenBrace	false	subquery.breakAfterOpen	"never"	typed_value_with_native_boundary_semantics
AV_Profile	Subquery_LineBreakBeforeClosingBrace	false	subquery.breakBeforeClose	"never"	typed_value_with_native_boundary_semantics
AV_Profile	Subquery_LineBreakAfterClosingBrace	true	subquery.breakAfterClose	"always"	typed_value_with_native_boundary_semantics
AV_Profile	Subquery_IndentSubquery.Indent	true	subquery.indent.enabled	{"enabled":true,"offset":0,"onNewLineOnly":true,"style":"relativeSpaces","transparent":false}	typed_value_with_native_boundary_semantics
AV_Profile	Subquery_IndentSubquery.Size	0	subquery.indent.offset	{"enabled":true,"offset":0,"onNewLineOnly":true,"style":"relativeSpaces","transparent":false}	typed_value_with_native_boundary_semantics
AV_Profile	Subquery_IndentSubquery.OnNewLineOnly	true	subquery.indent.onNewLineOnly	{"enabled":true,"offset":0,"onNewLineOnly":true,"style":"relativeSpaces","transparent":false}	typed_value_with_native_boundary_semantics
AV_Profile	Subquery_SingleLine_AllAnySomeExists_AnySubquery	false	subquery.singleLine.allAnySomeExists.any	false	typed_value_with_native_boundary_semantics
AV_Profile	Subquery_SingleLine_AllAnySomeExists_WhenRightMarginIsNotExceeded	false	subquery.singleLine.allAnySomeExists.whenFitsMargin	false	typed_value_with_native_boundary_semantics
AV_Profile	Subquery_SingleLine_AllAnySomeExists_WhenSubqueryIsShorterThanXCharacters.Checked	false	subquery.singleLine.allAnySomeExists.maxCharacters.enabled	{"enabled":false,"value":50}	typed_value_with_native_boundary_semantics
AV_Profile	Subquery_SingleLine_AllAnySomeExists_WhenSubqueryIsShorterThanXCharacters.Value	50	subquery.singleLine.allAnySomeExists.maxCharacters.value	{"enabled":false,"value":50}	typed_value_with_native_boundary_semantics
AV_Profile	Subquery_SingleLine_AllAnySomeExists_WhenSubqueryContainsLessThanXWords.Checked	false	subquery.singleLine.allAnySomeExists.maxWords.enabled	{"enabled":false,"value":10}	typed_value_with_native_boundary_semantics
AV_Profile	Subquery_SingleLine_AllAnySomeExists_WhenSubqueryContainsLessThanXWords.Value	10	subquery.singleLine.allAnySomeExists.maxWords.value	{"enabled":false,"value":10}	typed_value_with_native_boundary_semantics
AV_Profile	Subquery_SingleLine_InOperator_AnySubquery	false	subquery.singleLine.inOperator.any	false	typed_value_with_native_boundary_semantics
AV_Profile	Subquery_SingleLine_InOperator_WhenRightMarginIsNotExceeded	false	subquery.singleLine.inOperator.whenFitsMargin	false	typed_value_with_native_boundary_semantics
AV_Profile	Subquery_SingleLine_InOperator_WhenSubqueryIsShorterThanXCharacters.Checked	false	subquery.singleLine.inOperator.maxCharacters.enabled	{"enabled":false,"value":50}	typed_value_with_native_boundary_semantics
AV_Profile	Subquery_SingleLine_InOperator_WhenSubqueryIsShorterThanXCharacters.Value	50	subquery.singleLine.inOperator.maxCharacters.value	{"enabled":false,"value":50}	typed_value_with_native_boundary_semantics
AV_Profile	Subquery_SingleLine_InOperator_WhenSubqueryContainsLessThanXWords.Checked	false	subquery.singleLine.inOperator.maxWords.enabled	{"enabled":false,"value":10}	typed_value_with_native_boundary_semantics
AV_Profile	Subquery_SingleLine_InOperator_WhenSubqueryContainsLessThanXWords.Value	10	subquery.singleLine.inOperator.maxWords.value	{"enabled":false,"value":10}	typed_value_with_native_boundary_semantics
AV_Profile	Subquery_SingleLine_CteQueries_AnySubquery	false	subquery.singleLine.cteQueries.any	false	typed_value_with_native_boundary_semantics
AV_Profile	Subquery_SingleLine_CteQueries_WhenRightMarginIsNotExceeded	false	subquery.singleLine.cteQueries.whenFitsMargin	false	typed_value_with_native_boundary_semantics
AV_Profile	Subquery_SingleLine_CteQueries_WhenSubqueryIsShorterThanXCharacters.Checked	false	subquery.singleLine.cteQueries.maxCharacters.enabled	{"enabled":false,"value":50}	typed_value_with_native_boundary_semantics
AV_Profile	Subquery_SingleLine_CteQueries_WhenSubqueryIsShorterThanXCharacters.Value	50	subquery.singleLine.cteQueries.maxCharacters.value	{"enabled":false,"value":50}	typed_value_with_native_boundary_semantics
AV_Profile	Subquery_SingleLine_CteQueries_WhenSubqueryContainsLessThanXWords.Checked	false	subquery.singleLine.cteQueries.maxWords.enabled	{"enabled":false,"value":10}	typed_value_with_native_boundary_semantics
AV_Profile	Subquery_SingleLine_CteQueries_WhenSubqueryContainsLessThanXWords.Value	10	subquery.singleLine.cteQueries.maxWords.value	{"enabled":false,"value":10}	typed_value_with_native_boundary_semantics
AV_Profile	Subquery_SingleLine_FromListSubqueries_AnySubquery	false	subquery.singleLine.fromList.any	false	typed_value_with_native_boundary_semantics
AV_Profile	Subquery_SingleLine_FromListSubqueries_WhenRightMarginIsNotExceeded	false	subquery.singleLine.fromList.whenFitsMargin	false	typed_value_with_native_boundary_semantics
AV_Profile	Subquery_SingleLine_FromListSubqueries_WhenSubqueryIsShorterThanXCharacters.Checked	false	subquery.singleLine.fromList.maxCharacters.enabled	{"enabled":false,"value":50}	typed_value_with_native_boundary_semantics
AV_Profile	Subquery_SingleLine_FromListSubqueries_WhenSubqueryIsShorterThanXCharacters.Value	50	subquery.singleLine.fromList.maxCharacters.value	{"enabled":false,"value":50}	typed_value_with_native_boundary_semantics
AV_Profile	Subquery_SingleLine_FromListSubqueries_WhenSubqueryContainsLessThanXWords.Checked	false	subquery.singleLine.fromList.maxWords.enabled	{"enabled":false,"value":10}	typed_value_with_native_boundary_semantics
AV_Profile	Subquery_SingleLine_FromListSubqueries_WhenSubqueryContainsLessThanXWords.Value	10	subquery.singleLine.fromList.maxWords.value	{"enabled":false,"value":10}	typed_value_with_native_boundary_semantics
AV_Profile	Subquery_SingleLine_OtherSubqueries_AnySubquery	false	subquery.singleLine.other.any	false	typed_value_with_native_boundary_semantics
AV_Profile	Subquery_SingleLine_OtherSubqueries_WhenRightMarginIsNotExceeded	false	subquery.singleLine.other.whenFitsMargin	false	typed_value_with_native_boundary_semantics
AV_Profile	Subquery_SingleLine_OtherSubqueries_WhenSubqueryIsShorterThanXCharacters.Checked	false	subquery.singleLine.other.maxCharacters.enabled	{"enabled":false,"value":50}	typed_value_with_native_boundary_semantics
AV_Profile	Subquery_SingleLine_OtherSubqueries_WhenSubqueryIsShorterThanXCharacters.Value	50	subquery.singleLine.other.maxCharacters.value	{"enabled":false,"value":50}	typed_value_with_native_boundary_semantics
AV_Profile	Subquery_SingleLine_OtherSubqueries_WhenSubqueryContainsLessThanXWords.Checked	false	subquery.singleLine.other.maxWords.enabled	{"enabled":false,"value":10}	typed_value_with_native_boundary_semantics
AV_Profile	Subquery_SingleLine_OtherSubqueries_WhenSubqueryContainsLessThanXWords.Value	10	subquery.singleLine.other.maxWords.value	{"enabled":false,"value":10}	typed_value_with_native_boundary_semantics
AV_Profile	Subquery_SelectList_LineBreakBeforeFirstColumn	true	subquery.list.breakBeforeFirstColumn	"always"	typed_value_with_native_boundary_semantics
AV_Profile	Subquery_SelectList_IndentColumnList.Indent	true	subquery.list.indent.enabled	{"enabled":true,"offset":0,"onNewLineOnly":true,"style":"relativeSpaces","transparent":false}	typed_value_with_native_boundary_semantics
AV_Profile	Subquery_SelectList_IndentColumnList.Size	0	subquery.list.indent.offset	{"enabled":true,"offset":0,"onNewLineOnly":true,"style":"relativeSpaces","transparent":false}	typed_value_with_native_boundary_semantics
AV_Profile	Subquery_SelectList_IndentColumnList.OnNewLineOnly	true	subquery.list.indent.onNewLineOnly	{"enabled":true,"offset":0,"onNewLineOnly":true,"style":"relativeSpaces","transparent":false}	typed_value_with_native_boundary_semantics
AV_Profile	Subquery_SelectList_StackColumns	true	subquery.list.stackColumns	"on"	typed_value_with_native_boundary_semantics
AV_Profile	Subquery_SelectList_StackColumnsMode	1	subquery.list.stackMode	"onePerLine"	native_policy_numeric_mode_not_certified
AV_Profile	Subquery_From_LineBreakBeforeFrom	true	subquery.from.breakBefore	"always"	typed_value_with_native_boundary_semantics
AV_Profile	Subquery_From_LineBreakAfterFrom	false	subquery.from.breakAfter	"never"	typed_value_with_native_boundary_semantics
AV_Profile	Subquery_From_IndentFromKeyword.Indent	false	subquery.from.keywordIndent.enabled	{"enabled":false,"offset":0,"onNewLineOnly":true,"style":"relativeSpaces","transparent":false}	typed_value_with_native_boundary_semantics
AV_Profile	Subquery_From_IndentFromKeyword.Size	0	subquery.from.keywordIndent.offset	{"enabled":false,"offset":0,"onNewLineOnly":true,"style":"relativeSpaces","transparent":false}	typed_value_with_native_boundary_semantics
AV_Profile	Subquery_From_IndentFromKeyword.OnNewLineOnly	true	subquery.from.keywordIndent.onNewLineOnly	{"enabled":false,"offset":0,"onNewLineOnly":true,"style":"relativeSpaces","transparent":false}	typed_value_with_native_boundary_semantics
AV_Profile	Subquery_From_IndentFromList.Indent	false	subquery.from.listIndent.enabled	{"enabled":false,"offset":0,"onNewLineOnly":true,"style":"relativeSpaces","transparent":false}	typed_value_with_native_boundary_semantics
AV_Profile	Subquery_From_IndentFromList.Size	0	subquery.from.listIndent.offset	{"enabled":false,"offset":0,"onNewLineOnly":true,"style":"relativeSpaces","transparent":false}	typed_value_with_native_boundary_semantics
AV_Profile	Subquery_From_IndentFromList.OnNewLineOnly	true	subquery.from.listIndent.onNewLineOnly	{"enabled":false,"offset":0,"onNewLineOnly":true,"style":"relativeSpaces","transparent":false}	typed_value_with_native_boundary_semantics
AV_Profile	Subquery_From_StackFromList	true	subquery.from.stackList	"on"	typed_value_with_native_boundary_semantics
AV_Profile	Subquery_From_StackFromListMode	1	subquery.from.stackMode	"onePerLine"	native_policy_numeric_mode_not_certified
AV_Profile	Subquery_From_Join_LineBreakBeforeJoin	true	subquery.join.breakBefore	"always"	typed_value_with_native_boundary_semantics
AV_Profile	Subquery_From_Join_LineBreakAfterJoin	false	subquery.join.breakAfter	"never"	typed_value_with_native_boundary_semantics
AV_Profile	Subquery_From_Join_LineBreakBeforeOn	true	subquery.join.onBreakBefore	"always"	typed_value_with_native_boundary_semantics
AV_Profile	Subquery_From_Join_LineBreakAfterOn	false	subquery.join.onBreakAfter	"never"	typed_value_with_native_boundary_semantics
AV_Profile	Subquery_From_Join_IndentJoinKeyword.Indent	false	subquery.join.keywordIndent.enabled	{"enabled":false,"offset":0,"onNewLineOnly":true,"style":"relativeSpaces","transparent":true}	typed_value_with_native_boundary_semantics
AV_Profile	Subquery_From_Join_IndentJoinKeyword.Size	0	subquery.join.keywordIndent.offset	{"enabled":false,"offset":0,"onNewLineOnly":true,"style":"relativeSpaces","transparent":true}	typed_value_with_native_boundary_semantics
AV_Profile	Subquery_From_Join_IndentJoinKeyword.OnNewLineOnly	true	subquery.join.keywordIndent.onNewLineOnly	{"enabled":false,"offset":0,"onNewLineOnly":true,"style":"relativeSpaces","transparent":true}	typed_value_with_native_boundary_semantics
AV_Profile	Subquery_From_Join_IndentJoinKeyword.Transparent	true	subquery.join.keywordIndent.transparent	{"enabled":false,"offset":0,"onNewLineOnly":true,"style":"relativeSpaces","transparent":true}	typed_value_with_native_boundary_semantics
AV_Profile	Subquery_From_Join_IndentTableAfterJoin.Indent	false	subquery.join.tableIndent.enabled	{"enabled":false,"offset":0,"onNewLineOnly":true,"style":"relativeSpaces","transparent":false}	typed_value_with_native_boundary_semantics
AV_Profile	Subquery_From_Join_IndentTableAfterJoin.Size	0	subquery.join.tableIndent.offset	{"enabled":false,"offset":0,"onNewLineOnly":true,"style":"relativeSpaces","transparent":false}	typed_value_with_native_boundary_semantics
AV_Profile	Subquery_From_Join_IndentTableAfterJoin.OnNewLineOnly	true	subquery.join.tableIndent.onNewLineOnly	{"enabled":false,"offset":0,"onNewLineOnly":true,"style":"relativeSpaces","transparent":false}	typed_value_with_native_boundary_semantics
AV_Profile	Subquery_From_Join_IndentOnKeyword.Indent	true	subquery.join.onKeywordIndent.enabled	{"enabled":true,"offset":0,"onNewLineOnly":true,"style":"relativeSpaces","transparent":false}	typed_value_with_native_boundary_semantics
AV_Profile	Subquery_From_Join_IndentOnKeyword.Size	0	subquery.join.onKeywordIndent.offset	{"enabled":true,"offset":0,"onNewLineOnly":true,"style":"relativeSpaces","transparent":false}	typed_value_with_native_boundary_semantics
AV_Profile	Subquery_From_Join_IndentOnKeyword.OnNewLineOnly	true	subquery.join.onKeywordIndent.onNewLineOnly	{"enabled":true,"offset":0,"onNewLineOnly":true,"style":"relativeSpaces","transparent":false}	typed_value_with_native_boundary_semantics
AV_Profile	Subquery_From_Join_IndentOnCondition.Indent	false	subquery.join.onConditionIndent.enabled	{"enabled":false,"offset":0,"onNewLineOnly":true,"style":"relativeSpaces","transparent":false}	typed_value_with_native_boundary_semantics
AV_Profile	Subquery_From_Join_IndentOnCondition.Size	0	subquery.join.onConditionIndent.offset	{"enabled":false,"offset":0,"onNewLineOnly":true,"style":"relativeSpaces","transparent":false}	typed_value_with_native_boundary_semantics
AV_Profile	Subquery_From_Join_IndentOnCondition.OnNewLineOnly	true	subquery.join.onConditionIndent.onNewLineOnly	{"enabled":false,"offset":0,"onNewLineOnly":true,"style":"relativeSpaces","transparent":false}	typed_value_with_native_boundary_semantics
AV_Profile	Subquery_From_Join_IndentWrapConditionNestedOperations.Indent	false	subquery.join.nestedConditionIndent.enabled	{"enabled":false,"offset":0,"onNewLineOnly":true,"style":"relativeSpaces","transparent":false}	typed_value_with_native_boundary_semantics
AV_Profile	Subquery_From_Join_IndentWrapConditionNestedOperations.Size	0	subquery.join.nestedConditionIndent.offset	{"enabled":false,"offset":0,"onNewLineOnly":true,"style":"relativeSpaces","transparent":false}	typed_value_with_native_boundary_semantics
AV_Profile	Subquery_From_Join_IndentWrapConditionNestedOperations.OnNewLineOnly	true	subquery.join.nestedConditionIndent.onNewLineOnly	{"enabled":false,"offset":0,"onNewLineOnly":true,"style":"relativeSpaces","transparent":false}	typed_value_with_native_boundary_semantics
AV_Profile	Subquery_From_Join_WrapConditionMode	1	subquery.join.wrapCondition	"both"	native_policy_numeric_mode_not_certified
AV_Profile	Subquery_From_Join_WrapBeforeOperatorMode	1	subquery.join.wrapBeforeOperator	"inherit"	native_policy_numeric_mode_not_certified
AV_Profile	Subquery_From_Join_WrapAfterOperatorMode	1	subquery.join.wrapAfterOperator	"never"	native_policy_numeric_mode_not_certified
AV_Profile	Subquery_Where_LineBreakBeforeWhere	true	subquery.where.breakBefore	"always"	typed_value_with_native_boundary_semantics
AV_Profile	Subquery_Where_LineBreakAfterWhere	false	subquery.where.breakAfter	"never"	typed_value_with_native_boundary_semantics
AV_Profile	Subquery_Where_IndentWhereKeyword.Indent	false	subquery.where.keywordIndent.enabled	{"enabled":false,"offset":0,"onNewLineOnly":true,"style":"relativeSpaces","transparent":false}	typed_value_with_native_boundary_semantics
AV_Profile	Subquery_Where_IndentWhereKeyword.Size	0	subquery.where.keywordIndent.offset	{"enabled":false,"offset":0,"onNewLineOnly":true,"style":"relativeSpaces","transparent":false}	typed_value_with_native_boundary_semantics
AV_Profile	Subquery_Where_IndentWhereKeyword.OnNewLineOnly	true	subquery.where.keywordIndent.onNewLineOnly	{"enabled":false,"offset":0,"onNewLineOnly":true,"style":"relativeSpaces","transparent":false}	typed_value_with_native_boundary_semantics
AV_Profile	Subquery_Where_IndentWhereCondition.Indent	false	subquery.where.conditionIndent.enabled	{"enabled":false,"offset":0,"onNewLineOnly":true,"style":"relativeSpaces","transparent":false}	typed_value_with_native_boundary_semantics
AV_Profile	Subquery_Where_IndentWhereCondition.Size	0	subquery.where.conditionIndent.offset	{"enabled":false,"offset":0,"onNewLineOnly":true,"style":"relativeSpaces","transparent":false}	typed_value_with_native_boundary_semantics
AV_Profile	Subquery_Where_IndentWhereCondition.OnNewLineOnly	true	subquery.where.conditionIndent.onNewLineOnly	{"enabled":false,"offset":0,"onNewLineOnly":true,"style":"relativeSpaces","transparent":false}	typed_value_with_native_boundary_semantics
AV_Profile	Subquery_Where_IndentWrapConditionNestedOperations.Indent	false	subquery.where.nestedConditionIndent.enabled	{"enabled":false,"offset":0,"onNewLineOnly":true,"style":"relativeSpaces","transparent":false}	typed_value_with_native_boundary_semantics
AV_Profile	Subquery_Where_IndentWrapConditionNestedOperations.Size	0	subquery.where.nestedConditionIndent.offset	{"enabled":false,"offset":0,"onNewLineOnly":true,"style":"relativeSpaces","transparent":false}	typed_value_with_native_boundary_semantics
AV_Profile	Subquery_Where_IndentWrapConditionNestedOperations.OnNewLineOnly	true	subquery.where.nestedConditionIndent.onNewLineOnly	{"enabled":false,"offset":0,"onNewLineOnly":true,"style":"relativeSpaces","transparent":false}	typed_value_with_native_boundary_semantics
AV_Profile	Subquery_Where_WrapConditionMode	1	subquery.where.wrapCondition	"both"	native_policy_numeric_mode_not_certified
AV_Profile	Subquery_Where_WrapBeforeOperatorMode	1	subquery.where.wrapBeforeOperator	"inherit"	native_policy_numeric_mode_not_certified
AV_Profile	Subquery_Where_WrapAfterOperatorMode	1	subquery.where.wrapAfterOperator	"never"	native_policy_numeric_mode_not_certified
AV_Profile	Subquery_GroupBy_LineBreakBeforeGroup	true	subquery.groupBy.breakBefore	"always"	typed_value_with_native_boundary_semantics
AV_Profile	Subquery_GroupBy_LineBreakBeforeGroupByExpression	false	subquery.groupBy.breakAfter	"never"	typed_value_with_native_boundary_semantics
AV_Profile	Subquery_GroupBy_IndentGroupByPhrase.Indent	false	subquery.groupBy.keywordIndent.enabled	{"enabled":false,"offset":0,"onNewLineOnly":true,"style":"relativeSpaces","transparent":false}	typed_value_with_native_boundary_semantics
AV_Profile	Subquery_GroupBy_IndentGroupByPhrase.Size	0	subquery.groupBy.keywordIndent.offset	{"enabled":false,"offset":0,"onNewLineOnly":true,"style":"relativeSpaces","transparent":false}	typed_value_with_native_boundary_semantics
AV_Profile	Subquery_GroupBy_IndentGroupByPhrase.OnNewLineOnly	true	subquery.groupBy.keywordIndent.onNewLineOnly	{"enabled":false,"offset":0,"onNewLineOnly":true,"style":"relativeSpaces","transparent":false}	typed_value_with_native_boundary_semantics
AV_Profile	Subquery_GroupBy_IndentColumnList.Indent	false	subquery.groupBy.listIndent.enabled	{"enabled":false,"offset":0,"onNewLineOnly":true,"style":"relativeSpaces","transparent":false}	typed_value_with_native_boundary_semantics
AV_Profile	Subquery_GroupBy_IndentColumnList.Size	0	subquery.groupBy.listIndent.offset	{"enabled":false,"offset":0,"onNewLineOnly":true,"style":"relativeSpaces","transparent":false}	typed_value_with_native_boundary_semantics
AV_Profile	Subquery_GroupBy_IndentColumnList.OnNewLineOnly	true	subquery.groupBy.listIndent.onNewLineOnly	{"enabled":false,"offset":0,"onNewLineOnly":true,"style":"relativeSpaces","transparent":false}	typed_value_with_native_boundary_semantics
AV_Profile	Subquery_GroupBy_StackColumnsList	true	subquery.groupBy.stackList	"on"	typed_value_with_native_boundary_semantics
AV_Profile	Subquery_GroupBy_StackColumnsListMode	1	subquery.groupBy.stackMode	"onePerLine"	native_policy_numeric_mode_not_certified
AV_Profile	Subquery_Having_LineBreakBeforeHaving	true	subquery.having.breakBefore	"always"	typed_value_with_native_boundary_semantics
AV_Profile	Subquery_Having_LineBreakAfterHaving	false	subquery.having.breakAfter	"never"	typed_value_with_native_boundary_semantics
AV_Profile	Subquery_Having_IndentHavingKeyword.Indent	false	subquery.having.keywordIndent.enabled	{"enabled":false,"offset":0,"onNewLineOnly":true,"style":"relativeSpaces","transparent":false}	typed_value_with_native_boundary_semantics
AV_Profile	Subquery_Having_IndentHavingKeyword.Size	0	subquery.having.keywordIndent.offset	{"enabled":false,"offset":0,"onNewLineOnly":true,"style":"relativeSpaces","transparent":false}	typed_value_with_native_boundary_semantics
AV_Profile	Subquery_Having_IndentHavingKeyword.OnNewLineOnly	true	subquery.having.keywordIndent.onNewLineOnly	{"enabled":false,"offset":0,"onNewLineOnly":true,"style":"relativeSpaces","transparent":false}	typed_value_with_native_boundary_semantics
AV_Profile	Subquery_Having_IndentHavingCondition.Indent	false	subquery.having.conditionIndent.enabled	{"enabled":false,"offset":0,"onNewLineOnly":true,"style":"relativeSpaces","transparent":false}	typed_value_with_native_boundary_semantics
AV_Profile	Subquery_Having_IndentHavingCondition.Size	0	subquery.having.conditionIndent.offset	{"enabled":false,"offset":0,"onNewLineOnly":true,"style":"relativeSpaces","transparent":false}	typed_value_with_native_boundary_semantics
AV_Profile	Subquery_Having_IndentHavingCondition.OnNewLineOnly	true	subquery.having.conditionIndent.onNewLineOnly	{"enabled":false,"offset":0,"onNewLineOnly":true,"style":"relativeSpaces","transparent":false}	typed_value_with_native_boundary_semantics
AV_Profile	Subquery_Having_IndentWrapConditionNestedOperations.Indent	false	subquery.having.nestedConditionIndent.enabled	{"enabled":false,"offset":0,"onNewLineOnly":true,"style":"relativeSpaces","transparent":false}	typed_value_with_native_boundary_semantics
AV_Profile	Subquery_Having_IndentWrapConditionNestedOperations.Size	0	subquery.having.nestedConditionIndent.offset	{"enabled":false,"offset":0,"onNewLineOnly":true,"style":"relativeSpaces","transparent":false}	typed_value_with_native_boundary_semantics
AV_Profile	Subquery_Having_IndentWrapConditionNestedOperations.OnNewLineOnly	true	subquery.having.nestedConditionIndent.onNewLineOnly	{"enabled":false,"offset":0,"onNewLineOnly":true,"style":"relativeSpaces","transparent":false}	typed_value_with_native_boundary_semantics
AV_Profile	Subquery_Having_WrapConditionMode	1	subquery.having.wrapCondition	"both"	native_policy_numeric_mode_not_certified
AV_Profile	Subquery_Having_WrapBeforeOperatorMode	1	subquery.having.wrapBeforeOperator	"inherit"	native_policy_numeric_mode_not_certified
AV_Profile	Subquery_Having_WrapAfterOperatorMode	1	subquery.having.wrapAfterOperator	"never"	native_policy_numeric_mode_not_certified
AV_Profile	Subquery_OrderBy_LineBreakBeforeOrder	true	subquery.orderBy.breakBefore	"always"	typed_value_with_native_boundary_semantics
AV_Profile	Subquery_OrderBy_LineBreakAfterBy	false	subquery.orderBy.breakAfter	"never"	typed_value_with_native_boundary_semantics
AV_Profile	Subquery_OrderBy_IndentOrderByPhrase.Indent	false	subquery.orderBy.keywordIndent.enabled	{"enabled":false,"offset":0,"onNewLineOnly":true,"style":"relativeSpaces","transparent":false}	typed_value_with_native_boundary_semantics
AV_Profile	Subquery_OrderBy_IndentOrderByPhrase.Size	0	subquery.orderBy.keywordIndent.offset	{"enabled":false,"offset":0,"onNewLineOnly":true,"style":"relativeSpaces","transparent":false}	typed_value_with_native_boundary_semantics
AV_Profile	Subquery_OrderBy_IndentOrderByPhrase.OnNewLineOnly	true	subquery.orderBy.keywordIndent.onNewLineOnly	{"enabled":false,"offset":0,"onNewLineOnly":true,"style":"relativeSpaces","transparent":false}	typed_value_with_native_boundary_semantics
AV_Profile	Subquery_OrderBy_IndentColumnList.Indent	false	subquery.orderBy.listIndent.enabled	{"enabled":false,"offset":0,"onNewLineOnly":true,"style":"relativeSpaces","transparent":false}	typed_value_with_native_boundary_semantics
AV_Profile	Subquery_OrderBy_IndentColumnList.Size	0	subquery.orderBy.listIndent.offset	{"enabled":false,"offset":0,"onNewLineOnly":true,"style":"relativeSpaces","transparent":false}	typed_value_with_native_boundary_semantics
AV_Profile	Subquery_OrderBy_IndentColumnList.OnNewLineOnly	true	subquery.orderBy.listIndent.onNewLineOnly	{"enabled":false,"offset":0,"onNewLineOnly":true,"style":"relativeSpaces","transparent":false}	typed_value_with_native_boundary_semantics
AV_Profile	Subquery_OrderBy_StackColumnsList	false	subquery.orderBy.stackList	"off"	typed_value_with_native_boundary_semantics
AV_Profile	Subquery_OrderBy_StackColumnsListMode	1	subquery.orderBy.stackMode	"onePerLine"	native_policy_numeric_mode_not_certified
AV_Profile	Subquery_ForClause_LineBreakBeforeFor	true	subquery.for.breakBefore	"always"	typed_value_with_native_boundary_semantics
AV_Profile	Subquery_ForClause_LineBreakAfterForXml	false	subquery.for.breakAfterXml	"never"	typed_value_with_native_boundary_semantics
AV_Profile	Subquery_ForClause_IndentForKeyword.Indent	false	subquery.for.keywordIndent.enabled	{"enabled":false,"offset":0,"onNewLineOnly":true,"style":"relativeSpaces","transparent":false}	typed_value_with_native_boundary_semantics
AV_Profile	Subquery_ForClause_IndentForKeyword.Size	0	subquery.for.keywordIndent.offset	{"enabled":false,"offset":0,"onNewLineOnly":true,"style":"relativeSpaces","transparent":false}	typed_value_with_native_boundary_semantics
AV_Profile	Subquery_ForClause_IndentForKeyword.OnNewLineOnly	true	subquery.for.keywordIndent.onNewLineOnly	{"enabled":false,"offset":0,"onNewLineOnly":true,"style":"relativeSpaces","transparent":false}	typed_value_with_native_boundary_semantics
AV_Profile	Subquery_ForClause_IndentForXmlSpecification.Indent	false	subquery.for.specIndent.enabled	{"enabled":false,"offset":0,"onNewLineOnly":true,"style":"relativeSpaces","transparent":false}	typed_value_with_native_boundary_semantics
AV_Profile	Subquery_ForClause_IndentForXmlSpecification.Size	0	subquery.for.specIndent.offset	{"enabled":false,"offset":0,"onNewLineOnly":true,"style":"relativeSpaces","transparent":false}	typed_value_with_native_boundary_semantics
AV_Profile	Subquery_ForClause_IndentForXmlSpecification.OnNewLineOnly	true	subquery.for.specIndent.onNewLineOnly	{"enabled":false,"offset":0,"onNewLineOnly":true,"style":"relativeSpaces","transparent":false}	typed_value_with_native_boundary_semantics
AV_Profile	Subquery_Cte_LineBreakAfterWith	false	subquery.cte.breakAfterWith	"never"	typed_value_with_native_boundary_semantics
AV_Profile	Subquery_Cte_IndentCommonTableExpression.Indent	false	subquery.cte.expressionIndent.enabled	{"enabled":false,"offset":0,"onNewLineOnly":true,"style":"relativeSpaces","transparent":false}	typed_value_with_native_boundary_semantics
AV_Profile	Subquery_Cte_IndentCommonTableExpression.Size	0	subquery.cte.expressionIndent.offset	{"enabled":false,"offset":0,"onNewLineOnly":true,"style":"relativeSpaces","transparent":false}	typed_value_with_native_boundary_semantics
AV_Profile	Subquery_Cte_IndentCommonTableExpression.OnNewLineOnly	true	subquery.cte.expressionIndent.onNewLineOnly	{"enabled":false,"offset":0,"onNewLineOnly":true,"style":"relativeSpaces","transparent":false}	typed_value_with_native_boundary_semantics
AV_Profile	Subquery_Cte_LineBreakBeforeAs	false	subquery.cte.breakBeforeAs	"never"	typed_value_with_native_boundary_semantics
AV_Profile	Subquery_Cte_LineBreakAfterAs	false	subquery.cte.breakAfterAs	"never"	typed_value_with_native_boundary_semantics
AV_Profile	Subquery_Cte_IndentSubqueryBraces.Indent	false	subquery.cte.subqueryBraceIndent.enabled	{"enabled":false,"offset":0,"onNewLineOnly":true,"style":"relativeSpaces","transparent":false}	typed_value_with_native_boundary_semantics
AV_Profile	Subquery_Cte_IndentSubqueryBraces.Size	0	subquery.cte.subqueryBraceIndent.offset	{"enabled":false,"offset":0,"onNewLineOnly":true,"style":"relativeSpaces","transparent":false}	typed_value_with_native_boundary_semantics
AV_Profile	Subquery_Cte_IndentSubqueryBraces.OnNewLineOnly	true	subquery.cte.subqueryBraceIndent.onNewLineOnly	{"enabled":false,"offset":0,"onNewLineOnly":true,"style":"relativeSpaces","transparent":false}	typed_value_with_native_boundary_semantics
AV_Profile	Subquery_Cte_ColumnList_LineBreakBeforeColumnListOpenBrace	false	subquery.cte.breakBeforeColumnOpen	"never"	typed_value_with_native_boundary_semantics
AV_Profile	Subquery_Cte_ColumnList_LineBreakAfterColumnListOpenBrace	false	subquery.cte.breakAfterColumnOpen	"never"	typed_value_with_native_boundary_semantics
AV_Profile	Subquery_Cte_ColumnList_LineBreakBeforeColumnListClosingBrace	false	subquery.cte.breakBeforeColumnClose	"never"	typed_value_with_native_boundary_semantics
AV_Profile	Subquery_Cte_ColumnList_IndentColumnListBraces.Indent	false	subquery.cte.columnBraceIndent.enabled	{"enabled":false,"offset":0,"onNewLineOnly":true,"style":"relativeSpaces","transparent":false}	typed_value_with_native_boundary_semantics
AV_Profile	Subquery_Cte_ColumnList_IndentColumnListBraces.Size	0	subquery.cte.columnBraceIndent.offset	{"enabled":false,"offset":0,"onNewLineOnly":true,"style":"relativeSpaces","transparent":false}	typed_value_with_native_boundary_semantics
AV_Profile	Subquery_Cte_ColumnList_IndentColumnListBraces.OnNewLineOnly	true	subquery.cte.columnBraceIndent.onNewLineOnly	{"enabled":false,"offset":0,"onNewLineOnly":true,"style":"relativeSpaces","transparent":false}	typed_value_with_native_boundary_semantics
AV_Profile	Subquery_Cte_ColumnList_IndentColumnList.Indent	false	subquery.cte.columnListIndent.enabled	{"enabled":false,"offset":0,"onNewLineOnly":true,"style":"relativeSpaces","transparent":false}	typed_value_with_native_boundary_semantics
AV_Profile	Subquery_Cte_ColumnList_IndentColumnList.Size	0	subquery.cte.columnListIndent.offset	{"enabled":false,"offset":0,"onNewLineOnly":true,"style":"relativeSpaces","transparent":false}	typed_value_with_native_boundary_semantics
AV_Profile	Subquery_Cte_ColumnList_IndentColumnList.OnNewLineOnly	true	subquery.cte.columnListIndent.onNewLineOnly	{"enabled":false,"offset":0,"onNewLineOnly":true,"style":"relativeSpaces","transparent":false}	typed_value_with_native_boundary_semantics
AV_Profile	Subquery_Cte_ColumnList_StackColumnList	false	subquery.cte.stackColumns	"off"	typed_value_with_native_boundary_semantics
AV_Profile	Subquery_Cte_ColumnList_StackColumnListMode	8	subquery.cte.stackMode	"auto"	native_policy_numeric_mode_not_certified
AV_Profile	Insert_Into_LineBreakBeforeInto	false	insert.into.breakBefore	"never"	typed_value_with_native_boundary_semantics
AV_Profile	Insert_Into_LineBreakBeforeTable	false	insert.into.breakBeforeTable	"never"	typed_value_with_native_boundary_semantics
AV_Profile	Insert_Into_IndentIntoKeyword.Indent	false	insert.into.keywordIndent	{"enabled":false,"offset":0,"onNewLineOnly":true,"style":"relativeSpaces","transparent":false}	typed_value_with_native_boundary_semantics
AV_Profile	Insert_Into_IndentIntoKeyword.Size	0	insert.into.keywordIndent	{"enabled":false,"offset":0,"onNewLineOnly":true,"style":"relativeSpaces","transparent":false}	typed_value_with_native_boundary_semantics
AV_Profile	Insert_Into_IndentIntoKeyword.OnNewLineOnly	true	insert.into.keywordIndent	{"enabled":false,"offset":0,"onNewLineOnly":true,"style":"relativeSpaces","transparent":false}	typed_value_with_native_boundary_semantics
AV_Profile	Insert_Into_IndentTable.Indent	false	insert.into.tableIndent	{"enabled":false,"offset":0,"onNewLineOnly":true,"style":"relativeSpaces","transparent":false}	typed_value_with_native_boundary_semantics
AV_Profile	Insert_Into_IndentTable.Size	0	insert.into.tableIndent	{"enabled":false,"offset":0,"onNewLineOnly":true,"style":"relativeSpaces","transparent":false}	typed_value_with_native_boundary_semantics
AV_Profile	Insert_Into_IndentTable.OnNewLineOnly	true	insert.into.tableIndent	{"enabled":false,"offset":0,"onNewLineOnly":true,"style":"relativeSpaces","transparent":false}	typed_value_with_native_boundary_semantics
AV_Profile	Insert_ColumnList_LineBreakBeforeOpenBrace	false	insert.columns.breakBeforeOpen	"never"	typed_value_with_native_boundary_semantics
AV_Profile	Insert_ColumnList_LineBreakAfterOpenBrace	false	insert.columns.breakAfterOpen	"never"	typed_value_with_native_boundary_semantics
AV_Profile	Insert_ColumnList_LineBreakBeforeClosingBrace	false	insert.columns.breakBeforeClose	"never"	typed_value_with_native_boundary_semantics
AV_Profile	Insert_ColumnList_IndentColumnListBraces.Indent	false	insert.columns.braceIndent	{"enabled":false,"offset":0,"onNewLineOnly":true,"style":"relativeSpaces","transparent":false}	typed_value_with_native_boundary_semantics
AV_Profile	Insert_ColumnList_IndentColumnListBraces.Size	0	insert.columns.braceIndent	{"enabled":false,"offset":0,"onNewLineOnly":true,"style":"relativeSpaces","transparent":false}	typed_value_with_native_boundary_semantics
AV_Profile	Insert_ColumnList_IndentColumnListBraces.OnNewLineOnly	true	insert.columns.braceIndent	{"enabled":false,"offset":0,"onNewLineOnly":true,"style":"relativeSpaces","transparent":false}	typed_value_with_native_boundary_semantics
AV_Profile	Insert_ColumnList_IndentColumnList.Indent	false	insert.columns.listIndent	{"enabled":false,"offset":0,"onNewLineOnly":true,"style":"relativeSpaces","transparent":false}	typed_value_with_native_boundary_semantics
AV_Profile	Insert_ColumnList_IndentColumnList.Size	0	insert.columns.listIndent	{"enabled":false,"offset":0,"onNewLineOnly":true,"style":"relativeSpaces","transparent":false}	typed_value_with_native_boundary_semantics
AV_Profile	Insert_ColumnList_IndentColumnList.OnNewLineOnly	true	insert.columns.listIndent	{"enabled":false,"offset":0,"onNewLineOnly":true,"style":"relativeSpaces","transparent":false}	typed_value_with_native_boundary_semantics
AV_Profile	Insert_ColumnList_InsertSpaceBeforeColumnsList	true	insert.columns.spaceBeforeOpen	"insert"	typed_value_with_native_boundary_semantics
AV_Profile	Insert_ColumnList_InsertSpacesWithinColumnsListBraces	false	insert.columns.spaceWithin	"remove"	typed_value_with_native_boundary_semantics
AV_Profile	Insert_ColumnList_StackColumnsList	false	insert.columns.stackList	"off"	typed_value_with_native_boundary_semantics
AV_Profile	Insert_ColumnList_StackColumnsListMode	1	insert.columns.stackMode	"onePerLine"	native_policy_numeric_mode_not_certified
AV_Profile	Insert_Values_LineBreakBeforeValues	true	insert.values.breakBeforeKeyword	"always"	typed_value_with_native_boundary_semantics
AV_Profile	Insert_Values_LineBreakAfterValues	false	insert.values.breakAfterKeyword	"never"	typed_value_with_native_boundary_semantics
AV_Profile	Insert_Values_LineBreakAfterOpenBrace	false	insert.values.breakAfterOpen	"never"	typed_value_with_native_boundary_semantics
AV_Profile	Insert_Values_LineBreakBeforeClosingBrace	false	insert.values.breakBeforeClose	"never"	typed_value_with_native_boundary_semantics
AV_Profile	Insert_Values_IndentValuesKeyword.Indent	true	insert.values.keywordIndent	{"enabled":true,"offset":0,"onNewLineOnly":true,"style":"relativeSpaces","transparent":false}	typed_value_with_native_boundary_semantics
AV_Profile	Insert_Values_IndentValuesKeyword.Size	0	insert.values.keywordIndent	{"enabled":true,"offset":0,"onNewLineOnly":true,"style":"relativeSpaces","transparent":false}	typed_value_with_native_boundary_semantics
AV_Profile	Insert_Values_IndentValuesKeyword.OnNewLineOnly	true	insert.values.keywordIndent	{"enabled":true,"offset":0,"onNewLineOnly":true,"style":"relativeSpaces","transparent":false}	typed_value_with_native_boundary_semantics
AV_Profile	Insert_Values_IndentValuesExpressionsListBraces.Indent	false	insert.values.braceIndent	{"enabled":false,"offset":0,"onNewLineOnly":true,"style":"relativeSpaces","transparent":false}	typed_value_with_native_boundary_semantics
AV_Profile	Insert_Values_IndentValuesExpressionsListBraces.Size	0	insert.values.braceIndent	{"enabled":false,"offset":0,"onNewLineOnly":true,"style":"relativeSpaces","transparent":false}	typed_value_with_native_boundary_semantics
AV_Profile	Insert_Values_IndentValuesExpressionsListBraces.OnNewLineOnly	true	insert.values.braceIndent	{"enabled":false,"offset":0,"onNewLineOnly":true,"style":"relativeSpaces","transparent":false}	typed_value_with_native_boundary_semantics
AV_Profile	Insert_Values_IndentValuesExpressionsList.Indent	false	insert.values.listIndent	{"enabled":false,"offset":0,"onNewLineOnly":true,"style":"relativeSpaces","transparent":false}	typed_value_with_native_boundary_semantics
AV_Profile	Insert_Values_IndentValuesExpressionsList.Size	0	insert.values.listIndent	{"enabled":false,"offset":0,"onNewLineOnly":true,"style":"relativeSpaces","transparent":false}	typed_value_with_native_boundary_semantics
AV_Profile	Insert_Values_IndentValuesExpressionsList.OnNewLineOnly	true	insert.values.listIndent	{"enabled":false,"offset":0,"onNewLineOnly":true,"style":"relativeSpaces","transparent":false}	typed_value_with_native_boundary_semantics
AV_Profile	Insert_Values_InsertSpaceAfterValuesKeyword	true	insert.values.spaceAfterKeyword	"insert"	typed_value_with_native_boundary_semantics
AV_Profile	Insert_Values_InsertSpacesWithinValuesExpressionsListBraces	false	insert.values.spaceWithin	"remove"	typed_value_with_native_boundary_semantics
AV_Profile	Insert_Values_StackValuesExpressionsList	true	insert.values.stackList	"on"	typed_value_with_native_boundary_semantics
AV_Profile	Insert_Values_StackValuesExpressionsRowsList	false	insert.values.stackRows	"off"	typed_value_with_native_boundary_semantics
AV_Profile	Insert_Values_StackValuesExpressionsListMode	1	insert.values.stackMode	"onePerLine"	native_policy_numeric_mode_not_certified
AV_Profile	Insert_Values_StackValuesExpressionsRowsListMode	1	insert.values.stackRowsMode	"onePerLine"	native_policy_numeric_mode_not_certified
AV_Profile	Insert_Subquery_SingleLine_AnySubquery	false	insert.source.singleLine.any	false	typed_value_with_native_boundary_semantics
AV_Profile	Insert_Subquery_SingleLine_WhenRightMarginIsNotExceeded	false	insert.source.singleLine.whenFitsMargin	false	typed_value_with_native_boundary_semantics
AV_Profile	Insert_Subquery_SingleLine_WhenSubqueryIsShorterThanXCharacters.Checked	false	insert.source.singleLine.maxCharacters	{"enabled":false,"value":50}	typed_value_with_native_boundary_semantics
AV_Profile	Insert_Subquery_SingleLine_WhenSubqueryIsShorterThanXCharacters.Value	50	insert.source.singleLine.maxCharacters	{"enabled":false,"value":50}	typed_value_with_native_boundary_semantics
AV_Profile	Insert_Subquery_SingleLine_WhenSubqueryContainsLessThanXWords.Checked	false	insert.source.singleLine.maxWords	{"enabled":false,"value":10}	typed_value_with_native_boundary_semantics
AV_Profile	Insert_Subquery_SingleLine_WhenSubqueryContainsLessThanXWords.Value	10	insert.source.singleLine.maxWords	{"enabled":false,"value":10}	typed_value_with_native_boundary_semantics
AV_Profile	Insert_Subquery_LineBreakBeforeSubquery	true	insert.source.breakBefore	"always"	typed_value_with_native_boundary_semantics
AV_Profile	Insert_Subquery_IndentSubquery.Indent	true	insert.source.indent	{"enabled":true,"offset":0,"onNewLineOnly":true,"style":"relativeSpaces","transparent":false}	typed_value_with_native_boundary_semantics
AV_Profile	Insert_Subquery_IndentSubquery.Size	0	insert.source.indent	{"enabled":true,"offset":0,"onNewLineOnly":true,"style":"relativeSpaces","transparent":false}	typed_value_with_native_boundary_semantics
AV_Profile	Insert_Subquery_IndentSubquery.OnNewLineOnly	true	insert.source.indent	{"enabled":true,"offset":0,"onNewLineOnly":true,"style":"relativeSpaces","transparent":false}	typed_value_with_native_boundary_semantics
AV_Profile	Insert_OutputClause_LineBreakBeforeOutput	true	insert.output.breakBefore	"always"	typed_value_with_native_boundary_semantics
AV_Profile	Insert_OutputClause_LineBreakAfterOutput	false	insert.output.breakAfter	"never"	typed_value_with_native_boundary_semantics
AV_Profile	Insert_OutputClause_IndentOutputKeyword.Indent	false	insert.output.keywordIndent	{"enabled":false,"offset":0,"onNewLineOnly":true,"style":"relativeSpaces","transparent":false}	typed_value_with_native_boundary_semantics
AV_Profile	Insert_OutputClause_IndentOutputKeyword.Size	0	insert.output.keywordIndent	{"enabled":false,"offset":0,"onNewLineOnly":true,"style":"relativeSpaces","transparent":false}	typed_value_with_native_boundary_semantics
AV_Profile	Insert_OutputClause_IndentOutputKeyword.OnNewLineOnly	true	insert.output.keywordIndent	{"enabled":false,"offset":0,"onNewLineOnly":true,"style":"relativeSpaces","transparent":false}	typed_value_with_native_boundary_semantics
AV_Profile	Insert_OutputClause_IndentOutputParameters.Indent	false	insert.output.listIndent	{"enabled":false,"offset":0,"onNewLineOnly":true,"style":"relativeSpaces","transparent":false}	typed_value_with_native_boundary_semantics
AV_Profile	Insert_OutputClause_IndentOutputParameters.Size	0	insert.output.listIndent	{"enabled":false,"offset":0,"onNewLineOnly":true,"style":"relativeSpaces","transparent":false}	typed_value_with_native_boundary_semantics
AV_Profile	Insert_OutputClause_IndentOutputParameters.OnNewLineOnly	true	insert.output.listIndent	{"enabled":false,"offset":0,"onNewLineOnly":true,"style":"relativeSpaces","transparent":false}	typed_value_with_native_boundary_semantics
AV_Profile	Insert_OutputClause_StackDmlColumnsList	false	insert.output.stackList	"off"	typed_value_with_native_boundary_semantics
AV_Profile	Insert_OutputClause_StackDmlColumnsListMode	1	insert.output.stackMode	"onePerLine"	native_policy_numeric_mode_not_certified
AV_Profile	Update_LineBreakBeforeTable	false	update.target.breakBefore	"never"	typed_value_with_native_boundary_semantics
AV_Profile	Update_IndentTable.Indent	false	update.target.indent	{"enabled":false,"offset":0,"onNewLineOnly":true,"style":"relativeSpaces","transparent":false}	typed_value_with_native_boundary_semantics
AV_Profile	Update_IndentTable.Size	0	update.target.indent	{"enabled":false,"offset":0,"onNewLineOnly":true,"style":"relativeSpaces","transparent":false}	typed_value_with_native_boundary_semantics
AV_Profile	Update_IndentTable.OnNewLineOnly	true	update.target.indent	{"enabled":false,"offset":0,"onNewLineOnly":true,"style":"relativeSpaces","transparent":false}	typed_value_with_native_boundary_semantics
AV_Profile	Update_SetClause_LineBreakBeforeSet	true	update.set.breakBefore	"always"	typed_value_with_native_boundary_semantics
AV_Profile	Update_SetClause_LineBreakAfterSet	false	update.set.breakAfter	"never"	typed_value_with_native_boundary_semantics
AV_Profile	Update_SetClause_IndentSetKeyword.Indent	false	update.set.keywordIndent	{"enabled":false,"offset":0,"onNewLineOnly":true,"style":"relativeSpaces","transparent":false}	typed_value_with_native_boundary_semantics
AV_Profile	Update_SetClause_IndentSetKeyword.Size	0	update.set.keywordIndent	{"enabled":false,"offset":0,"onNewLineOnly":true,"style":"relativeSpaces","transparent":false}	typed_value_with_native_boundary_semantics
AV_Profile	Update_SetClause_IndentSetKeyword.OnNewLineOnly	true	update.set.keywordIndent	{"enabled":false,"offset":0,"onNewLineOnly":true,"style":"relativeSpaces","transparent":false}	typed_value_with_native_boundary_semantics
AV_Profile	Update_SetClause_IndentColumnAssignmentsList.Indent	false	update.set.listIndent	{"enabled":false,"offset":0,"onNewLineOnly":true,"style":"relativeSpaces","transparent":false}	typed_value_with_native_boundary_semantics
AV_Profile	Update_SetClause_IndentColumnAssignmentsList.Size	0	update.set.listIndent	{"enabled":false,"offset":0,"onNewLineOnly":true,"style":"relativeSpaces","transparent":false}	typed_value_with_native_boundary_semantics
AV_Profile	Update_SetClause_IndentColumnAssignmentsList.OnNewLineOnly	true	update.set.listIndent	{"enabled":false,"offset":0,"onNewLineOnly":true,"style":"relativeSpaces","transparent":false}	typed_value_with_native_boundary_semantics
AV_Profile	Update_SetClause_StackColumnAssignmentsList	true	update.set.stackList	"on"	typed_value_with_native_boundary_semantics
AV_Profile	Update_SetClause_StackColumnAssignmentsListMode	1	update.set.stackMode	"onePerLine"	native_policy_numeric_mode_not_certified
AV_Profile	Update_From_UseSameFormattingAsInSelect	false	update.from.useSelectFormatting	false	typed_value_with_native_boundary_semantics
AV_Profile	Update_From_LineBreakBeforeFrom	true	update.from.breakBefore	"always"	typed_value_with_native_boundary_semantics
AV_Profile	Update_From_LineBreakAfterFrom	false	update.from.breakAfter	"never"	typed_value_with_native_boundary_semantics
AV_Profile	Update_From_IndentFromKeyword.Indent	false	update.from.keywordIndent	{"enabled":false,"offset":0,"onNewLineOnly":true,"style":"relativeSpaces","transparent":false}	typed_value_with_native_boundary_semantics
AV_Profile	Update_From_IndentFromKeyword.Size	0	update.from.keywordIndent	{"enabled":false,"offset":0,"onNewLineOnly":true,"style":"relativeSpaces","transparent":false}	typed_value_with_native_boundary_semantics
AV_Profile	Update_From_IndentFromKeyword.OnNewLineOnly	true	update.from.keywordIndent	{"enabled":false,"offset":0,"onNewLineOnly":true,"style":"relativeSpaces","transparent":false}	typed_value_with_native_boundary_semantics
AV_Profile	Update_From_IndentFromList.Indent	false	update.from.listIndent	{"enabled":false,"offset":0,"onNewLineOnly":true,"style":"relativeSpaces","transparent":false}	typed_value_with_native_boundary_semantics
AV_Profile	Update_From_IndentFromList.Size	0	update.from.listIndent	{"enabled":false,"offset":0,"onNewLineOnly":true,"style":"relativeSpaces","transparent":false}	typed_value_with_native_boundary_semantics
AV_Profile	Update_From_IndentFromList.OnNewLineOnly	true	update.from.listIndent	{"enabled":false,"offset":0,"onNewLineOnly":true,"style":"relativeSpaces","transparent":false}	typed_value_with_native_boundary_semantics
AV_Profile	Update_From_StackFromList	false	update.from.stackList	"off"	typed_value_with_native_boundary_semantics
AV_Profile	Update_From_StackFromListMode	1	update.from.stackMode	"onePerLine"	native_policy_numeric_mode_not_certified
AV_Profile	Update_From_Join_LineBreakBeforeJoin	true	update.join.breakBefore	"always"	typed_value_with_native_boundary_semantics
AV_Profile	Update_From_Join_LineBreakAfterJoin	false	update.join.breakAfter	"never"	typed_value_with_native_boundary_semantics
AV_Profile	Update_From_Join_LineBreakBeforeOn	true	update.join.onBreakBefore	"always"	typed_value_with_native_boundary_semantics
AV_Profile	Update_From_Join_LineBreakAfterOn	false	update.join.onBreakAfter	"never"	typed_value_with_native_boundary_semantics
AV_Profile	Update_From_Join_IndentJoinKeyword.Indent	false	update.join.keywordIndent	{"enabled":false,"offset":0,"onNewLineOnly":true,"style":"relativeSpaces","transparent":true}	typed_value_with_native_boundary_semantics
AV_Profile	Update_From_Join_IndentJoinKeyword.Size	0	update.join.keywordIndent	{"enabled":false,"offset":0,"onNewLineOnly":true,"style":"relativeSpaces","transparent":true}	typed_value_with_native_boundary_semantics
AV_Profile	Update_From_Join_IndentJoinKeyword.OnNewLineOnly	true	update.join.keywordIndent	{"enabled":false,"offset":0,"onNewLineOnly":true,"style":"relativeSpaces","transparent":true}	typed_value_with_native_boundary_semantics
AV_Profile	Update_From_Join_IndentJoinKeyword.Transparent	true	update.join.keywordIndent	{"enabled":false,"offset":0,"onNewLineOnly":true,"style":"relativeSpaces","transparent":true}	typed_value_with_native_boundary_semantics
AV_Profile	Update_From_Join_IndentTableAfterJoin.Indent	false	update.join.tableIndent	{"enabled":false,"offset":0,"onNewLineOnly":true,"style":"relativeSpaces","transparent":false}	typed_value_with_native_boundary_semantics
AV_Profile	Update_From_Join_IndentTableAfterJoin.Size	0	update.join.tableIndent	{"enabled":false,"offset":0,"onNewLineOnly":true,"style":"relativeSpaces","transparent":false}	typed_value_with_native_boundary_semantics
AV_Profile	Update_From_Join_IndentTableAfterJoin.OnNewLineOnly	true	update.join.tableIndent	{"enabled":false,"offset":0,"onNewLineOnly":true,"style":"relativeSpaces","transparent":false}	typed_value_with_native_boundary_semantics
AV_Profile	Update_From_Join_IndentOnKeyword.Indent	true	update.join.onKeywordIndent	{"enabled":true,"offset":0,"onNewLineOnly":true,"style":"relativeSpaces","transparent":false}	typed_value_with_native_boundary_semantics
AV_Profile	Update_From_Join_IndentOnKeyword.Size	0	update.join.onKeywordIndent	{"enabled":true,"offset":0,"onNewLineOnly":true,"style":"relativeSpaces","transparent":false}	typed_value_with_native_boundary_semantics
AV_Profile	Update_From_Join_IndentOnKeyword.OnNewLineOnly	true	update.join.onKeywordIndent	{"enabled":true,"offset":0,"onNewLineOnly":true,"style":"relativeSpaces","transparent":false}	typed_value_with_native_boundary_semantics
AV_Profile	Update_From_Join_IndentOnCondition.Indent	false	update.join.onConditionIndent	{"enabled":false,"offset":0,"onNewLineOnly":true,"style":"relativeSpaces","transparent":false}	typed_value_with_native_boundary_semantics
AV_Profile	Update_From_Join_IndentOnCondition.Size	0	update.join.onConditionIndent	{"enabled":false,"offset":0,"onNewLineOnly":true,"style":"relativeSpaces","transparent":false}	typed_value_with_native_boundary_semantics
AV_Profile	Update_From_Join_IndentOnCondition.OnNewLineOnly	true	update.join.onConditionIndent	{"enabled":false,"offset":0,"onNewLineOnly":true,"style":"relativeSpaces","transparent":false}	typed_value_with_native_boundary_semantics
AV_Profile	Update_From_Join_IndentWrapConditionNestedOperations.Indent	false	update.join.nestedConditionIndent	{"enabled":false,"offset":0,"onNewLineOnly":true,"style":"relativeSpaces","transparent":false}	typed_value_with_native_boundary_semantics
AV_Profile	Update_From_Join_IndentWrapConditionNestedOperations.Size	0	update.join.nestedConditionIndent	{"enabled":false,"offset":0,"onNewLineOnly":true,"style":"relativeSpaces","transparent":false}	typed_value_with_native_boundary_semantics
AV_Profile	Update_From_Join_IndentWrapConditionNestedOperations.OnNewLineOnly	true	update.join.nestedConditionIndent	{"enabled":false,"offset":0,"onNewLineOnly":true,"style":"relativeSpaces","transparent":false}	typed_value_with_native_boundary_semantics
AV_Profile	Update_From_Join_WrapConditionMode	1	update.join.wrapCondition	"both"	native_policy_numeric_mode_not_certified
AV_Profile	Update_From_Join_WrapBeforeOperatorMode	1	update.join.wrapBeforeOperator	"inherit"	native_policy_numeric_mode_not_certified
AV_Profile	Update_From_Join_WrapAfterOperatorMode	1	update.join.wrapAfterOperator	"never"	native_policy_numeric_mode_not_certified
AV_Profile	Update_Where_LineBreakBeforeWhere	true	update.where.breakBefore	"always"	typed_value_with_native_boundary_semantics
AV_Profile	Update_Where_LineBreakAfterWhere	false	update.where.breakAfter	"never"	typed_value_with_native_boundary_semantics
AV_Profile	Update_Where_IndentWhereKeyword.Indent	false	update.where.keywordIndent	{"enabled":false,"offset":0,"onNewLineOnly":true,"style":"relativeSpaces","transparent":false}	typed_value_with_native_boundary_semantics
AV_Profile	Update_Where_IndentWhereKeyword.Size	0	update.where.keywordIndent	{"enabled":false,"offset":0,"onNewLineOnly":true,"style":"relativeSpaces","transparent":false}	typed_value_with_native_boundary_semantics
AV_Profile	Update_Where_IndentWhereKeyword.OnNewLineOnly	true	update.where.keywordIndent	{"enabled":false,"offset":0,"onNewLineOnly":true,"style":"relativeSpaces","transparent":false}	typed_value_with_native_boundary_semantics
AV_Profile	Update_Where_IndentWhereCondition.Indent	false	update.where.conditionIndent	{"enabled":false,"offset":0,"onNewLineOnly":true,"style":"relativeSpaces","transparent":false}	typed_value_with_native_boundary_semantics
AV_Profile	Update_Where_IndentWhereCondition.Size	0	update.where.conditionIndent	{"enabled":false,"offset":0,"onNewLineOnly":true,"style":"relativeSpaces","transparent":false}	typed_value_with_native_boundary_semantics
AV_Profile	Update_Where_IndentWhereCondition.OnNewLineOnly	true	update.where.conditionIndent	{"enabled":false,"offset":0,"onNewLineOnly":true,"style":"relativeSpaces","transparent":false}	typed_value_with_native_boundary_semantics
AV_Profile	Update_Where_IndentWrapConditionNestedOperations.Indent	false	update.where.nestedConditionIndent	{"enabled":false,"offset":0,"onNewLineOnly":true,"style":"relativeSpaces","transparent":false}	typed_value_with_native_boundary_semantics
AV_Profile	Update_Where_IndentWrapConditionNestedOperations.Size	0	update.where.nestedConditionIndent	{"enabled":false,"offset":0,"onNewLineOnly":true,"style":"relativeSpaces","transparent":false}	typed_value_with_native_boundary_semantics
AV_Profile	Update_Where_IndentWrapConditionNestedOperations.OnNewLineOnly	true	update.where.nestedConditionIndent	{"enabled":false,"offset":0,"onNewLineOnly":true,"style":"relativeSpaces","transparent":false}	typed_value_with_native_boundary_semantics
AV_Profile	Update_Where_WrapConditionMode	1	update.where.wrapCondition	"both"	native_policy_numeric_mode_not_certified
AV_Profile	Update_Where_WrapBeforeOperatorMode	1	update.where.wrapBeforeOperator	"inherit"	native_policy_numeric_mode_not_certified
AV_Profile	Update_Where_WrapAfterOperatorMode	1	update.where.wrapAfterOperator	"never"	native_policy_numeric_mode_not_certified
AV_Profile	Update_OutputClause_LineBreakBeforeOutput	true	update.output.breakBefore	"always"	typed_value_with_native_boundary_semantics
AV_Profile	Update_OutputClause_LineBreakAfterOutput	false	update.output.breakAfter	"never"	typed_value_with_native_boundary_semantics
AV_Profile	Update_OutputClause_IndentOutputKeyword.Indent	false	update.output.keywordIndent	{"enabled":false,"offset":0,"onNewLineOnly":true,"style":"relativeSpaces","transparent":false}	typed_value_with_native_boundary_semantics
AV_Profile	Update_OutputClause_IndentOutputKeyword.Size	0	update.output.keywordIndent	{"enabled":false,"offset":0,"onNewLineOnly":true,"style":"relativeSpaces","transparent":false}	typed_value_with_native_boundary_semantics
AV_Profile	Update_OutputClause_IndentOutputKeyword.OnNewLineOnly	true	update.output.keywordIndent	{"enabled":false,"offset":0,"onNewLineOnly":true,"style":"relativeSpaces","transparent":false}	typed_value_with_native_boundary_semantics
AV_Profile	Update_OutputClause_IndentOutputParameters.Indent	false	update.output.listIndent	{"enabled":false,"offset":0,"onNewLineOnly":true,"style":"relativeSpaces","transparent":false}	typed_value_with_native_boundary_semantics
AV_Profile	Update_OutputClause_IndentOutputParameters.Size	0	update.output.listIndent	{"enabled":false,"offset":0,"onNewLineOnly":true,"style":"relativeSpaces","transparent":false}	typed_value_with_native_boundary_semantics
AV_Profile	Update_OutputClause_IndentOutputParameters.OnNewLineOnly	true	update.output.listIndent	{"enabled":false,"offset":0,"onNewLineOnly":true,"style":"relativeSpaces","transparent":false}	typed_value_with_native_boundary_semantics
AV_Profile	Update_OutputClause_StackDmlColumnsList	false	update.output.stackList	"off"	typed_value_with_native_boundary_semantics
AV_Profile	Update_OutputClause_StackDmlColumnsMode	1	update.output.stackMode	"onePerLine"	native_policy_numeric_mode_not_certified
AV_Profile	Update_OptionHints_LineBreakBeforeOption	true	update.option.breakBefore	"always"	typed_value_with_native_boundary_semantics
AV_Profile	Update_OptionHints_LineBreakAfterOption	false	update.option.breakAfter	"never"	typed_value_with_native_boundary_semantics
AV_Profile	Update_OptionHints_IndentOptionKeyword.Indent	false	update.option.keywordIndent	{"enabled":false,"offset":0,"onNewLineOnly":true,"style":"relativeSpaces","transparent":false}	typed_value_with_native_boundary_semantics
AV_Profile	Update_OptionHints_IndentOptionKeyword.Size	0	update.option.keywordIndent	{"enabled":false,"offset":0,"onNewLineOnly":true,"style":"relativeSpaces","transparent":false}	typed_value_with_native_boundary_semantics
AV_Profile	Update_OptionHints_IndentOptionKeyword.OnNewLineOnly	true	update.option.keywordIndent	{"enabled":false,"offset":0,"onNewLineOnly":true,"style":"relativeSpaces","transparent":false}	typed_value_with_native_boundary_semantics
AV_Profile	Update_OptionHints_IndentOptionHints.Indent	false	update.option.hintsIndent	{"enabled":false,"offset":0,"onNewLineOnly":true,"style":"relativeSpaces","transparent":false}	typed_value_with_native_boundary_semantics
AV_Profile	Update_OptionHints_IndentOptionHints.Size	0	update.option.hintsIndent	{"enabled":false,"offset":0,"onNewLineOnly":true,"style":"relativeSpaces","transparent":false}	typed_value_with_native_boundary_semantics
AV_Profile	Update_OptionHints_IndentOptionHints.OnNewLineOnly	true	update.option.hintsIndent	{"enabled":false,"offset":0,"onNewLineOnly":true,"style":"relativeSpaces","transparent":false}	typed_value_with_native_boundary_semantics
AV_Profile	Delete_LineBreakBeforeFrom	false	delete.target.breakBeforeFrom	"never"	typed_value_with_native_boundary_semantics
AV_Profile	Delete_IndentFromKeyword.Indent	false	delete.target.fromKeywordIndent	{"enabled":false,"offset":0,"onNewLineOnly":true,"style":"relativeSpaces","transparent":false}	typed_value_with_native_boundary_semantics
AV_Profile	Delete_IndentFromKeyword.Size	0	delete.target.fromKeywordIndent	{"enabled":false,"offset":0,"onNewLineOnly":true,"style":"relativeSpaces","transparent":false}	typed_value_with_native_boundary_semantics
AV_Profile	Delete_IndentFromKeyword.OnNewLineOnly	true	delete.target.fromKeywordIndent	{"enabled":false,"offset":0,"onNewLineOnly":true,"style":"relativeSpaces","transparent":false}	typed_value_with_native_boundary_semantics
AV_Profile	Delete_LineBreakBeforeMainTable	false	delete.target.breakBefore	"never"	typed_value_with_native_boundary_semantics
AV_Profile	Delete_IndentTable.Indent	false	delete.target.indent	{"enabled":false,"offset":0,"onNewLineOnly":true,"style":"relativeSpaces","transparent":false}	typed_value_with_native_boundary_semantics
AV_Profile	Delete_IndentTable.Size	0	delete.target.indent	{"enabled":false,"offset":0,"onNewLineOnly":true,"style":"relativeSpaces","transparent":false}	typed_value_with_native_boundary_semantics
AV_Profile	Delete_IndentTable.OnNewLineOnly	true	delete.target.indent	{"enabled":false,"offset":0,"onNewLineOnly":true,"style":"relativeSpaces","transparent":false}	typed_value_with_native_boundary_semantics
AV_Profile	Delete_From_UseSameFormattingAsInSelect	false	delete.from.useSelectFormatting	false	typed_value_with_native_boundary_semantics
AV_Profile	Delete_From_LineBreakBeforeFrom	true	delete.from.breakBefore	"always"	typed_value_with_native_boundary_semantics
AV_Profile	Delete_From_LineBreakAfterFrom	false	delete.from.breakAfter	"never"	typed_value_with_native_boundary_semantics
AV_Profile	Delete_From_IndentFromKeyword.Indent	true	delete.from.keywordIndent	{"enabled":true,"offset":0,"onNewLineOnly":true,"style":"relativeSpaces","transparent":false}	typed_value_with_native_boundary_semantics
AV_Profile	Delete_From_IndentFromKeyword.Size	0	delete.from.keywordIndent	{"enabled":true,"offset":0,"onNewLineOnly":true,"style":"relativeSpaces","transparent":false}	typed_value_with_native_boundary_semantics
AV_Profile	Delete_From_IndentFromKeyword.OnNewLineOnly	true	delete.from.keywordIndent	{"enabled":true,"offset":0,"onNewLineOnly":true,"style":"relativeSpaces","transparent":false}	typed_value_with_native_boundary_semantics
AV_Profile	Delete_From_IndentFromList.Indent	false	delete.from.listIndent	{"enabled":false,"offset":0,"onNewLineOnly":true,"style":"relativeSpaces","transparent":false}	typed_value_with_native_boundary_semantics
AV_Profile	Delete_From_IndentFromList.Size	0	delete.from.listIndent	{"enabled":false,"offset":0,"onNewLineOnly":true,"style":"relativeSpaces","transparent":false}	typed_value_with_native_boundary_semantics
AV_Profile	Delete_From_IndentFromList.OnNewLineOnly	true	delete.from.listIndent	{"enabled":false,"offset":0,"onNewLineOnly":true,"style":"relativeSpaces","transparent":false}	typed_value_with_native_boundary_semantics
AV_Profile	Delete_From_StackFromList	false	delete.from.stackList	"off"	typed_value_with_native_boundary_semantics
AV_Profile	Delete_From_StackFromListMode	1	delete.from.stackMode	"onePerLine"	native_policy_numeric_mode_not_certified
AV_Profile	Delete_From_Join_LineBreakBeforeJoin	true	delete.join.breakBefore	"always"	typed_value_with_native_boundary_semantics
AV_Profile	Delete_From_Join_LineBreakAfterJoin	false	delete.join.breakAfter	"never"	typed_value_with_native_boundary_semantics
AV_Profile	Delete_From_Join_LineBreakBeforeOn	true	delete.join.onBreakBefore	"always"	typed_value_with_native_boundary_semantics
AV_Profile	Delete_From_Join_LineBreakAfterOn	false	delete.join.onBreakAfter	"never"	typed_value_with_native_boundary_semantics
AV_Profile	Delete_From_Join_IndentJoinKeyword.Indent	false	delete.join.keywordIndent	{"enabled":false,"offset":0,"onNewLineOnly":true,"style":"relativeSpaces","transparent":true}	typed_value_with_native_boundary_semantics
AV_Profile	Delete_From_Join_IndentJoinKeyword.Size	0	delete.join.keywordIndent	{"enabled":false,"offset":0,"onNewLineOnly":true,"style":"relativeSpaces","transparent":true}	typed_value_with_native_boundary_semantics
AV_Profile	Delete_From_Join_IndentJoinKeyword.OnNewLineOnly	true	delete.join.keywordIndent	{"enabled":false,"offset":0,"onNewLineOnly":true,"style":"relativeSpaces","transparent":true}	typed_value_with_native_boundary_semantics
AV_Profile	Delete_From_Join_IndentJoinKeyword.Transparent	true	delete.join.keywordIndent	{"enabled":false,"offset":0,"onNewLineOnly":true,"style":"relativeSpaces","transparent":true}	typed_value_with_native_boundary_semantics
AV_Profile	Delete_From_Join_IndentTableAfterJoin.Indent	false	delete.join.tableIndent	{"enabled":false,"offset":0,"onNewLineOnly":true,"style":"relativeSpaces","transparent":false}	typed_value_with_native_boundary_semantics
AV_Profile	Delete_From_Join_IndentTableAfterJoin.Size	0	delete.join.tableIndent	{"enabled":false,"offset":0,"onNewLineOnly":true,"style":"relativeSpaces","transparent":false}	typed_value_with_native_boundary_semantics
AV_Profile	Delete_From_Join_IndentTableAfterJoin.OnNewLineOnly	true	delete.join.tableIndent	{"enabled":false,"offset":0,"onNewLineOnly":true,"style":"relativeSpaces","transparent":false}	typed_value_with_native_boundary_semantics
AV_Profile	Delete_From_Join_IndentOnKeyword.Indent	true	delete.join.onKeywordIndent	{"enabled":true,"offset":0,"onNewLineOnly":true,"style":"relativeSpaces","transparent":false}	typed_value_with_native_boundary_semantics
AV_Profile	Delete_From_Join_IndentOnKeyword.Size	0	delete.join.onKeywordIndent	{"enabled":true,"offset":0,"onNewLineOnly":true,"style":"relativeSpaces","transparent":false}	typed_value_with_native_boundary_semantics
AV_Profile	Delete_From_Join_IndentOnKeyword.OnNewLineOnly	true	delete.join.onKeywordIndent	{"enabled":true,"offset":0,"onNewLineOnly":true,"style":"relativeSpaces","transparent":false}	typed_value_with_native_boundary_semantics
AV_Profile	Delete_From_Join_IndentOnCondition.Indent	false	delete.join.onConditionIndent	{"enabled":false,"offset":0,"onNewLineOnly":true,"style":"relativeSpaces","transparent":false}	typed_value_with_native_boundary_semantics
AV_Profile	Delete_From_Join_IndentOnCondition.Size	0	delete.join.onConditionIndent	{"enabled":false,"offset":0,"onNewLineOnly":true,"style":"relativeSpaces","transparent":false}	typed_value_with_native_boundary_semantics
AV_Profile	Delete_From_Join_IndentOnCondition.OnNewLineOnly	true	delete.join.onConditionIndent	{"enabled":false,"offset":0,"onNewLineOnly":true,"style":"relativeSpaces","transparent":false}	typed_value_with_native_boundary_semantics
AV_Profile	Delete_From_Join_IndentWrapConditionNestedOperations.Indent	false	delete.join.nestedConditionIndent	{"enabled":false,"offset":0,"onNewLineOnly":true,"style":"relativeSpaces","transparent":false}	typed_value_with_native_boundary_semantics
AV_Profile	Delete_From_Join_IndentWrapConditionNestedOperations.Size	0	delete.join.nestedConditionIndent	{"enabled":false,"offset":0,"onNewLineOnly":true,"style":"relativeSpaces","transparent":false}	typed_value_with_native_boundary_semantics
AV_Profile	Delete_From_Join_IndentWrapConditionNestedOperations.OnNewLineOnly	true	delete.join.nestedConditionIndent	{"enabled":false,"offset":0,"onNewLineOnly":true,"style":"relativeSpaces","transparent":false}	typed_value_with_native_boundary_semantics
AV_Profile	Delete_From_Join_WrapConditionMode	1	delete.join.wrapCondition	"both"	native_policy_numeric_mode_not_certified
AV_Profile	Delete_From_Join_WrapBeforeOperatorMode	1	delete.join.wrapBeforeOperator	"inherit"	native_policy_numeric_mode_not_certified
AV_Profile	Delete_From_Join_WrapAfterOperatorMode	1	delete.join.wrapAfterOperator	"never"	native_policy_numeric_mode_not_certified
AV_Profile	Delete_Where_LineBreakBeforeWhere	true	delete.where.breakBefore	"always"	typed_value_with_native_boundary_semantics
AV_Profile	Delete_Where_LineBreakAfterWhere	false	delete.where.breakAfter	"never"	typed_value_with_native_boundary_semantics
AV_Profile	Delete_Where_IndentWhereKeyword.Indent	false	delete.where.keywordIndent	{"enabled":false,"offset":0,"onNewLineOnly":true,"style":"relativeSpaces","transparent":false}	typed_value_with_native_boundary_semantics
AV_Profile	Delete_Where_IndentWhereKeyword.Size	0	delete.where.keywordIndent	{"enabled":false,"offset":0,"onNewLineOnly":true,"style":"relativeSpaces","transparent":false}	typed_value_with_native_boundary_semantics
AV_Profile	Delete_Where_IndentWhereKeyword.OnNewLineOnly	true	delete.where.keywordIndent	{"enabled":false,"offset":0,"onNewLineOnly":true,"style":"relativeSpaces","transparent":false}	typed_value_with_native_boundary_semantics
AV_Profile	Delete_Where_IndentWhereCondition.Indent	true	delete.where.conditionIndent	{"enabled":true,"offset":0,"onNewLineOnly":true,"style":"relativeSpaces","transparent":false}	typed_value_with_native_boundary_semantics
AV_Profile	Delete_Where_IndentWhereCondition.Size	0	delete.where.conditionIndent	{"enabled":true,"offset":0,"onNewLineOnly":true,"style":"relativeSpaces","transparent":false}	typed_value_with_native_boundary_semantics
AV_Profile	Delete_Where_IndentWhereCondition.OnNewLineOnly	true	delete.where.conditionIndent	{"enabled":true,"offset":0,"onNewLineOnly":true,"style":"relativeSpaces","transparent":false}	typed_value_with_native_boundary_semantics
AV_Profile	Delete_Where_IndentWrapConditionNestedOperations.Indent	false	delete.where.nestedConditionIndent	{"enabled":false,"offset":0,"onNewLineOnly":true,"style":"relativeSpaces","transparent":false}	typed_value_with_native_boundary_semantics
AV_Profile	Delete_Where_IndentWrapConditionNestedOperations.Size	0	delete.where.nestedConditionIndent	{"enabled":false,"offset":0,"onNewLineOnly":true,"style":"relativeSpaces","transparent":false}	typed_value_with_native_boundary_semantics
AV_Profile	Delete_Where_IndentWrapConditionNestedOperations.OnNewLineOnly	true	delete.where.nestedConditionIndent	{"enabled":false,"offset":0,"onNewLineOnly":true,"style":"relativeSpaces","transparent":false}	typed_value_with_native_boundary_semantics
AV_Profile	Delete_Where_WrapConditionMode	1	delete.where.wrapCondition	"both"	native_policy_numeric_mode_not_certified
AV_Profile	Delete_Where_WrapBeforeOperatorMode	1	delete.where.wrapBeforeOperator	"inherit"	native_policy_numeric_mode_not_certified
AV_Profile	Delete_Where_WrapAfterOperatorMode	1	delete.where.wrapAfterOperator	"never"	native_policy_numeric_mode_not_certified
AV_Profile	Delete_OutputClause_LineBreakBeforeOutput	true	delete.output.breakBefore	"always"	typed_value_with_native_boundary_semantics
AV_Profile	Delete_OutputClause_LineBreakAfterOutput	false	delete.output.breakAfter	"never"	typed_value_with_native_boundary_semantics
AV_Profile	Delete_OutputClause_IndentOutputKeyword.Indent	false	delete.output.keywordIndent	{"enabled":false,"offset":0,"onNewLineOnly":true,"style":"relativeSpaces","transparent":false}	typed_value_with_native_boundary_semantics
AV_Profile	Delete_OutputClause_IndentOutputKeyword.Size	0	delete.output.keywordIndent	{"enabled":false,"offset":0,"onNewLineOnly":true,"style":"relativeSpaces","transparent":false}	typed_value_with_native_boundary_semantics
AV_Profile	Delete_OutputClause_IndentOutputKeyword.OnNewLineOnly	true	delete.output.keywordIndent	{"enabled":false,"offset":0,"onNewLineOnly":true,"style":"relativeSpaces","transparent":false}	typed_value_with_native_boundary_semantics
AV_Profile	Delete_OutputClause_IndentOutputParameters.Indent	false	delete.output.listIndent	{"enabled":false,"offset":0,"onNewLineOnly":true,"style":"relativeSpaces","transparent":false}	typed_value_with_native_boundary_semantics
AV_Profile	Delete_OutputClause_IndentOutputParameters.Size	0	delete.output.listIndent	{"enabled":false,"offset":0,"onNewLineOnly":true,"style":"relativeSpaces","transparent":false}	typed_value_with_native_boundary_semantics
AV_Profile	Delete_OutputClause_IndentOutputParameters.OnNewLineOnly	true	delete.output.listIndent	{"enabled":false,"offset":0,"onNewLineOnly":true,"style":"relativeSpaces","transparent":false}	typed_value_with_native_boundary_semantics
AV_Profile	Delete_OutputClause_StackDmlColumnsList	false	delete.output.stackList	"off"	typed_value_with_native_boundary_semantics
AV_Profile	Delete_OutputClause_StackDmlColumnsListMode	1	delete.output.stackMode	"onePerLine"	native_policy_numeric_mode_not_certified
AV_Profile	Delete_OptionHints_LineBreakBeforeOption	true	delete.option.breakBefore	"always"	typed_value_with_native_boundary_semantics
AV_Profile	Delete_OptionHints_LineBreakAfterOption	false	delete.option.breakAfter	"never"	typed_value_with_native_boundary_semantics
AV_Profile	Delete_OptionHints_IndentOptionKeyword.Indent	false	delete.option.keywordIndent	{"enabled":false,"offset":0,"onNewLineOnly":true,"style":"relativeSpaces","transparent":false}	typed_value_with_native_boundary_semantics
AV_Profile	Delete_OptionHints_IndentOptionKeyword.Size	0	delete.option.keywordIndent	{"enabled":false,"offset":0,"onNewLineOnly":true,"style":"relativeSpaces","transparent":false}	typed_value_with_native_boundary_semantics
AV_Profile	Delete_OptionHints_IndentOptionKeyword.OnNewLineOnly	true	delete.option.keywordIndent	{"enabled":false,"offset":0,"onNewLineOnly":true,"style":"relativeSpaces","transparent":false}	typed_value_with_native_boundary_semantics
AV_Profile	Delete_OptionHints_IndentOptionHints.Indent	false	delete.option.hintsIndent	{"enabled":false,"offset":0,"onNewLineOnly":true,"style":"relativeSpaces","transparent":false}	typed_value_with_native_boundary_semantics
AV_Profile	Delete_OptionHints_IndentOptionHints.Size	0	delete.option.hintsIndent	{"enabled":false,"offset":0,"onNewLineOnly":true,"style":"relativeSpaces","transparent":false}	typed_value_with_native_boundary_semantics
AV_Profile	Delete_OptionHints_IndentOptionHints.OnNewLineOnly	true	delete.option.hintsIndent	{"enabled":false,"offset":0,"onNewLineOnly":true,"style":"relativeSpaces","transparent":false}	typed_value_with_native_boundary_semantics
AV_Profile	Execute_LineBreakBeforeParametersList	false	execute.parameters.breakBefore	"never"	typed_value_with_native_boundary_semantics
AV_Profile	Execute_IndentParameters.Indent	false	execute.parameters.listIndent	{"enabled":false,"offset":0,"onNewLineOnly":true,"style":"relativeSpaces","transparent":false}	typed_value_with_native_boundary_semantics
AV_Profile	Execute_IndentParameters.Size	0	execute.parameters.listIndent	{"enabled":false,"offset":0,"onNewLineOnly":true,"style":"relativeSpaces","transparent":false}	typed_value_with_native_boundary_semantics
AV_Profile	Execute_IndentParameters.OnNewLineOnly	true	execute.parameters.listIndent	{"enabled":false,"offset":0,"onNewLineOnly":true,"style":"relativeSpaces","transparent":false}	typed_value_with_native_boundary_semantics
AV_Profile	Execute_StackParametersList	true	execute.parameters.stackList	"on"	typed_value_with_native_boundary_semantics
AV_Profile	Execute_StackParametersListMode	8	execute.parameters.stackMode	"auto"	native_policy_numeric_mode_not_certified
AV_Profile	StackedList_PlaceCommaBeforeItemInStackedList	false	stackedList.commaPlacement	"trailing"	typed_value_with_native_boundary_semantics
AV_Profile	StackedList_NoSpaceBetweenCommaAndListItemInStack	true	stackedList.spaceAfterLeadingComma	"remove"	typed_value_with_native_boundary_semantics
AV_Profile	UnionExceptIntersect_LineBreakBeforeUnion	true	setOperator.breakBefore	"always"	typed_value_with_native_boundary_semantics
AV_Profile	UnionExceptIntersect_LineBreakAfterUnion	true	setOperator.breakAfter	"always"	typed_value_with_native_boundary_semantics
AV_Profile	UnionExceptIntersect_IndentKeyword.Indent	false	setOperator.keywordIndent	{"enabled":false,"offset":0,"onNewLineOnly":true,"style":"relativeSpaces","transparent":false}	typed_value_with_native_boundary_semantics
AV_Profile	UnionExceptIntersect_IndentKeyword.Size	0	setOperator.keywordIndent	{"enabled":false,"offset":0,"onNewLineOnly":true,"style":"relativeSpaces","transparent":false}	typed_value_with_native_boundary_semantics
AV_Profile	UnionExceptIntersect_IndentKeyword.OnNewLineOnly	true	setOperator.keywordIndent	{"enabled":false,"offset":0,"onNewLineOnly":true,"style":"relativeSpaces","transparent":false}	typed_value_with_native_boundary_semantics
AV_Profile	UnionExceptIntersect_IndentSubquery.Indent	false	setOperator.branchIndent	{"enabled":false,"offset":0,"onNewLineOnly":true,"style":"relativeSpaces","transparent":false}	typed_value_with_native_boundary_semantics
AV_Profile	UnionExceptIntersect_IndentSubquery.Size	0	setOperator.branchIndent	{"enabled":false,"offset":0,"onNewLineOnly":true,"style":"relativeSpaces","transparent":false}	typed_value_with_native_boundary_semantics
AV_Profile	UnionExceptIntersect_IndentSubquery.OnNewLineOnly	true	setOperator.branchIndent	{"enabled":false,"offset":0,"onNewLineOnly":true,"style":"relativeSpaces","transparent":false}	typed_value_with_native_boundary_semantics
AV_Profile	ProcedureFunction_Parameters_LineBreakBeforeOpenBrace	false	routine.parameters.breakBeforeOpen	"never"	typed_value_with_native_boundary_semantics
AV_Profile	ProcedureFunction_Parameters_LineBreakBeforeFirstParameter	false	routine.parameters.breakAfterOpen	"never"	typed_value_with_native_boundary_semantics
AV_Profile	ProcedureFunction_Parameters_LineBreakBeforeClosingBrace	false	routine.parameters.breakBeforeClose	"never"	typed_value_with_native_boundary_semantics
AV_Profile	ProcedureFunction_Parameters_IndentParametersListBraces.Indent	false	routine.parameters.braceIndent	{"enabled":false,"offset":0,"onNewLineOnly":true,"style":"relativeSpaces","transparent":false}	typed_value_with_native_boundary_semantics
AV_Profile	ProcedureFunction_Parameters_IndentParametersListBraces.Size	0	routine.parameters.braceIndent	{"enabled":false,"offset":0,"onNewLineOnly":true,"style":"relativeSpaces","transparent":false}	typed_value_with_native_boundary_semantics
AV_Profile	ProcedureFunction_Parameters_IndentParametersListBraces.OnNewLineOnly	true	routine.parameters.braceIndent	{"enabled":false,"offset":0,"onNewLineOnly":true,"style":"relativeSpaces","transparent":false}	typed_value_with_native_boundary_semantics
AV_Profile	ProcedureFunction_Parameters_IndentParameters.Indent	false	routine.parameters.listIndent	{"enabled":false,"offset":0,"onNewLineOnly":true,"style":"relativeSpaces","transparent":false}	typed_value_with_native_boundary_semantics
AV_Profile	ProcedureFunction_Parameters_IndentParameters.Size	0	routine.parameters.listIndent	{"enabled":false,"offset":0,"onNewLineOnly":true,"style":"relativeSpaces","transparent":false}	typed_value_with_native_boundary_semantics
AV_Profile	ProcedureFunction_Parameters_IndentParameters.OnNewLineOnly	true	routine.parameters.listIndent	{"enabled":false,"offset":0,"onNewLineOnly":true,"style":"relativeSpaces","transparent":false}	typed_value_with_native_boundary_semantics
AV_Profile	ProcedureFunction_Parameters_InsertSpaceBeforeOpenBrace	true	routine.parameters.spaceBeforeOpen	"insert"	typed_value_with_native_boundary_semantics
AV_Profile	ProcedureFunction_Parameters_InsertSpacesWithinParametersListBraces	false	routine.parameters.spaceWithin	"remove"	typed_value_with_native_boundary_semantics
AV_Profile	ProcedureFunction_Parameters_InsertSpaceWithinEmptyParametersListBraces	false	routine.parameters.spaceWithinEmpty	"remove"	typed_value_with_native_boundary_semantics
AV_Profile	ProcedureFunction_Parameters_StackParametersList	false	routine.parameters.stackList	"off"	typed_value_with_native_boundary_semantics
AV_Profile	ProcedureFunction_Parameters_StackParametersListStyle	1	routine.parameters.stackMode	"onePerLine"	native_policy_numeric_mode_not_certified
AV_Profile	ProcedureFunction_With_LineBreakBeforeWith	false	routine.with.breakBefore	"never"	typed_value_with_native_boundary_semantics
AV_Profile	ProcedureFunction_With_LineBreakAfterWith	false	routine.with.breakAfter	"never"	typed_value_with_native_boundary_semantics
AV_Profile	ProcedureFunction_With_IndentWith.Indent	false	routine.with.keywordIndent	{"enabled":false,"offset":0,"onNewLineOnly":true,"style":"relativeSpaces","transparent":false}	typed_value_with_native_boundary_semantics
AV_Profile	ProcedureFunction_With_IndentWith.Size	0	routine.with.keywordIndent	{"enabled":false,"offset":0,"onNewLineOnly":true,"style":"relativeSpaces","transparent":false}	typed_value_with_native_boundary_semantics
AV_Profile	ProcedureFunction_With_IndentWith.OnNewLineOnly	true	routine.with.keywordIndent	{"enabled":false,"offset":0,"onNewLineOnly":true,"style":"relativeSpaces","transparent":false}	typed_value_with_native_boundary_semantics
AV_Profile	ProcedureFunction_With_IndentWithOptions.Indent	false	routine.with.listIndent	{"enabled":false,"offset":0,"onNewLineOnly":true,"style":"relativeSpaces","transparent":false}	typed_value_with_native_boundary_semantics
AV_Profile	ProcedureFunction_With_IndentWithOptions.Size	0	routine.with.listIndent	{"enabled":false,"offset":0,"onNewLineOnly":true,"style":"relativeSpaces","transparent":false}	typed_value_with_native_boundary_semantics
AV_Profile	ProcedureFunction_With_IndentWithOptions.OnNewLineOnly	true	routine.with.listIndent	{"enabled":false,"offset":0,"onNewLineOnly":true,"style":"relativeSpaces","transparent":false}	typed_value_with_native_boundary_semantics
AV_Profile	ProcedureFunction_With_StackWithOptions	false	routine.with.stackList	"off"	typed_value_with_native_boundary_semantics
AV_Profile	ProcedureFunction_With_StackWithOptionsMode	1	routine.with.stackMode	"onePerLine"	native_policy_numeric_mode_not_certified
AV_Profile	ProcedureFunction_Returns_LineBreakBeforeReturns	true	routine.returns.breakBefore	"always"	typed_value_with_native_boundary_semantics
AV_Profile	ProcedureFunction_Returns_LineBreakBeforeTableDefinition	false	routine.returns.breakBeforeTable	"never"	typed_value_with_native_boundary_semantics
AV_Profile	ProcedureFunction_Returns_IndentTableDefinition.Indent	false	routine.returns.tableIndent	{"enabled":false,"offset":0,"onNewLineOnly":true,"style":"relativeSpaces","transparent":false}	typed_value_with_native_boundary_semantics
AV_Profile	ProcedureFunction_Returns_IndentTableDefinition.Size	0	routine.returns.tableIndent	{"enabled":false,"offset":0,"onNewLineOnly":true,"style":"relativeSpaces","transparent":false}	typed_value_with_native_boundary_semantics
AV_Profile	ProcedureFunction_Returns_IndentTableDefinition.OnNewLineOnly	true	routine.returns.tableIndent	{"enabled":false,"offset":0,"onNewLineOnly":true,"style":"relativeSpaces","transparent":false}	typed_value_with_native_boundary_semantics
AV_Profile	ProcedureFunction_Body_LineBreakBeforeAs	true	routine.body.breakBeforeAs	"always"	typed_value_with_native_boundary_semantics
AV_Profile	ProcedureFunction_Body_LineBreakBeforeRoutineBody	true	routine.body.breakBefore	"always"	typed_value_with_native_boundary_semantics
AV_Profile	ProcedureFunction_Body_IndentAsKeyword.Indent	false	routine.body.asIndent	{"enabled":false,"offset":0,"onNewLineOnly":true,"style":"relativeSpaces","transparent":false}	typed_value_with_native_boundary_semantics
AV_Profile	ProcedureFunction_Body_IndentAsKeyword.Size	0	routine.body.asIndent	{"enabled":false,"offset":0,"onNewLineOnly":true,"style":"relativeSpaces","transparent":false}	typed_value_with_native_boundary_semantics
AV_Profile	ProcedureFunction_Body_IndentAsKeyword.OnNewLineOnly	true	routine.body.asIndent	{"enabled":false,"offset":0,"onNewLineOnly":true,"style":"relativeSpaces","transparent":false}	typed_value_with_native_boundary_semantics
AV_Profile	ProcedureFunction_Body_IndentBeginEndKeywords.Indent	false	routine.body.keywordIndent	{"enabled":false,"offset":0,"onNewLineOnly":true,"style":"relativeSpaces","transparent":false}	typed_value_with_native_boundary_semantics
AV_Profile	ProcedureFunction_Body_IndentBeginEndKeywords.Size	0	routine.body.keywordIndent	{"enabled":false,"offset":0,"onNewLineOnly":true,"style":"relativeSpaces","transparent":false}	typed_value_with_native_boundary_semantics
AV_Profile	ProcedureFunction_Body_IndentBeginEndKeywords.OnNewLineOnly	true	routine.body.keywordIndent	{"enabled":false,"offset":0,"onNewLineOnly":true,"style":"relativeSpaces","transparent":false}	typed_value_with_native_boundary_semantics
AV_Profile	ProcedureFunction_Body_IndentCode.Indent	true	routine.body.codeIndent	{"enabled":true,"offset":0,"onNewLineOnly":true,"style":"relativeSpaces","transparent":false}	typed_value_with_native_boundary_semantics
AV_Profile	ProcedureFunction_Body_IndentCode.Size	0	routine.body.codeIndent	{"enabled":true,"offset":0,"onNewLineOnly":true,"style":"relativeSpaces","transparent":false}	typed_value_with_native_boundary_semantics
AV_Profile	ProcedureFunction_Body_IndentCode.OnNewLineOnly	true	routine.body.codeIndent	{"enabled":true,"offset":0,"onNewLineOnly":true,"style":"relativeSpaces","transparent":false}	typed_value_with_native_boundary_semantics
AV_Profile	Trigger_OnClause_LineBreakBeforeOn	true	trigger.on.breakBefore	"always"	typed_value_with_native_boundary_semantics
AV_Profile	Trigger_OnClause_LineBreakAfterOn	false	trigger.on.breakAfter	"never"	typed_value_with_native_boundary_semantics
AV_Profile	Trigger_OnClause_IndentOnKeyword.Indent	false	trigger.on.keywordIndent	{"enabled":false,"offset":0,"onNewLineOnly":true,"style":"relativeSpaces","transparent":false}	typed_value_with_native_boundary_semantics
AV_Profile	Trigger_OnClause_IndentOnKeyword.Size	0	trigger.on.keywordIndent	{"enabled":false,"offset":0,"onNewLineOnly":true,"style":"relativeSpaces","transparent":false}	typed_value_with_native_boundary_semantics
AV_Profile	Trigger_OnClause_IndentOnKeyword.OnNewLineOnly	true	trigger.on.keywordIndent	{"enabled":false,"offset":0,"onNewLineOnly":true,"style":"relativeSpaces","transparent":false}	typed_value_with_native_boundary_semantics
AV_Profile	Trigger_OnClause_IndentTargetObject.Indent	false	trigger.on.targetIndent	{"enabled":false,"offset":0,"onNewLineOnly":true,"style":"relativeSpaces","transparent":false}	typed_value_with_native_boundary_semantics
AV_Profile	Trigger_OnClause_IndentTargetObject.Size	0	trigger.on.targetIndent	{"enabled":false,"offset":0,"onNewLineOnly":true,"style":"relativeSpaces","transparent":false}	typed_value_with_native_boundary_semantics
AV_Profile	Trigger_OnClause_IndentTargetObject.OnNewLineOnly	true	trigger.on.targetIndent	{"enabled":false,"offset":0,"onNewLineOnly":true,"style":"relativeSpaces","transparent":false}	typed_value_with_native_boundary_semantics
AV_Profile	Trigger_With_LineBreakBeforeWith	false	trigger.with.breakBefore	"never"	typed_value_with_native_boundary_semantics
AV_Profile	Trigger_With_LineBreakAfterWith	false	trigger.with.breakAfter	"never"	typed_value_with_native_boundary_semantics
AV_Profile	Trigger_With_IndentWith.Indent	false	trigger.with.keywordIndent	{"enabled":false,"offset":0,"onNewLineOnly":true,"style":"relativeSpaces","transparent":false}	typed_value_with_native_boundary_semantics
AV_Profile	Trigger_With_IndentWith.Size	0	trigger.with.keywordIndent	{"enabled":false,"offset":0,"onNewLineOnly":true,"style":"relativeSpaces","transparent":false}	typed_value_with_native_boundary_semantics
AV_Profile	Trigger_With_IndentWith.OnNewLineOnly	true	trigger.with.keywordIndent	{"enabled":false,"offset":0,"onNewLineOnly":true,"style":"relativeSpaces","transparent":false}	typed_value_with_native_boundary_semantics
AV_Profile	Trigger_With_IndentWithOptions.Indent	false	trigger.with.listIndent	{"enabled":false,"offset":0,"onNewLineOnly":true,"style":"relativeSpaces","transparent":false}	typed_value_with_native_boundary_semantics
AV_Profile	Trigger_With_IndentWithOptions.Size	0	trigger.with.listIndent	{"enabled":false,"offset":0,"onNewLineOnly":true,"style":"relativeSpaces","transparent":false}	typed_value_with_native_boundary_semantics
AV_Profile	Trigger_With_IndentWithOptions.OnNewLineOnly	true	trigger.with.listIndent	{"enabled":false,"offset":0,"onNewLineOnly":true,"style":"relativeSpaces","transparent":false}	typed_value_with_native_boundary_semantics
AV_Profile	Trigger_With_StackWithOptions	false	trigger.with.stackList	"off"	typed_value_with_native_boundary_semantics
AV_Profile	Trigger_With_StackWithOptionsMode	1	trigger.with.stackMode	"onePerLine"	native_policy_numeric_mode_not_certified
AV_Profile	Trigger_Events_LineBreakBeforeForAfterInsteadOf	true	trigger.events.breakBefore	"always"	typed_value_with_native_boundary_semantics
AV_Profile	Trigger_Events_LineBreakBeforeFirstEvent	false	trigger.events.breakAfter	"never"	typed_value_with_native_boundary_semantics
AV_Profile	Trigger_Events_IndentForAfterInsteadOfKeywords.Indent	false	trigger.events.keywordIndent	{"enabled":false,"offset":0,"onNewLineOnly":true,"style":"relativeSpaces","transparent":false}	typed_value_with_native_boundary_semantics
AV_Profile	Trigger_Events_IndentForAfterInsteadOfKeywords.Size	0	trigger.events.keywordIndent	{"enabled":false,"offset":0,"onNewLineOnly":true,"style":"relativeSpaces","transparent":false}	typed_value_with_native_boundary_semantics
AV_Profile	Trigger_Events_IndentForAfterInsteadOfKeywords.OnNewLineOnly	true	trigger.events.keywordIndent	{"enabled":false,"offset":0,"onNewLineOnly":true,"style":"relativeSpaces","transparent":false}	typed_value_with_native_boundary_semantics
AV_Profile	Trigger_Events_IndentEvents.Indent	false	trigger.events.listIndent	{"enabled":false,"offset":0,"onNewLineOnly":true,"style":"relativeSpaces","transparent":false}	typed_value_with_native_boundary_semantics
AV_Profile	Trigger_Events_IndentEvents.Size	0	trigger.events.listIndent	{"enabled":false,"offset":0,"onNewLineOnly":true,"style":"relativeSpaces","transparent":false}	typed_value_with_native_boundary_semantics
AV_Profile	Trigger_Events_IndentEvents.OnNewLineOnly	true	trigger.events.listIndent	{"enabled":false,"offset":0,"onNewLineOnly":true,"style":"relativeSpaces","transparent":false}	typed_value_with_native_boundary_semantics
AV_Profile	Trigger_Events_StackEventsList	false	trigger.events.stackList	"off"	typed_value_with_native_boundary_semantics
AV_Profile	Trigger_Events_StackEventsListMode	1	trigger.events.stackMode	"onePerLine"	native_policy_numeric_mode_not_certified
AV_Profile	Trigger_Body_LineBreakBeforeAs	true	trigger.body.breakBeforeAs	"always"	typed_value_with_native_boundary_semantics
AV_Profile	Trigger_Body_LineBreakAfterAs	true	trigger.body.breakAfterAs	"always"	typed_value_with_native_boundary_semantics
AV_Profile	Trigger_Body_IndentAsKeyword.Indent	false	trigger.body.asIndent	{"enabled":false,"offset":0,"onNewLineOnly":true,"style":"relativeSpaces","transparent":false}	typed_value_with_native_boundary_semantics
AV_Profile	Trigger_Body_IndentAsKeyword.Size	0	trigger.body.asIndent	{"enabled":false,"offset":0,"onNewLineOnly":true,"style":"relativeSpaces","transparent":false}	typed_value_with_native_boundary_semantics
AV_Profile	Trigger_Body_IndentAsKeyword.OnNewLineOnly	true	trigger.body.asIndent	{"enabled":false,"offset":0,"onNewLineOnly":true,"style":"relativeSpaces","transparent":false}	typed_value_with_native_boundary_semantics
AV_Profile	Trigger_Body_IndentBeginEndKeywords.Indent	false	trigger.body.keywordIndent	{"enabled":false,"offset":0,"onNewLineOnly":true,"style":"relativeSpaces","transparent":false}	typed_value_with_native_boundary_semantics
AV_Profile	Trigger_Body_IndentBeginEndKeywords.Size	0	trigger.body.keywordIndent	{"enabled":false,"offset":0,"onNewLineOnly":true,"style":"relativeSpaces","transparent":false}	typed_value_with_native_boundary_semantics
AV_Profile	Trigger_Body_IndentBeginEndKeywords.OnNewLineOnly	true	trigger.body.keywordIndent	{"enabled":false,"offset":0,"onNewLineOnly":true,"style":"relativeSpaces","transparent":false}	typed_value_with_native_boundary_semantics
AV_Profile	Trigger_Body_IndentCode.Indent	true	trigger.body.codeIndent	{"enabled":true,"offset":0,"onNewLineOnly":true,"style":"relativeSpaces","transparent":false}	typed_value_with_native_boundary_semantics
AV_Profile	Trigger_Body_IndentCode.Size	0	trigger.body.codeIndent	{"enabled":true,"offset":0,"onNewLineOnly":true,"style":"relativeSpaces","transparent":false}	typed_value_with_native_boundary_semantics
AV_Profile	Trigger_Body_IndentCode.OnNewLineOnly	true	trigger.body.codeIndent	{"enabled":true,"offset":0,"onNewLineOnly":true,"style":"relativeSpaces","transparent":false}	typed_value_with_native_boundary_semantics
AV_Profile	View_ColumnList_LineBreakBeforeOpenBrace	false	view.columns.breakBeforeOpen	"never"	typed_value_with_native_boundary_semantics
AV_Profile	View_ColumnList_LineBreakAfterOpenBrace	true	view.columns.breakAfterOpen	"always"	typed_value_with_native_boundary_semantics
AV_Profile	View_ColumnList_LineBreakBeforeClosingBrace	true	view.columns.breakBeforeClose	"always"	typed_value_with_native_boundary_semantics
AV_Profile	View_ColumnList_IndentColumnListBraces.Indent	false	view.columns.braceIndent	{"enabled":false,"offset":0,"onNewLineOnly":true,"style":"relativeSpaces","transparent":false}	typed_value_with_native_boundary_semantics
AV_Profile	View_ColumnList_IndentColumnListBraces.Size	0	view.columns.braceIndent	{"enabled":false,"offset":0,"onNewLineOnly":true,"style":"relativeSpaces","transparent":false}	typed_value_with_native_boundary_semantics
AV_Profile	View_ColumnList_IndentColumnListBraces.OnNewLineOnly	true	view.columns.braceIndent	{"enabled":false,"offset":0,"onNewLineOnly":true,"style":"relativeSpaces","transparent":false}	typed_value_with_native_boundary_semantics
AV_Profile	View_ColumnList_IndentColumnList.Indent	true	view.columns.listIndent	{"enabled":true,"offset":0,"onNewLineOnly":true,"style":"relativeSpaces","transparent":false}	typed_value_with_native_boundary_semantics
AV_Profile	View_ColumnList_IndentColumnList.Size	0	view.columns.listIndent	{"enabled":true,"offset":0,"onNewLineOnly":true,"style":"relativeSpaces","transparent":false}	typed_value_with_native_boundary_semantics
AV_Profile	View_ColumnList_IndentColumnList.OnNewLineOnly	true	view.columns.listIndent	{"enabled":true,"offset":0,"onNewLineOnly":true,"style":"relativeSpaces","transparent":false}	typed_value_with_native_boundary_semantics
AV_Profile	View_ColumnList_InsertSpaceBeforeColumnsList	true	view.columns.spaceBeforeOpen	"insert"	typed_value_with_native_boundary_semantics
AV_Profile	View_ColumnList_InsertSpacesWithinColumnsListBraces	false	view.columns.spaceWithin	"remove"	typed_value_with_native_boundary_semantics
AV_Profile	View_ColumnList_StackColumnsList	true	view.columns.stackList	"on"	typed_value_with_native_boundary_semantics
AV_Profile	View_ColumnList_StackColumnsListStyle	1	view.columns.stackMode	"onePerLine"	native_policy_numeric_mode_not_certified
AV_Profile	View_Subquery_SingleLine_AnyQuery	false	view.query.singleLine.any	false	typed_value_with_native_boundary_semantics
AV_Profile	View_Subquery_SingleLine_WhenRightMarginIsNotExceeded	false	view.query.singleLine.whenFitsMargin	false	typed_value_with_native_boundary_semantics
AV_Profile	View_Subquery_SingleLine_WhenQueryIsShorterThanXCharacters.Checked	false	view.query.singleLine.maxCharacters	{"enabled":false,"value":50}	typed_value_with_native_boundary_semantics
AV_Profile	View_Subquery_SingleLine_WhenQueryIsShorterThanXCharacters.Value	50	view.query.singleLine.maxCharacters	{"enabled":false,"value":50}	typed_value_with_native_boundary_semantics
AV_Profile	View_Subquery_SingleLine_WhenQueryContainsLessThanXWords.Checked	false	view.query.singleLine.maxWords	{"enabled":false,"value":10}	typed_value_with_native_boundary_semantics
AV_Profile	View_Subquery_SingleLine_WhenQueryContainsLessThanXWords.Value	10	view.query.singleLine.maxWords	{"enabled":false,"value":10}	typed_value_with_native_boundary_semantics
AV_Profile	View_Subquery_LineBreakBeforeAs	true	view.query.breakBeforeAs	"always"	typed_value_with_native_boundary_semantics
AV_Profile	View_Subquery_LineBreakAfterAs	true	view.query.breakAfterAs	"always"	typed_value_with_native_boundary_semantics
AV_Profile	View_Subquery_IndentAsKeyword.Indent	false	view.query.asIndent	{"enabled":false,"offset":0,"onNewLineOnly":true,"style":"relativeSpaces","transparent":false}	typed_value_with_native_boundary_semantics
AV_Profile	View_Subquery_IndentAsKeyword.Size	0	view.query.asIndent	{"enabled":false,"offset":0,"onNewLineOnly":true,"style":"relativeSpaces","transparent":false}	typed_value_with_native_boundary_semantics
AV_Profile	View_Subquery_IndentAsKeyword.OnNewLineOnly	true	view.query.asIndent	{"enabled":false,"offset":0,"onNewLineOnly":true,"style":"relativeSpaces","transparent":false}	typed_value_with_native_boundary_semantics
AV_Profile	View_Subquery_IndentSubquery.Indent	false	view.query.queryIndent	{"enabled":false,"offset":0,"onNewLineOnly":true,"style":"relativeSpaces","transparent":false}	typed_value_with_native_boundary_semantics
AV_Profile	View_Subquery_IndentSubquery.Size	0	view.query.queryIndent	{"enabled":false,"offset":0,"onNewLineOnly":true,"style":"relativeSpaces","transparent":false}	typed_value_with_native_boundary_semantics
AV_Profile	View_Subquery_IndentSubquery.OnNewLineOnly	true	view.query.queryIndent	{"enabled":false,"offset":0,"onNewLineOnly":true,"style":"relativeSpaces","transparent":false}	typed_value_with_native_boundary_semantics
AV_Profile	CreateTable_AddEmptyLinesAroundStatement	false	createTable.blankLinesAround	false	typed_value_with_native_boundary_semantics
AV_Profile	CreateTable_LineBreakBeforeOpenBrace	true	createTable.columns.breakBeforeOpen	"always"	typed_value_with_native_boundary_semantics
AV_Profile	CreateTable_LineBreakAfterOpenBrace	true	createTable.columns.breakAfterOpen	"always"	typed_value_with_native_boundary_semantics
AV_Profile	CreateTable_LineBreakBeforeClosingBrace	true	createTable.columns.breakBeforeClose	"always"	typed_value_with_native_boundary_semantics
AV_Profile	CreateTable_IndentColumnListBraces.Indent	false	createTable.columns.braceIndent	{"enabled":false,"offset":0,"onNewLineOnly":true,"style":"relativeSpaces","transparent":false}	typed_value_with_native_boundary_semantics
AV_Profile	CreateTable_IndentColumnListBraces.Size	0	createTable.columns.braceIndent	{"enabled":false,"offset":0,"onNewLineOnly":true,"style":"relativeSpaces","transparent":false}	typed_value_with_native_boundary_semantics
AV_Profile	CreateTable_IndentColumnListBraces.OnNewLineOnly	true	createTable.columns.braceIndent	{"enabled":false,"offset":0,"onNewLineOnly":true,"style":"relativeSpaces","transparent":false}	typed_value_with_native_boundary_semantics
AV_Profile	CreateTable_IndentColumnList.Indent	true	createTable.columns.listIndent	{"enabled":true,"offset":0,"onNewLineOnly":true,"style":"relativeSpaces","transparent":false}	typed_value_with_native_boundary_semantics
AV_Profile	CreateTable_IndentColumnList.Size	0	createTable.columns.listIndent	{"enabled":true,"offset":0,"onNewLineOnly":true,"style":"relativeSpaces","transparent":false}	typed_value_with_native_boundary_semantics
AV_Profile	CreateTable_IndentColumnList.OnNewLineOnly	true	createTable.columns.listIndent	{"enabled":true,"offset":0,"onNewLineOnly":true,"style":"relativeSpaces","transparent":false}	typed_value_with_native_boundary_semantics
AV_Profile	CreateTable_InsertSpaceBeforeColumnsList	true	createTable.columns.spaceBeforeOpen	"insert"	typed_value_with_native_boundary_semantics
AV_Profile	CreateTable_InsertSpacesWithinColumnsListBraces	false	createTable.columns.spaceWithin	"remove"	typed_value_with_native_boundary_semantics
AV_Profile	CreateTable_StackColumnsList	true	createTable.columns.stackList	"on"	typed_value_with_native_boundary_semantics
AV_Profile	CreateTable_StackColumnsListStyle	2	createTable.columns.stackMode	"auto"	native_policy_numeric_mode_not_certified
AV_Profile	CreateTable_LineBreakBeforeStorageOptions	false	createTable.storage.breakBefore	"never"	typed_value_with_native_boundary_semantics
AV_Profile	CreateTable_IndentStorageOptions.Indent	false	createTable.storage.listIndent	{"enabled":false,"offset":0,"onNewLineOnly":true,"style":"relativeSpaces","transparent":false}	typed_value_with_native_boundary_semantics
AV_Profile	CreateTable_IndentStorageOptions.Size	0	createTable.storage.listIndent	{"enabled":false,"offset":0,"onNewLineOnly":true,"style":"relativeSpaces","transparent":false}	typed_value_with_native_boundary_semantics
AV_Profile	CreateTable_IndentStorageOptions.OnNewLineOnly	true	createTable.storage.listIndent	{"enabled":false,"offset":0,"onNewLineOnly":true,"style":"relativeSpaces","transparent":false}	typed_value_with_native_boundary_semantics
AV_Profile	CreateTable_StackStorageOptions	true	createTable.storage.stackList	"on"	typed_value_with_native_boundary_semantics
AV_Profile	CreateTable_StackStorageOptionsMode	8	createTable.storage.stackMode	"auto"	native_policy_numeric_mode_not_certified
AV_Profile	Declare_Variables_LineBreakAfterDeclare	false	declare.variables.breakAfter	"never"	typed_value_with_native_boundary_semantics
AV_Profile	Declare_Variables_IndentDeclarations.Indent	false	declare.variables.listIndent	{"enabled":false,"offset":0,"onNewLineOnly":true,"style":"relativeSpaces","transparent":false}	typed_value_with_native_boundary_semantics
AV_Profile	Declare_Variables_IndentDeclarations.Size	0	declare.variables.listIndent	{"enabled":false,"offset":0,"onNewLineOnly":true,"style":"relativeSpaces","transparent":false}	typed_value_with_native_boundary_semantics
AV_Profile	Declare_Variables_IndentDeclarations.OnNewLineOnly	true	declare.variables.listIndent	{"enabled":false,"offset":0,"onNewLineOnly":true,"style":"relativeSpaces","transparent":false}	typed_value_with_native_boundary_semantics
AV_Profile	Declare_Variables_LineBreakBeforeTableKeyword	false	declare.variables.breakBeforeTable	"never"	typed_value_with_native_boundary_semantics
AV_Profile	Declare_Variables_IndentTableKeyword.Indent	false	declare.variables.tableIndent	{"enabled":false,"offset":0,"onNewLineOnly":true,"style":"relativeSpaces","transparent":false}	typed_value_with_native_boundary_semantics
AV_Profile	Declare_Variables_IndentTableKeyword.Size	0	declare.variables.tableIndent	{"enabled":false,"offset":0,"onNewLineOnly":true,"style":"relativeSpaces","transparent":false}	typed_value_with_native_boundary_semantics
AV_Profile	Declare_Variables_IndentTableKeyword.OnNewLineOnly	true	declare.variables.tableIndent	{"enabled":false,"offset":0,"onNewLineOnly":true,"style":"relativeSpaces","transparent":false}	typed_value_with_native_boundary_semantics
AV_Profile	Declare_Variables_StackVariablesList	true	declare.variables.stackList	"on"	typed_value_with_native_boundary_semantics
AV_Profile	Declare_Variables_StackVariablesListStyle	2	declare.variables.stackMode	"auto"	native_policy_numeric_mode_not_certified
AV_Profile	Declare_Cursors_SingleLine_AnyQuery	false	declare.cursor.singleLine.any	false	typed_value_with_native_boundary_semantics
AV_Profile	Declare_Cursors_SingleLine_WhenRightMarginIsNotExceeded	false	declare.cursor.singleLine.whenFitsMargin	false	typed_value_with_native_boundary_semantics
AV_Profile	Declare_Cursors_SingleLine_WhenQueryIsShorterThanXCharacters.Checked	false	declare.cursor.singleLine.maxCharacters	{"enabled":false,"value":50}	typed_value_with_native_boundary_semantics
AV_Profile	Declare_Cursors_SingleLine_WhenQueryIsShorterThanXCharacters.Value	50	declare.cursor.singleLine.maxCharacters	{"enabled":false,"value":50}	typed_value_with_native_boundary_semantics
AV_Profile	Declare_Cursors_SingleLine_WhenQueryContainsLessThanXWords.Checked	false	declare.cursor.singleLine.maxWords	{"enabled":false,"value":10}	typed_value_with_native_boundary_semantics
AV_Profile	Declare_Cursors_SingleLine_WhenQueryContainsLessThanXWords.Value	10	declare.cursor.singleLine.maxWords	{"enabled":false,"value":10}	typed_value_with_native_boundary_semantics
AV_Profile	Declare_Cursors_LineBreakBeforeCursor	false	declare.cursor.breakBefore	"never"	typed_value_with_native_boundary_semantics
AV_Profile	Declare_Cursors_IndentCursorKeyword.Indent	false	declare.cursor.keywordIndent	{"enabled":false,"offset":0,"onNewLineOnly":true,"style":"relativeSpaces","transparent":false}	typed_value_with_native_boundary_semantics
AV_Profile	Declare_Cursors_IndentCursorKeyword.Size	0	declare.cursor.keywordIndent	{"enabled":false,"offset":0,"onNewLineOnly":true,"style":"relativeSpaces","transparent":false}	typed_value_with_native_boundary_semantics
AV_Profile	Declare_Cursors_IndentCursorKeyword.OnNewLineOnly	true	declare.cursor.keywordIndent	{"enabled":false,"offset":0,"onNewLineOnly":true,"style":"relativeSpaces","transparent":false}	typed_value_with_native_boundary_semantics
AV_Profile	Declare_Cursors_LineBreakBeforeFor	false	declare.cursor.breakBeforeFor	"never"	typed_value_with_native_boundary_semantics
AV_Profile	Declare_Cursors_IndentForKeyword.Indent	false	declare.cursor.forIndent	{"enabled":false,"offset":0,"onNewLineOnly":true,"style":"relativeSpaces","transparent":false}	typed_value_with_native_boundary_semantics
AV_Profile	Declare_Cursors_IndentForKeyword.Size	0	declare.cursor.forIndent	{"enabled":false,"offset":0,"onNewLineOnly":true,"style":"relativeSpaces","transparent":false}	typed_value_with_native_boundary_semantics
AV_Profile	Declare_Cursors_IndentForKeyword.OnNewLineOnly	true	declare.cursor.forIndent	{"enabled":false,"offset":0,"onNewLineOnly":true,"style":"relativeSpaces","transparent":false}	typed_value_with_native_boundary_semantics
AV_Profile	Declare_Cursors_LineBreakBeforeSubquery	false	declare.cursor.breakBeforeQuery	"never"	typed_value_with_native_boundary_semantics
AV_Profile	Declare_Cursors_IndentSubquery.Indent	false	declare.cursor.queryIndent	{"enabled":false,"offset":0,"onNewLineOnly":true,"style":"relativeSpaces","transparent":false}	typed_value_with_native_boundary_semantics
AV_Profile	Declare_Cursors_IndentSubquery.Size	0	declare.cursor.queryIndent	{"enabled":false,"offset":0,"onNewLineOnly":true,"style":"relativeSpaces","transparent":false}	typed_value_with_native_boundary_semantics
AV_Profile	Declare_Cursors_IndentSubquery.OnNewLineOnly	true	declare.cursor.queryIndent	{"enabled":false,"offset":0,"onNewLineOnly":true,"style":"relativeSpaces","transparent":false}	typed_value_with_native_boundary_semantics
AV_Profile	Labels_AddEmptyLinesAroundLabeledBlock	false	labels.blankLinesAround	false	typed_value_with_native_boundary_semantics
AV_Profile	Labels_LineBreakAfterLabel	true	labels.breakAfter	"always"	typed_value_with_native_boundary_semantics
AV_Profile	Labels_IndentLabel.Indent	true	labels.indent	{"enabled":true,"offset":0,"onNewLineOnly":true,"style":"relativeSpaces","transparent":false}	typed_value_with_native_boundary_semantics
AV_Profile	Labels_IndentLabel.Size	0	labels.indent	{"enabled":true,"offset":0,"onNewLineOnly":true,"style":"relativeSpaces","transparent":false}	typed_value_with_native_boundary_semantics
AV_Profile	Labels_IndentLabel.OnNewLineOnly	true	labels.indent	{"enabled":true,"offset":0,"onNewLineOnly":true,"style":"relativeSpaces","transparent":false}	typed_value_with_native_boundary_semantics
AV_Profile	Labels_IndentLabel.Style	2	labels.indent	{"enabled":true,"offset":0,"onNewLineOnly":true,"style":"relativeSpaces","transparent":false}	native_policy_numeric_mode_not_certified
AV_Profile	Merge_TopClause_LineBreakBeforeTop	false	merge.top.breakBefore	"never"	typed_value_with_native_boundary_semantics
AV_Profile	Merge_TopClause_IndentTopKeyword.Indent	false	merge.top.keywordIndent	{"enabled":false,"offset":0,"onNewLineOnly":true,"style":"relativeSpaces","transparent":false}	typed_value_with_native_boundary_semantics
AV_Profile	Merge_TopClause_IndentTopKeyword.Size	0	merge.top.keywordIndent	{"enabled":false,"offset":0,"onNewLineOnly":true,"style":"relativeSpaces","transparent":false}	typed_value_with_native_boundary_semantics
AV_Profile	Merge_TopClause_IndentTopKeyword.OnNewLineOnly	true	merge.top.keywordIndent	{"enabled":false,"offset":0,"onNewLineOnly":true,"style":"relativeSpaces","transparent":false}	typed_value_with_native_boundary_semantics
AV_Profile	Merge_TopClause_LineBreakBeforeOpeningBrace	false	merge.top.breakBeforeOpen	"never"	typed_value_with_native_boundary_semantics
AV_Profile	Merge_TopClause_LineBreakAfterOpeningBrace	false	merge.top.breakAfterOpen	"never"	typed_value_with_native_boundary_semantics
AV_Profile	Merge_TopClause_LineBreakBeforeClosingBrace	false	merge.top.breakBeforeClose	"never"	typed_value_with_native_boundary_semantics
AV_Profile	Merge_TopClause_InsertSpaceAfterTop	true	merge.top.spaceAfterKeyword	"insert"	typed_value_with_native_boundary_semantics
AV_Profile	Merge_TopClause_InsertSpacesWithinExpressionBraces	false	merge.top.spaceWithin	"remove"	typed_value_with_native_boundary_semantics
AV_Profile	Merge_TopClause_LineBreakBeforePercent	false	merge.top.breakBeforePercent	"never"	typed_value_with_native_boundary_semantics
AV_Profile	Merge_TopClause_IndentPercentKeyword.Indent	false	merge.top.percentIndent	{"enabled":false,"offset":0,"onNewLineOnly":true,"style":"relativeSpaces","transparent":false}	typed_value_with_native_boundary_semantics
AV_Profile	Merge_TopClause_IndentPercentKeyword.Size	0	merge.top.percentIndent	{"enabled":false,"offset":0,"onNewLineOnly":true,"style":"relativeSpaces","transparent":false}	typed_value_with_native_boundary_semantics
AV_Profile	Merge_TopClause_IndentPercentKeyword.OnNewLineOnly	true	merge.top.percentIndent	{"enabled":false,"offset":0,"onNewLineOnly":true,"style":"relativeSpaces","transparent":false}	typed_value_with_native_boundary_semantics
AV_Profile	Merge_Into_LineBreakBeforeInto	true	merge.into.breakBefore	"always"	typed_value_with_native_boundary_semantics
AV_Profile	Merge_Into_IndentIntoKeyword.Indent	false	merge.into.keywordIndent	{"enabled":false,"offset":0,"onNewLineOnly":true,"style":"relativeSpaces","transparent":false}	typed_value_with_native_boundary_semantics
AV_Profile	Merge_Into_IndentIntoKeyword.Size	0	merge.into.keywordIndent	{"enabled":false,"offset":0,"onNewLineOnly":true,"style":"relativeSpaces","transparent":false}	typed_value_with_native_boundary_semantics
AV_Profile	Merge_Into_IndentIntoKeyword.OnNewLineOnly	true	merge.into.keywordIndent	{"enabled":false,"offset":0,"onNewLineOnly":true,"style":"relativeSpaces","transparent":false}	typed_value_with_native_boundary_semantics
AV_Profile	Merge_Into_LineBreakBeforeTable	false	merge.into.breakBeforeTable	"never"	typed_value_with_native_boundary_semantics
AV_Profile	Merge_Into_IndentTable.Indent	false	merge.into.tableIndent	{"enabled":false,"offset":0,"onNewLineOnly":true,"style":"relativeSpaces","transparent":false}	typed_value_with_native_boundary_semantics
AV_Profile	Merge_Into_IndentTable.Size	0	merge.into.tableIndent	{"enabled":false,"offset":0,"onNewLineOnly":true,"style":"relativeSpaces","transparent":false}	typed_value_with_native_boundary_semantics
AV_Profile	Merge_Into_IndentTable.OnNewLineOnly	true	merge.into.tableIndent	{"enabled":false,"offset":0,"onNewLineOnly":true,"style":"relativeSpaces","transparent":false}	typed_value_with_native_boundary_semantics
AV_Profile	Merge_Into_With_LineBreakBeforeWith	false	merge.hints.breakBefore	"never"	typed_value_with_native_boundary_semantics
AV_Profile	Merge_Into_With_IndentWithKeyword.Indent	false	merge.hints.keywordIndent	{"enabled":false,"offset":0,"onNewLineOnly":true,"style":"relativeSpaces","transparent":false}	typed_value_with_native_boundary_semantics
AV_Profile	Merge_Into_With_IndentWithKeyword.Size	0	merge.hints.keywordIndent	{"enabled":false,"offset":0,"onNewLineOnly":true,"style":"relativeSpaces","transparent":false}	typed_value_with_native_boundary_semantics
AV_Profile	Merge_Into_With_IndentWithKeyword.OnNewLineOnly	true	merge.hints.keywordIndent	{"enabled":false,"offset":0,"onNewLineOnly":true,"style":"relativeSpaces","transparent":false}	typed_value_with_native_boundary_semantics
AV_Profile	Merge_Into_With_LineBreakBeforeOpeningBrace	false	merge.hints.breakBeforeOpen	"never"	typed_value_with_native_boundary_semantics
AV_Profile	Merge_Into_With_LineBreakAfterOpeningBrace	false	merge.hints.breakAfterOpen	"never"	typed_value_with_native_boundary_semantics
AV_Profile	Merge_Into_With_LineBreakBeforeClosingBrace	false	merge.hints.breakBeforeClose	"never"	typed_value_with_native_boundary_semantics
AV_Profile	Merge_Into_With_IndentMergeHintBraces.Indent	false	merge.hints.braceIndent	{"enabled":false,"offset":0,"onNewLineOnly":true,"style":"relativeSpaces","transparent":false}	typed_value_with_native_boundary_semantics
AV_Profile	Merge_Into_With_IndentMergeHintBraces.Size	0	merge.hints.braceIndent	{"enabled":false,"offset":0,"onNewLineOnly":true,"style":"relativeSpaces","transparent":false}	typed_value_with_native_boundary_semantics
AV_Profile	Merge_Into_With_IndentMergeHintBraces.OnNewLineOnly	true	merge.hints.braceIndent	{"enabled":false,"offset":0,"onNewLineOnly":true,"style":"relativeSpaces","transparent":false}	typed_value_with_native_boundary_semantics
AV_Profile	Merge_Into_With_IndentMergeHint.Indent	false	merge.hints.listIndent	{"enabled":false,"offset":0,"onNewLineOnly":true,"style":"relativeSpaces","transparent":false}	typed_value_with_native_boundary_semantics
AV_Profile	Merge_Into_With_IndentMergeHint.Size	0	merge.hints.listIndent	{"enabled":false,"offset":0,"onNewLineOnly":true,"style":"relativeSpaces","transparent":false}	typed_value_with_native_boundary_semantics
AV_Profile	Merge_Into_With_IndentMergeHint.OnNewLineOnly	true	merge.hints.listIndent	{"enabled":false,"offset":0,"onNewLineOnly":true,"style":"relativeSpaces","transparent":false}	typed_value_with_native_boundary_semantics
AV_Profile	Merge_Into_With_InsertSpaceBeforeMergeHint	true	merge.hints.spaceBeforeOpen	"insert"	typed_value_with_native_boundary_semantics
AV_Profile	Merge_Into_With_InsertSpacesWithinMergeHintBraces	false	merge.hints.spaceWithin	"remove"	typed_value_with_native_boundary_semantics
AV_Profile	Merge_Using_LineBreakBeforeUsing	false	merge.using.breakBefore	"never"	typed_value_with_native_boundary_semantics
AV_Profile	Merge_Using_LineBreakAfterUsing	false	merge.using.breakAfter	"never"	typed_value_with_native_boundary_semantics
AV_Profile	Merge_Using_IndentUsingKeyword.Indent	false	merge.using.keywordIndent	{"enabled":false,"offset":0,"onNewLineOnly":true,"style":"relativeSpaces","transparent":false}	typed_value_with_native_boundary_semantics
AV_Profile	Merge_Using_IndentUsingKeyword.Size	0	merge.using.keywordIndent	{"enabled":false,"offset":0,"onNewLineOnly":true,"style":"relativeSpaces","transparent":false}	typed_value_with_native_boundary_semantics
AV_Profile	Merge_Using_IndentUsingKeyword.OnNewLineOnly	true	merge.using.keywordIndent	{"enabled":false,"offset":0,"onNewLineOnly":true,"style":"relativeSpaces","transparent":false}	typed_value_with_native_boundary_semantics
AV_Profile	Merge_Using_Join_UseSameFormattingAsInSelect	true	merge.join.useSelectFormatting	true	typed_value_with_native_boundary_semantics
AV_Profile	Merge_Using_Join_LineBreakBeforeJoin	false	merge.join.breakBefore	"never"	typed_value_with_native_boundary_semantics
AV_Profile	Merge_Using_Join_LineBreakAfterJoin	false	merge.join.breakAfter	"never"	typed_value_with_native_boundary_semantics
AV_Profile	Merge_Using_Join_LineBreakBeforeOn	false	merge.join.onBreakBefore	"never"	typed_value_with_native_boundary_semantics
AV_Profile	Merge_Using_Join_LineBreakAfterOn	false	merge.join.onBreakAfter	"never"	typed_value_with_native_boundary_semantics
AV_Profile	Merge_Using_Join_IndentJoinKeyword.Indent	false	merge.join.keywordIndent	{"enabled":false,"offset":0,"onNewLineOnly":true,"style":"relativeSpaces","transparent":true}	typed_value_with_native_boundary_semantics
AV_Profile	Merge_Using_Join_IndentJoinKeyword.Size	0	merge.join.keywordIndent	{"enabled":false,"offset":0,"onNewLineOnly":true,"style":"relativeSpaces","transparent":true}	typed_value_with_native_boundary_semantics
AV_Profile	Merge_Using_Join_IndentJoinKeyword.OnNewLineOnly	true	merge.join.keywordIndent	{"enabled":false,"offset":0,"onNewLineOnly":true,"style":"relativeSpaces","transparent":true}	typed_value_with_native_boundary_semantics
AV_Profile	Merge_Using_Join_IndentJoinKeyword.Transparent	true	merge.join.keywordIndent	{"enabled":false,"offset":0,"onNewLineOnly":true,"style":"relativeSpaces","transparent":true}	typed_value_with_native_boundary_semantics
AV_Profile	Merge_Using_Join_IndentTableAfterJoin.Indent	false	merge.join.tableIndent	{"enabled":false,"offset":0,"onNewLineOnly":true,"style":"relativeSpaces","transparent":false}	typed_value_with_native_boundary_semantics
AV_Profile	Merge_Using_Join_IndentTableAfterJoin.Size	0	merge.join.tableIndent	{"enabled":false,"offset":0,"onNewLineOnly":true,"style":"relativeSpaces","transparent":false}	typed_value_with_native_boundary_semantics
AV_Profile	Merge_Using_Join_IndentTableAfterJoin.OnNewLineOnly	true	merge.join.tableIndent	{"enabled":false,"offset":0,"onNewLineOnly":true,"style":"relativeSpaces","transparent":false}	typed_value_with_native_boundary_semantics
AV_Profile	Merge_Using_Join_IndentOnKeyword.Indent	false	merge.join.onKeywordIndent	{"enabled":false,"offset":0,"onNewLineOnly":true,"style":"relativeSpaces","transparent":false}	typed_value_with_native_boundary_semantics
AV_Profile	Merge_Using_Join_IndentOnKeyword.Size	0	merge.join.onKeywordIndent	{"enabled":false,"offset":0,"onNewLineOnly":true,"style":"relativeSpaces","transparent":false}	typed_value_with_native_boundary_semantics
AV_Profile	Merge_Using_Join_IndentOnKeyword.OnNewLineOnly	true	merge.join.onKeywordIndent	{"enabled":false,"offset":0,"onNewLineOnly":true,"style":"relativeSpaces","transparent":false}	typed_value_with_native_boundary_semantics
AV_Profile	Merge_Using_Join_IndentOnCondition.Indent	false	merge.join.onConditionIndent	{"enabled":false,"offset":0,"onNewLineOnly":true,"style":"relativeSpaces","transparent":false}	typed_value_with_native_boundary_semantics
AV_Profile	Merge_Using_Join_IndentOnCondition.Size	0	merge.join.onConditionIndent	{"enabled":false,"offset":0,"onNewLineOnly":true,"style":"relativeSpaces","transparent":false}	typed_value_with_native_boundary_semantics
AV_Profile	Merge_Using_Join_IndentOnCondition.OnNewLineOnly	true	merge.join.onConditionIndent	{"enabled":false,"offset":0,"onNewLineOnly":true,"style":"relativeSpaces","transparent":false}	typed_value_with_native_boundary_semantics
AV_Profile	Merge_Using_Join_IndentWrapConditionNestedOperations.Indent	false	merge.join.nestedConditionIndent	{"enabled":false,"offset":0,"onNewLineOnly":true,"style":"relativeSpaces","transparent":false}	typed_value_with_native_boundary_semantics
AV_Profile	Merge_Using_Join_IndentWrapConditionNestedOperations.Size	0	merge.join.nestedConditionIndent	{"enabled":false,"offset":0,"onNewLineOnly":true,"style":"relativeSpaces","transparent":false}	typed_value_with_native_boundary_semantics
AV_Profile	Merge_Using_Join_IndentWrapConditionNestedOperations.OnNewLineOnly	true	merge.join.nestedConditionIndent	{"enabled":false,"offset":0,"onNewLineOnly":true,"style":"relativeSpaces","transparent":false}	typed_value_with_native_boundary_semantics
AV_Profile	Merge_Using_Join_WrapConditionMode	0	merge.join.wrapCondition	"none"	native_policy_numeric_mode_not_certified
AV_Profile	Merge_Using_Join_WrapBeforeOperatorMode	1	merge.join.wrapBeforeOperator	"inherit"	native_policy_numeric_mode_not_certified
AV_Profile	Merge_Using_Join_WrapAfterOperatorMode	1	merge.join.wrapAfterOperator	"never"	native_policy_numeric_mode_not_certified
AV_Profile	Merge_Using_Values_LineBreakBeforeValues	false	merge.values.breakBeforeKeyword	"never"	typed_value_with_native_boundary_semantics
AV_Profile	Merge_Using_Values_LineBreakAfterValues	false	merge.values.breakAfterKeyword	"never"	typed_value_with_native_boundary_semantics
AV_Profile	Merge_Using_Values_LineBreakAfterOpenBrace	false	merge.values.breakAfterOpen	"never"	typed_value_with_native_boundary_semantics
AV_Profile	Merge_Using_Values_LineBreakBeforeClosingBrace	false	merge.values.breakBeforeClose	"never"	typed_value_with_native_boundary_semantics
AV_Profile	Merge_Using_Values_IndentValuesKeyword.Indent	false	merge.values.keywordIndent	{"enabled":false,"offset":0,"onNewLineOnly":true,"style":"relativeSpaces","transparent":false}	typed_value_with_native_boundary_semantics
AV_Profile	Merge_Using_Values_IndentValuesKeyword.Size	0	merge.values.keywordIndent	{"enabled":false,"offset":0,"onNewLineOnly":true,"style":"relativeSpaces","transparent":false}	typed_value_with_native_boundary_semantics
AV_Profile	Merge_Using_Values_IndentValuesKeyword.OnNewLineOnly	true	merge.values.keywordIndent	{"enabled":false,"offset":0,"onNewLineOnly":true,"style":"relativeSpaces","transparent":false}	typed_value_with_native_boundary_semantics
AV_Profile	Merge_Using_Values_IndentValuesExpressionsListBraces.Indent	false	merge.values.braceIndent	{"enabled":false,"offset":0,"onNewLineOnly":true,"style":"relativeSpaces","transparent":false}	typed_value_with_native_boundary_semantics
AV_Profile	Merge_Using_Values_IndentValuesExpressionsListBraces.Size	0	merge.values.braceIndent	{"enabled":false,"offset":0,"onNewLineOnly":true,"style":"relativeSpaces","transparent":false}	typed_value_with_native_boundary_semantics
AV_Profile	Merge_Using_Values_IndentValuesExpressionsListBraces.OnNewLineOnly	true	merge.values.braceIndent	{"enabled":false,"offset":0,"onNewLineOnly":true,"style":"relativeSpaces","transparent":false}	typed_value_with_native_boundary_semantics
AV_Profile	Merge_Using_Values_IndentValuesExpressionsList.Indent	false	merge.values.listIndent	{"enabled":false,"offset":0,"onNewLineOnly":true,"style":"relativeSpaces","transparent":false}	typed_value_with_native_boundary_semantics
AV_Profile	Merge_Using_Values_IndentValuesExpressionsList.Size	0	merge.values.listIndent	{"enabled":false,"offset":0,"onNewLineOnly":true,"style":"relativeSpaces","transparent":false}	typed_value_with_native_boundary_semantics
AV_Profile	Merge_Using_Values_IndentValuesExpressionsList.OnNewLineOnly	true	merge.values.listIndent	{"enabled":false,"offset":0,"onNewLineOnly":true,"style":"relativeSpaces","transparent":false}	typed_value_with_native_boundary_semantics
AV_Profile	Merge_Using_Values_InsertSpaceAfterValuesKeyword	false	merge.values.spaceAfterKeyword	"remove"	typed_value_with_native_boundary_semantics
AV_Profile	Merge_Using_Values_InsertSpacesWithinValuesExpressionsListBraces	false	merge.values.spaceWithin	"remove"	typed_value_with_native_boundary_semantics
AV_Profile	Merge_Using_Values_StackValuesExpressionsList	false	merge.values.stackList	"off"	typed_value_with_native_boundary_semantics
AV_Profile	Merge_Using_Values_StackValuesExpressionsRowsList	false	merge.values.stackRows	"off"	typed_value_with_native_boundary_semantics
AV_Profile	Merge_Using_Values_StackValuesExpressionsListMode	1	merge.values.stackMode	"onePerLine"	native_policy_numeric_mode_not_certified
AV_Profile	Merge_Using_Values_StackValuesExpressionsRowsListMode	1	merge.values.stackRowsMode	"onePerLine"	native_policy_numeric_mode_not_certified
AV_Profile	Merge_On_LineBreakBeforeOn	true	merge.on.breakBefore	"always"	typed_value_with_native_boundary_semantics
AV_Profile	Merge_On_LineBreakAfterOn	false	merge.on.breakAfter	"never"	typed_value_with_native_boundary_semantics
AV_Profile	Merge_On_IndentOnKeyword.Indent	false	merge.on.keywordIndent	{"enabled":false,"offset":0,"onNewLineOnly":true,"style":"relativeSpaces","transparent":false}	typed_value_with_native_boundary_semantics
AV_Profile	Merge_On_IndentOnKeyword.Size	0	merge.on.keywordIndent	{"enabled":false,"offset":0,"onNewLineOnly":true,"style":"relativeSpaces","transparent":false}	typed_value_with_native_boundary_semantics
AV_Profile	Merge_On_IndentOnKeyword.OnNewLineOnly	true	merge.on.keywordIndent	{"enabled":false,"offset":0,"onNewLineOnly":true,"style":"relativeSpaces","transparent":false}	typed_value_with_native_boundary_semantics
AV_Profile	Merge_On_IndentOnConditions.Indent	true	merge.on.conditionIndent	{"enabled":true,"offset":0,"onNewLineOnly":true,"style":"relativeSpaces","transparent":false}	typed_value_with_native_boundary_semantics
AV_Profile	Merge_On_IndentOnConditions.Size	0	merge.on.conditionIndent	{"enabled":true,"offset":0,"onNewLineOnly":true,"style":"relativeSpaces","transparent":false}	typed_value_with_native_boundary_semantics
AV_Profile	Merge_On_IndentOnConditions.OnNewLineOnly	true	merge.on.conditionIndent	{"enabled":true,"offset":0,"onNewLineOnly":true,"style":"relativeSpaces","transparent":false}	typed_value_with_native_boundary_semantics
AV_Profile	Merge_On_IndentWrapConditionNestedOperations.Indent	false	merge.on.nestedConditionIndent	{"enabled":false,"offset":0,"onNewLineOnly":true,"style":"relativeSpaces","transparent":false}	typed_value_with_native_boundary_semantics
AV_Profile	Merge_On_IndentWrapConditionNestedOperations.Size	0	merge.on.nestedConditionIndent	{"enabled":false,"offset":0,"onNewLineOnly":true,"style":"relativeSpaces","transparent":false}	typed_value_with_native_boundary_semantics
AV_Profile	Merge_On_IndentWrapConditionNestedOperations.OnNewLineOnly	true	merge.on.nestedConditionIndent	{"enabled":false,"offset":0,"onNewLineOnly":true,"style":"relativeSpaces","transparent":false}	typed_value_with_native_boundary_semantics
AV_Profile	Merge_On_WrapConditionMode	1	merge.on.wrapCondition	"both"	native_policy_numeric_mode_not_certified
AV_Profile	Merge_On_WrapBeforeOperatorMode	1	merge.on.wrapBeforeOperator	"inherit"	native_policy_numeric_mode_not_certified
AV_Profile	Merge_On_WrapAfterOperatorMode	1	merge.on.wrapAfterOperator	"never"	native_policy_numeric_mode_not_certified
AV_Profile	Merge_When_LineBreakBeforeWhen	true	merge.when.breakBefore	"always"	typed_value_with_native_boundary_semantics
AV_Profile	Merge_When_LineBreakAfterWhen	false	merge.when.breakAfter	"never"	typed_value_with_native_boundary_semantics
AV_Profile	Merge_When_IndentWhen.Indent	false	merge.when.keywordIndent	{"enabled":false,"offset":0,"onNewLineOnly":true,"style":"relativeSpaces","transparent":false}	typed_value_with_native_boundary_semantics
AV_Profile	Merge_When_IndentWhen.Size	0	merge.when.keywordIndent	{"enabled":false,"offset":0,"onNewLineOnly":true,"style":"relativeSpaces","transparent":false}	typed_value_with_native_boundary_semantics
AV_Profile	Merge_When_IndentWhen.OnNewLineOnly	true	merge.when.keywordIndent	{"enabled":false,"offset":0,"onNewLineOnly":true,"style":"relativeSpaces","transparent":false}	typed_value_with_native_boundary_semantics
AV_Profile	Merge_When_IndentWhenConditions.Indent	true	merge.when.conditionIndent	{"enabled":true,"offset":0,"onNewLineOnly":true,"style":"relativeSpaces","transparent":false}	typed_value_with_native_boundary_semantics
AV_Profile	Merge_When_IndentWhenConditions.Size	0	merge.when.conditionIndent	{"enabled":true,"offset":0,"onNewLineOnly":true,"style":"relativeSpaces","transparent":false}	typed_value_with_native_boundary_semantics
AV_Profile	Merge_When_IndentWhenConditions.OnNewLineOnly	true	merge.when.conditionIndent	{"enabled":true,"offset":0,"onNewLineOnly":true,"style":"relativeSpaces","transparent":false}	typed_value_with_native_boundary_semantics
AV_Profile	Merge_When_IndentWrapConditionNestedOperations.Indent	false	merge.when.nestedConditionIndent	{"enabled":false,"offset":0,"onNewLineOnly":true,"style":"relativeSpaces","transparent":false}	typed_value_with_native_boundary_semantics
AV_Profile	Merge_When_IndentWrapConditionNestedOperations.Size	0	merge.when.nestedConditionIndent	{"enabled":false,"offset":0,"onNewLineOnly":true,"style":"relativeSpaces","transparent":false}	typed_value_with_native_boundary_semantics
AV_Profile	Merge_When_IndentWrapConditionNestedOperations.OnNewLineOnly	true	merge.when.nestedConditionIndent	{"enabled":false,"offset":0,"onNewLineOnly":true,"style":"relativeSpaces","transparent":false}	typed_value_with_native_boundary_semantics
AV_Profile	Merge_When_WrapConditionMode	1	merge.when.wrapCondition	"both"	native_policy_numeric_mode_not_certified
AV_Profile	Merge_When_WrapBeforeOperatorMode	1	merge.when.wrapBeforeOperator	"inherit"	native_policy_numeric_mode_not_certified
AV_Profile	Merge_When_WrapAfterOperatorMode	1	merge.when.wrapAfterOperator	"never"	native_policy_numeric_mode_not_certified
AV_Profile	Merge_Then_LineBreakBeforeThen	true	merge.then.breakBefore	"always"	typed_value_with_native_boundary_semantics
AV_Profile	Merge_Then_LineBreakAfterThen	false	merge.then.breakAfter	"never"	typed_value_with_native_boundary_semantics
AV_Profile	Merge_Then_IndentThen.Indent	true	merge.then.keywordIndent	{"enabled":true,"offset":0,"onNewLineOnly":true,"style":"relativeSpaces","transparent":false}	typed_value_with_native_boundary_semantics
AV_Profile	Merge_Then_IndentThen.Size	0	merge.then.keywordIndent	{"enabled":true,"offset":0,"onNewLineOnly":true,"style":"relativeSpaces","transparent":false}	typed_value_with_native_boundary_semantics
AV_Profile	Merge_Then_IndentThen.OnNewLineOnly	true	merge.then.keywordIndent	{"enabled":true,"offset":0,"onNewLineOnly":true,"style":"relativeSpaces","transparent":false}	typed_value_with_native_boundary_semantics
AV_Profile	Merge_Then_IndentThenActions.Indent	true	merge.then.actionIndent	{"enabled":true,"offset":0,"onNewLineOnly":true,"style":"relativeSpaces","transparent":false}	typed_value_with_native_boundary_semantics
AV_Profile	Merge_Then_IndentThenActions.Size	0	merge.then.actionIndent	{"enabled":true,"offset":0,"onNewLineOnly":true,"style":"relativeSpaces","transparent":false}	typed_value_with_native_boundary_semantics
AV_Profile	Merge_Then_IndentThenActions.OnNewLineOnly	true	merge.then.actionIndent	{"enabled":true,"offset":0,"onNewLineOnly":true,"style":"relativeSpaces","transparent":false}	typed_value_with_native_boundary_semantics
AV_Profile	Merge_Then_Update_UseSameFormattingAsInUpdate	true	merge.update.useStatementFormatting	true	typed_value_with_native_boundary_semantics
AV_Profile	Merge_Then_Update_SetClause_LineBreakBeforeSet	false	merge.update.set.breakBefore	"never"	typed_value_with_native_boundary_semantics
AV_Profile	Merge_Then_Update_SetClause_LineBreakAfterSet	false	merge.update.set.breakAfter	"never"	typed_value_with_native_boundary_semantics
AV_Profile	Merge_Then_Update_SetClause_IndentSetKeyword.Indent	false	merge.update.set.keywordIndent	{"enabled":false,"offset":0,"onNewLineOnly":true,"style":"relativeSpaces","transparent":false}	typed_value_with_native_boundary_semantics
AV_Profile	Merge_Then_Update_SetClause_IndentSetKeyword.Size	0	merge.update.set.keywordIndent	{"enabled":false,"offset":0,"onNewLineOnly":true,"style":"relativeSpaces","transparent":false}	typed_value_with_native_boundary_semantics
AV_Profile	Merge_Then_Update_SetClause_IndentSetKeyword.OnNewLineOnly	true	merge.update.set.keywordIndent	{"enabled":false,"offset":0,"onNewLineOnly":true,"style":"relativeSpaces","transparent":false}	typed_value_with_native_boundary_semantics
AV_Profile	Merge_Then_Update_SetClause_IndentColumnAssignmentsList.Indent	false	merge.update.set.listIndent	{"enabled":false,"offset":0,"onNewLineOnly":true,"style":"relativeSpaces","transparent":false}	typed_value_with_native_boundary_semantics
AV_Profile	Merge_Then_Update_SetClause_IndentColumnAssignmentsList.Size	0	merge.update.set.listIndent	{"enabled":false,"offset":0,"onNewLineOnly":true,"style":"relativeSpaces","transparent":false}	typed_value_with_native_boundary_semantics
AV_Profile	Merge_Then_Update_SetClause_IndentColumnAssignmentsList.OnNewLineOnly	true	merge.update.set.listIndent	{"enabled":false,"offset":0,"onNewLineOnly":true,"style":"relativeSpaces","transparent":false}	typed_value_with_native_boundary_semantics
AV_Profile	Merge_Then_Update_SetClause_StackColumnAssignmentsList	false	merge.update.set.stackList	"off"	typed_value_with_native_boundary_semantics
AV_Profile	Merge_Then_Update_SetClause_StackColumnAssignmentsListMode	2	merge.update.set.stackMode	"auto"	native_policy_numeric_mode_not_certified
AV_Profile	Merge_Then_Insert_UseSameFormattingAsInInsert	true	merge.insert.useStatementFormatting	true	typed_value_with_native_boundary_semantics
AV_Profile	Merge_Then_Insert_ColumnList_LineBreakBeforeOpenBrace	false	merge.insert.columns.breakBeforeOpen	"never"	typed_value_with_native_boundary_semantics
AV_Profile	Merge_Then_Insert_ColumnList_LineBreakAfterOpenBrace	false	merge.insert.columns.breakAfterOpen	"never"	typed_value_with_native_boundary_semantics
AV_Profile	Merge_Then_Insert_ColumnList_LineBreakBeforeClosingBrace	false	merge.insert.columns.breakBeforeClose	"never"	typed_value_with_native_boundary_semantics
AV_Profile	Merge_Then_Insert_ColumnList_IndentColumnListBraces.Indent	false	merge.insert.columns.braceIndent	{"enabled":false,"offset":0,"onNewLineOnly":true,"style":"relativeSpaces","transparent":false}	typed_value_with_native_boundary_semantics
AV_Profile	Merge_Then_Insert_ColumnList_IndentColumnListBraces.Size	0	merge.insert.columns.braceIndent	{"enabled":false,"offset":0,"onNewLineOnly":true,"style":"relativeSpaces","transparent":false}	typed_value_with_native_boundary_semantics
AV_Profile	Merge_Then_Insert_ColumnList_IndentColumnListBraces.OnNewLineOnly	true	merge.insert.columns.braceIndent	{"enabled":false,"offset":0,"onNewLineOnly":true,"style":"relativeSpaces","transparent":false}	typed_value_with_native_boundary_semantics
AV_Profile	Merge_Then_Insert_ColumnList_IndentColumnList.Indent	false	merge.insert.columns.listIndent	{"enabled":false,"offset":0,"onNewLineOnly":true,"style":"relativeSpaces","transparent":false}	typed_value_with_native_boundary_semantics
AV_Profile	Merge_Then_Insert_ColumnList_IndentColumnList.Size	0	merge.insert.columns.listIndent	{"enabled":false,"offset":0,"onNewLineOnly":true,"style":"relativeSpaces","transparent":false}	typed_value_with_native_boundary_semantics
AV_Profile	Merge_Then_Insert_ColumnList_IndentColumnList.OnNewLineOnly	true	merge.insert.columns.listIndent	{"enabled":false,"offset":0,"onNewLineOnly":true,"style":"relativeSpaces","transparent":false}	typed_value_with_native_boundary_semantics
AV_Profile	Merge_Then_Insert_ColumnList_InsertSpaceBeforeColumnsList	false	merge.insert.columns.spaceBeforeOpen	"remove"	typed_value_with_native_boundary_semantics
AV_Profile	Merge_Then_Insert_ColumnList_InsertSpacesWithinColumnsListBraces	false	merge.insert.columns.spaceWithin	"remove"	typed_value_with_native_boundary_semantics
AV_Profile	Merge_Then_Insert_ColumnList_StackColumnsList	false	merge.insert.columns.stackList	"off"	typed_value_with_native_boundary_semantics
AV_Profile	Merge_Then_Insert_ColumnList_StackColumnsListMode	1	merge.insert.columns.stackMode	"onePerLine"	native_policy_numeric_mode_not_certified
AV_Profile	Merge_Then_Insert_Values_LineBreakBeforeValues	false	merge.insert.values.breakBeforeKeyword	"never"	typed_value_with_native_boundary_semantics
AV_Profile	Merge_Then_Insert_Values_LineBreakAfterValues	false	merge.insert.values.breakAfterKeyword	"never"	typed_value_with_native_boundary_semantics
AV_Profile	Merge_Then_Insert_Values_LineBreakAfterOpenBrace	false	merge.insert.values.breakAfterOpen	"never"	typed_value_with_native_boundary_semantics
AV_Profile	Merge_Then_Insert_Values_LineBreakBeforeClosingBrace	false	merge.insert.values.breakBeforeClose	"never"	typed_value_with_native_boundary_semantics
AV_Profile	Merge_Then_Insert_Values_IndentValuesKeyword.Indent	false	merge.insert.values.keywordIndent	{"enabled":false,"offset":0,"onNewLineOnly":true,"style":"relativeSpaces","transparent":false}	typed_value_with_native_boundary_semantics
AV_Profile	Merge_Then_Insert_Values_IndentValuesKeyword.Size	0	merge.insert.values.keywordIndent	{"enabled":false,"offset":0,"onNewLineOnly":true,"style":"relativeSpaces","transparent":false}	typed_value_with_native_boundary_semantics
AV_Profile	Merge_Then_Insert_Values_IndentValuesKeyword.OnNewLineOnly	true	merge.insert.values.keywordIndent	{"enabled":false,"offset":0,"onNewLineOnly":true,"style":"relativeSpaces","transparent":false}	typed_value_with_native_boundary_semantics
AV_Profile	Merge_Then_Insert_Values_IndentValuesExpressionsListBraces.Indent	false	merge.insert.values.braceIndent	{"enabled":false,"offset":0,"onNewLineOnly":true,"style":"relativeSpaces","transparent":false}	typed_value_with_native_boundary_semantics
AV_Profile	Merge_Then_Insert_Values_IndentValuesExpressionsListBraces.Size	0	merge.insert.values.braceIndent	{"enabled":false,"offset":0,"onNewLineOnly":true,"style":"relativeSpaces","transparent":false}	typed_value_with_native_boundary_semantics
AV_Profile	Merge_Then_Insert_Values_IndentValuesExpressionsListBraces.OnNewLineOnly	true	merge.insert.values.braceIndent	{"enabled":false,"offset":0,"onNewLineOnly":true,"style":"relativeSpaces","transparent":false}	typed_value_with_native_boundary_semantics
AV_Profile	Merge_Then_Insert_Values_IndentValuesExpressionsList.Indent	false	merge.insert.values.listIndent	{"enabled":false,"offset":0,"onNewLineOnly":true,"style":"relativeSpaces","transparent":false}	typed_value_with_native_boundary_semantics
AV_Profile	Merge_Then_Insert_Values_IndentValuesExpressionsList.Size	0	merge.insert.values.listIndent	{"enabled":false,"offset":0,"onNewLineOnly":true,"style":"relativeSpaces","transparent":false}	typed_value_with_native_boundary_semantics
AV_Profile	Merge_Then_Insert_Values_IndentValuesExpressionsList.OnNewLineOnly	true	merge.insert.values.listIndent	{"enabled":false,"offset":0,"onNewLineOnly":true,"style":"relativeSpaces","transparent":false}	typed_value_with_native_boundary_semantics
AV_Profile	Merge_Then_Insert_Values_InsertSpaceAfterValuesKeyword	false	merge.insert.values.spaceAfterKeyword	"remove"	typed_value_with_native_boundary_semantics
AV_Profile	Merge_Then_Insert_Values_InsertSpacesWithinValuesExpressionsListBraces	false	merge.insert.values.spaceWithin	"remove"	typed_value_with_native_boundary_semantics
AV_Profile	Merge_Then_Insert_Values_StackValuesExpressionsList	false	merge.insert.values.stackList	"off"	typed_value_with_native_boundary_semantics
AV_Profile	Merge_Then_Insert_Values_StackValuesExpressionsListMode	1	merge.insert.values.stackMode	"onePerLine"	native_policy_numeric_mode_not_certified
AV_Profile	Merge_Output_LineBreakBeforeOutput	true	merge.output.breakBefore	"always"	typed_value_with_native_boundary_semantics
AV_Profile	Merge_Output_LineBreakAfterOutput	false	merge.output.breakAfter	"never"	typed_value_with_native_boundary_semantics
AV_Profile	Merge_Output_IndentOutputKeyword.Indent	false	merge.output.keywordIndent	{"enabled":false,"offset":0,"onNewLineOnly":true,"style":"relativeSpaces","transparent":false}	typed_value_with_native_boundary_semantics
AV_Profile	Merge_Output_IndentOutputKeyword.Size	0	merge.output.keywordIndent	{"enabled":false,"offset":0,"onNewLineOnly":true,"style":"relativeSpaces","transparent":false}	typed_value_with_native_boundary_semantics
AV_Profile	Merge_Output_IndentOutputKeyword.OnNewLineOnly	true	merge.output.keywordIndent	{"enabled":false,"offset":0,"onNewLineOnly":true,"style":"relativeSpaces","transparent":false}	typed_value_with_native_boundary_semantics
AV_Profile	Merge_Output_IndentOutputParameters.Indent	false	merge.output.listIndent	{"enabled":false,"offset":0,"onNewLineOnly":true,"style":"relativeSpaces","transparent":false}	typed_value_with_native_boundary_semantics
AV_Profile	Merge_Output_IndentOutputParameters.Size	0	merge.output.listIndent	{"enabled":false,"offset":0,"onNewLineOnly":true,"style":"relativeSpaces","transparent":false}	typed_value_with_native_boundary_semantics
AV_Profile	Merge_Output_IndentOutputParameters.OnNewLineOnly	true	merge.output.listIndent	{"enabled":false,"offset":0,"onNewLineOnly":true,"style":"relativeSpaces","transparent":false}	typed_value_with_native_boundary_semantics
AV_Profile	Merge_Output_StackColumns	true	merge.output.stackList	"on"	typed_value_with_native_boundary_semantics
AV_Profile	Merge_Output_StackColumnsMode	1	merge.output.stackMode	"onePerLine"	native_policy_numeric_mode_not_certified
AV_Profile	Merge_OptionHints_LineBreakBeforeOption	true	merge.option.breakBefore	"always"	typed_value_with_native_boundary_semantics
AV_Profile	Merge_OptionHints_LineBreakAfterOption	false	merge.option.breakAfter	"never"	typed_value_with_native_boundary_semantics
AV_Profile	Merge_OptionHints_IndentOptionKeyword.Indent	false	merge.option.keywordIndent	{"enabled":false,"offset":0,"onNewLineOnly":true,"style":"relativeSpaces","transparent":false}	typed_value_with_native_boundary_semantics
AV_Profile	Merge_OptionHints_IndentOptionKeyword.Size	0	merge.option.keywordIndent	{"enabled":false,"offset":0,"onNewLineOnly":true,"style":"relativeSpaces","transparent":false}	typed_value_with_native_boundary_semantics
AV_Profile	Merge_OptionHints_IndentOptionKeyword.OnNewLineOnly	true	merge.option.keywordIndent	{"enabled":false,"offset":0,"onNewLineOnly":true,"style":"relativeSpaces","transparent":false}	typed_value_with_native_boundary_semantics
AV_Profile	Merge_OptionHints_IndentOptionHints.Indent	false	merge.option.hintsIndent	{"enabled":false,"offset":0,"onNewLineOnly":true,"style":"relativeSpaces","transparent":false}	typed_value_with_native_boundary_semantics
AV_Profile	Merge_OptionHints_IndentOptionHints.Size	0	merge.option.hintsIndent	{"enabled":false,"offset":0,"onNewLineOnly":true,"style":"relativeSpaces","transparent":false}	typed_value_with_native_boundary_semantics
AV_Profile	Merge_OptionHints_IndentOptionHints.OnNewLineOnly	true	merge.option.hintsIndent	{"enabled":false,"offset":0,"onNewLineOnly":true,"style":"relativeSpaces","transparent":false}	typed_value_with_native_boundary_semantics
AV_Profile	Case_LineBreakBeforeCase	true	case.breakBeforeCase	"always"	typed_value_with_native_boundary_semantics
AV_Profile	Case_IndentCaseOperation.Indent	false	case.caseIndent	{"enabled":false,"offset":0,"onNewLineOnly":true,"style":"relativeSpaces","transparent":false}	typed_value_with_native_boundary_semantics
AV_Profile	Case_IndentCaseOperation.Size	0	case.caseIndent	{"enabled":false,"offset":0,"onNewLineOnly":true,"style":"relativeSpaces","transparent":false}	typed_value_with_native_boundary_semantics
AV_Profile	Case_IndentCaseOperation.OnNewLineOnly	true	case.caseIndent	{"enabled":false,"offset":0,"onNewLineOnly":true,"style":"relativeSpaces","transparent":false}	typed_value_with_native_boundary_semantics
AV_Profile	Case_IndentCaseOperation.Style	3	case.caseIndent	{"enabled":false,"offset":0,"onNewLineOnly":true,"style":"relativeSpaces","transparent":false}	native_policy_numeric_mode_not_certified
AV_Profile	Case_LineBreakBeforeInputExpression	false	case.breakBeforeInput	"never"	typed_value_with_native_boundary_semantics
AV_Profile	Case_IndentInputExpression.Indent	false	case.inputIndent	{"enabled":false,"offset":0,"onNewLineOnly":true,"style":"relativeSpaces","transparent":false}	typed_value_with_native_boundary_semantics
AV_Profile	Case_IndentInputExpression.Size	0	case.inputIndent	{"enabled":false,"offset":0,"onNewLineOnly":true,"style":"relativeSpaces","transparent":false}	typed_value_with_native_boundary_semantics
AV_Profile	Case_IndentInputExpression.OnNewLineOnly	true	case.inputIndent	{"enabled":false,"offset":0,"onNewLineOnly":true,"style":"relativeSpaces","transparent":false}	typed_value_with_native_boundary_semantics
AV_Profile	Case_LineBreakBeforeWhenElse	true	case.breakBeforeWhenElse	"always"	typed_value_with_native_boundary_semantics
AV_Profile	Case_IndentWhenKeyword.Indent	true	case.whenKeywordIndent	{"enabled":true,"offset":0,"onNewLineOnly":true,"style":"relativeSpaces","transparent":false}	typed_value_with_native_boundary_semantics
AV_Profile	Case_IndentWhenKeyword.Size	0	case.whenKeywordIndent	{"enabled":true,"offset":0,"onNewLineOnly":true,"style":"relativeSpaces","transparent":false}	typed_value_with_native_boundary_semantics
AV_Profile	Case_IndentWhenKeyword.OnNewLineOnly	true	case.whenKeywordIndent	{"enabled":true,"offset":0,"onNewLineOnly":true,"style":"relativeSpaces","transparent":false}	typed_value_with_native_boundary_semantics
AV_Profile	Case_IndentWhenExpression.Indent	true	case.whenExpressionIndent	{"enabled":true,"offset":0,"onNewLineOnly":true,"style":"relativeSpaces","transparent":false}	typed_value_with_native_boundary_semantics
AV_Profile	Case_IndentWhenExpression.Size	0	case.whenExpressionIndent	{"enabled":true,"offset":0,"onNewLineOnly":true,"style":"relativeSpaces","transparent":false}	typed_value_with_native_boundary_semantics
AV_Profile	Case_IndentWhenExpression.OnNewLineOnly	true	case.whenExpressionIndent	{"enabled":true,"offset":0,"onNewLineOnly":true,"style":"relativeSpaces","transparent":false}	typed_value_with_native_boundary_semantics
AV_Profile	Case_IndentWrapConditionNestedOperations.Indent	false	case.nestedConditionIndent	{"enabled":false,"offset":0,"onNewLineOnly":true,"style":"relativeSpaces","transparent":false}	typed_value_with_native_boundary_semantics
AV_Profile	Case_IndentWrapConditionNestedOperations.Size	0	case.nestedConditionIndent	{"enabled":false,"offset":0,"onNewLineOnly":true,"style":"relativeSpaces","transparent":false}	typed_value_with_native_boundary_semantics
AV_Profile	Case_IndentWrapConditionNestedOperations.OnNewLineOnly	true	case.nestedConditionIndent	{"enabled":false,"offset":0,"onNewLineOnly":true,"style":"relativeSpaces","transparent":false}	typed_value_with_native_boundary_semantics
AV_Profile	Case_WrapConditionMode	2	case.wrapCondition	"both"	native_policy_numeric_mode_not_certified
AV_Profile	Case_WrapBeforeOperatorMode	1	case.wrapBeforeOperator	"inherit"	native_policy_numeric_mode_not_certified
AV_Profile	Case_WrapAfterOperatorMode	1	case.wrapAfterOperator	"never"	native_policy_numeric_mode_not_certified
AV_Profile	Case_LineBreakBeforeThen	false	case.breakBeforeThen	"never"	typed_value_with_native_boundary_semantics
AV_Profile	Case_IndentThenKeyword.Indent	false	case.thenKeywordIndent	{"enabled":false,"offset":0,"onNewLineOnly":true,"style":"relativeSpaces","transparent":false}	typed_value_with_native_boundary_semantics
AV_Profile	Case_IndentThenKeyword.Size	0	case.thenKeywordIndent	{"enabled":false,"offset":0,"onNewLineOnly":true,"style":"relativeSpaces","transparent":false}	typed_value_with_native_boundary_semantics
AV_Profile	Case_IndentThenKeyword.OnNewLineOnly	true	case.thenKeywordIndent	{"enabled":false,"offset":0,"onNewLineOnly":true,"style":"relativeSpaces","transparent":false}	typed_value_with_native_boundary_semantics
AV_Profile	Case_LineBreakAfterThenElse	false	case.breakAfterThenElse	"never"	typed_value_with_native_boundary_semantics
AV_Profile	Case_LineBreakBeforeEnd	true	case.breakBeforeEnd	"always"	typed_value_with_native_boundary_semantics
AV_Profile	Case_IndentCode.Indent	true	case.codeIndent	{"enabled":true,"offset":0,"onNewLineOnly":true,"style":"relativeSpaces","transparent":false}	typed_value_with_native_boundary_semantics
AV_Profile	Case_IndentCode.Size	0	case.codeIndent	{"enabled":true,"offset":0,"onNewLineOnly":true,"style":"relativeSpaces","transparent":false}	typed_value_with_native_boundary_semantics
AV_Profile	Case_IndentCode.OnNewLineOnly	true	case.codeIndent	{"enabled":true,"offset":0,"onNewLineOnly":true,"style":"relativeSpaces","transparent":false}	typed_value_with_native_boundary_semantics
AV_Profile	Code_PlaceEachStatementOnASeparateLine	true	code.separateStatements	"always"	typed_value_with_native_boundary_semantics
AV_Profile	Code_LineBreakAfterBegin	true	code.breakAfterBegin	"always"	typed_value_with_native_boundary_semantics
AV_Profile	Code_LineBreakBeforeEnd	true	code.breakBeforeEnd	"always"	typed_value_with_native_boundary_semantics
AV_Profile	Code_Transaction_IndentTranBody.Indent	false	code.transaction.bodyIndent	{"enabled":false,"offset":0,"onNewLineOnly":true,"style":"relativeSpaces","transparent":false}	typed_value_with_native_boundary_semantics
AV_Profile	Code_Transaction_IndentTranBody.Size	0	code.transaction.bodyIndent	{"enabled":false,"offset":0,"onNewLineOnly":true,"style":"relativeSpaces","transparent":false}	typed_value_with_native_boundary_semantics
AV_Profile	Code_Transaction_IndentTranBody.OnNewLineOnly	true	code.transaction.bodyIndent	{"enabled":false,"offset":0,"onNewLineOnly":true,"style":"relativeSpaces","transparent":false}	typed_value_with_native_boundary_semantics
AV_Profile	Code_AnonymousBlocks_AddEmptyLinesAround	false	code.block.blankLinesAround	false	typed_value_with_native_boundary_semantics
AV_Profile	Code_AnonymousBlocks_LineBreakBeforeBeginCatch	true	code.block.breakBeforeCatch	"always"	typed_value_with_native_boundary_semantics
AV_Profile	Code_AnonymousBlocks_IndentCode.Indent	true	code.block.bodyIndent	{"enabled":true,"offset":0,"onNewLineOnly":true,"style":"relativeSpaces","transparent":false}	typed_value_with_native_boundary_semantics
AV_Profile	Code_AnonymousBlocks_IndentCode.Size	0	code.block.bodyIndent	{"enabled":true,"offset":0,"onNewLineOnly":true,"style":"relativeSpaces","transparent":false}	typed_value_with_native_boundary_semantics
AV_Profile	Code_AnonymousBlocks_IndentCode.OnNewLineOnly	true	code.block.bodyIndent	{"enabled":true,"offset":0,"onNewLineOnly":true,"style":"relativeSpaces","transparent":false}	typed_value_with_native_boundary_semantics
AV_Profile	Code_If_AddEmptyLinesAroundIfStatement	false	code.if.blankLinesAround	false	typed_value_with_native_boundary_semantics
AV_Profile	Code_If_LineBreakAfterCondition	true	code.if.breakAfterCondition	"always"	typed_value_with_native_boundary_semantics
AV_Profile	Code_If_LineBreakBeforeElse	true	code.if.breakBeforeElse	"always"	typed_value_with_native_boundary_semantics
AV_Profile	Code_If_LineBreakAfterElse	true	code.if.breakAfterElse	"always"	typed_value_with_native_boundary_semantics
AV_Profile	Code_If_IndentCondition.Indent	true	code.if.conditionIndent	{"enabled":true,"offset":0,"onNewLineOnly":true,"style":"relativeSpaces","transparent":false}	typed_value_with_native_boundary_semantics
AV_Profile	Code_If_IndentCondition.Size	0	code.if.conditionIndent	{"enabled":true,"offset":0,"onNewLineOnly":true,"style":"relativeSpaces","transparent":false}	typed_value_with_native_boundary_semantics
AV_Profile	Code_If_IndentCondition.OnNewLineOnly	true	code.if.conditionIndent	{"enabled":true,"offset":0,"onNewLineOnly":true,"style":"relativeSpaces","transparent":false}	typed_value_with_native_boundary_semantics
AV_Profile	Code_If_IndentBeginEndKeywords.Indent	false	code.if.keywordIndent	{"enabled":false,"offset":0,"onNewLineOnly":true,"style":"relativeSpaces","transparent":false}	typed_value_with_native_boundary_semantics
AV_Profile	Code_If_IndentBeginEndKeywords.Size	0	code.if.keywordIndent	{"enabled":false,"offset":0,"onNewLineOnly":true,"style":"relativeSpaces","transparent":false}	typed_value_with_native_boundary_semantics
AV_Profile	Code_If_IndentBeginEndKeywords.OnNewLineOnly	true	code.if.keywordIndent	{"enabled":false,"offset":0,"onNewLineOnly":true,"style":"relativeSpaces","transparent":false}	typed_value_with_native_boundary_semantics
AV_Profile	Code_If_IndentCode.Indent	true	code.if.bodyIndent	{"enabled":true,"offset":0,"onNewLineOnly":true,"style":"relativeSpaces","transparent":false}	typed_value_with_native_boundary_semantics
AV_Profile	Code_If_IndentCode.Size	0	code.if.bodyIndent	{"enabled":true,"offset":0,"onNewLineOnly":true,"style":"relativeSpaces","transparent":false}	typed_value_with_native_boundary_semantics
AV_Profile	Code_If_IndentCode.OnNewLineOnly	true	code.if.bodyIndent	{"enabled":true,"offset":0,"onNewLineOnly":true,"style":"relativeSpaces","transparent":false}	typed_value_with_native_boundary_semantics
AV_Profile	Code_If_IndentWrapConditionNestedOperations.Indent	false	code.if.nestedConditionIndent	{"enabled":false,"offset":0,"onNewLineOnly":true,"style":"relativeSpaces","transparent":false}	typed_value_with_native_boundary_semantics
AV_Profile	Code_If_IndentWrapConditionNestedOperations.Size	0	code.if.nestedConditionIndent	{"enabled":false,"offset":0,"onNewLineOnly":true,"style":"relativeSpaces","transparent":false}	typed_value_with_native_boundary_semantics
AV_Profile	Code_If_IndentWrapConditionNestedOperations.OnNewLineOnly	true	code.if.nestedConditionIndent	{"enabled":false,"offset":0,"onNewLineOnly":true,"style":"relativeSpaces","transparent":false}	typed_value_with_native_boundary_semantics
AV_Profile	Code_If_WrapConditionMode	1	code.if.wrapCondition	"both"	native_policy_numeric_mode_not_certified
AV_Profile	Code_If_WrapBeforeOperatorMode	1	code.if.wrapBeforeOperator	"inherit"	native_policy_numeric_mode_not_certified
AV_Profile	Code_If_WrapAfterOperatorMode	1	code.if.wrapAfterOperator	"never"	native_policy_numeric_mode_not_certified
AV_Profile	Code_While_AddEmptyLinesAround	false	code.while.blankLinesAround	false	typed_value_with_native_boundary_semantics
AV_Profile	Code_While_LineBreakAfterCondition	true	code.while.breakAfterCondition	"always"	typed_value_with_native_boundary_semantics
AV_Profile	Code_While_IndentCondition.Indent	false	code.while.conditionIndent	{"enabled":false,"offset":0,"onNewLineOnly":true,"style":"relativeSpaces","transparent":false}	typed_value_with_native_boundary_semantics
AV_Profile	Code_While_IndentCondition.Size	0	code.while.conditionIndent	{"enabled":false,"offset":0,"onNewLineOnly":true,"style":"relativeSpaces","transparent":false}	typed_value_with_native_boundary_semantics
AV_Profile	Code_While_IndentCondition.OnNewLineOnly	true	code.while.conditionIndent	{"enabled":false,"offset":0,"onNewLineOnly":true,"style":"relativeSpaces","transparent":false}	typed_value_with_native_boundary_semantics
AV_Profile	Code_While_IndentBeginEndKeywords.Indent	false	code.while.keywordIndent	{"enabled":false,"offset":0,"onNewLineOnly":true,"style":"relativeSpaces","transparent":false}	typed_value_with_native_boundary_semantics
AV_Profile	Code_While_IndentBeginEndKeywords.Size	0	code.while.keywordIndent	{"enabled":false,"offset":0,"onNewLineOnly":true,"style":"relativeSpaces","transparent":false}	typed_value_with_native_boundary_semantics
AV_Profile	Code_While_IndentBeginEndKeywords.OnNewLineOnly	true	code.while.keywordIndent	{"enabled":false,"offset":0,"onNewLineOnly":true,"style":"relativeSpaces","transparent":false}	typed_value_with_native_boundary_semantics
AV_Profile	Code_While_IndentCode.Indent	false	code.while.bodyIndent	{"enabled":false,"offset":0,"onNewLineOnly":true,"style":"relativeSpaces","transparent":false}	typed_value_with_native_boundary_semantics
AV_Profile	Code_While_IndentCode.Size	0	code.while.bodyIndent	{"enabled":false,"offset":0,"onNewLineOnly":true,"style":"relativeSpaces","transparent":false}	typed_value_with_native_boundary_semantics
AV_Profile	Code_While_IndentCode.OnNewLineOnly	true	code.while.bodyIndent	{"enabled":false,"offset":0,"onNewLineOnly":true,"style":"relativeSpaces","transparent":false}	typed_value_with_native_boundary_semantics
AV_Profile	Code_While_IndentWrapConditionNestedOperations.Indent	false	code.while.nestedConditionIndent	{"enabled":false,"offset":0,"onNewLineOnly":true,"style":"relativeSpaces","transparent":false}	typed_value_with_native_boundary_semantics
AV_Profile	Code_While_IndentWrapConditionNestedOperations.Size	0	code.while.nestedConditionIndent	{"enabled":false,"offset":0,"onNewLineOnly":true,"style":"relativeSpaces","transparent":false}	typed_value_with_native_boundary_semantics
AV_Profile	Code_While_IndentWrapConditionNestedOperations.OnNewLineOnly	true	code.while.nestedConditionIndent	{"enabled":false,"offset":0,"onNewLineOnly":true,"style":"relativeSpaces","transparent":false}	typed_value_with_native_boundary_semantics
AV_Profile	Code_While_WrapConditionMode	1	code.while.wrapCondition	"both"	native_policy_numeric_mode_not_certified
AV_Profile	Code_While_WrapBeforeOperatorMode	1	code.while.wrapBeforeOperator	"inherit"	native_policy_numeric_mode_not_certified
AV_Profile	Code_While_WrapAfterOperatorMode	1	code.while.wrapAfterOperator	"never"	native_policy_numeric_mode_not_certified
AV_Profile	Spacing_Delimiters_InsertSpaceBeforeComma	false	spacing.beforeComma	"remove"	typed_value_with_native_boundary_semantics
AV_Profile	Spacing_Delimiters_InsertSpaceAfterComma	true	spacing.afterComma	"insert"	typed_value_with_native_boundary_semantics
AV_Profile	Spacing_Delimiters_InsertSpaceBeforeDot	false	spacing.beforeDot	"remove"	typed_value_with_native_boundary_semantics
AV_Profile	Spacing_Delimiters_InsertSpaceAfterDot	false	spacing.afterDot	"remove"	typed_value_with_native_boundary_semantics
AV_Profile	Spacing_Delimiters_InsertSpaceBeforeScopeResolutionOperator	false	spacing.beforeScopeResolution	"remove"	typed_value_with_native_boundary_semantics
AV_Profile	Spacing_Delimiters_InsertSpaceAfterScopeResolutionOperator	false	spacing.afterScopeResolution	"remove"	typed_value_with_native_boundary_semantics
AV_Profile	Spacing_ArithmeticalOperators_SpacesAroundBinaryOperators	0	spacing.arithmeticOperators	"insert"	native_policy_numeric_mode_not_certified
AV_Profile	Spacing_FunctionCalls_InsertSpaceBeforeArgumentsList	false	spacing.beforeFunctionArguments	"remove"	typed_value_with_native_boundary_semantics
AV_Profile	Spacing_FunctionCalls_InsertSpacesWithinArgumentsListBraces	false	spacing.withinFunctionArguments	"remove"	typed_value_with_native_boundary_semantics
AV_Profile	Spacing_FunctionCalls_InsertSpaceWithinEmptyArgumentsListBraces	false	spacing.withinEmptyFunctionArguments	"remove"	typed_value_with_native_boundary_semantics
AV_Profile	TextCase_Builtin	0	textCase.builtin	"upper"	native_policy_numeric_mode_not_certified
AV_Profile	TextCase_DataType	0	textCase.dataType	"upper"	native_policy_numeric_mode_not_certified
AV_Profile	TextCase_Identifier	3	textCase.identifier	"preserve"	native_policy_numeric_mode_not_certified
AV_Profile	TextCase_Keyword	0	textCase.keyword	"upper"	native_policy_numeric_mode_not_certified
AV_Profile	TextCase_Variable	3	textCase.variable	"preserve"	native_policy_numeric_mode_not_certified
AV_Profile	TextCase_Alias	3	textCase.alias	"preserve"	native_policy_numeric_mode_not_certified
AV_Profile	TextCase_FormatQuotedIdentifier	true	textCase.formatQuotedIdentifier	true	typed_value_with_native_boundary_semantics
AV_Profile	Misc_AddEmptyLineAfterPackageDelimiter	false	misc.packageDelimiterBlankLine	false	typed_value_with_native_boundary_semantics
AV_Profile	Misc_AddEmptyLineAfterPackageDelimiterMode	0	misc.packageDelimiterBlankLineMode	"after"	native_policy_numeric_mode_not_certified
AV_Profile	Subquery_OptionHints_LineBreakBeforeOption	true	-	-	previous_user_approved_exclusion
AV_Profile	Subquery_OptionHints_LineBreakAfterOption	false	-	-	previous_user_approved_exclusion
AV_Profile	Subquery_OptionHints_IndentOptionKeyword.Indent	false	-	-	previous_user_approved_exclusion
AV_Profile	Subquery_OptionHints_IndentOptionKeyword.Size	0	-	-	previous_user_approved_exclusion
AV_Profile	Subquery_OptionHints_IndentOptionKeyword.OnNewLineOnly	true	-	-	previous_user_approved_exclusion
AV_Profile	Subquery_OptionHints_IndentOptionHints.Indent	false	-	-	previous_user_approved_exclusion
AV_Profile	Subquery_OptionHints_IndentOptionHints.Size	0	-	-	previous_user_approved_exclusion
AV_Profile	Subquery_OptionHints_IndentOptionHints.OnNewLineOnly	true	-	-	previous_user_approved_exclusion
Right-aligned-EPM-AWB2	Select_SingleLine_WhenRightMarginIsNotExceeded	false	select.singleLine.whenFitsMargin	false	typed_value_with_native_boundary_semantics
Right-aligned-EPM-AWB2	Select_SingleLine_WhenQueryIsShorterThanXCharacters.Checked	true	select.singleLine.maxCharacters.enabled	{"enabled":true,"value":50}	typed_value_with_native_boundary_semantics
Right-aligned-EPM-AWB2	Select_SingleLine_WhenQueryIsShorterThanXCharacters.Value	50	select.singleLine.maxCharacters.value	{"enabled":true,"value":50}	typed_value_with_native_boundary_semantics
Right-aligned-EPM-AWB2	Select_SingleLine_WhenQueryContainsLessThanXWords.Checked	false	select.singleLine.maxWords.enabled	{"enabled":false,"value":10}	typed_value_with_native_boundary_semantics
Right-aligned-EPM-AWB2	Select_SingleLine_WhenQueryContainsLessThanXWords.Value	10	select.singleLine.maxWords.value	{"enabled":false,"value":10}	typed_value_with_native_boundary_semantics
Right-aligned-EPM-AWB2	Select_SelectList_LineBreakBeforeFirstColumn	true	select.list.breakBeforeFirstColumn	"always"	typed_value_with_native_boundary_semantics
Right-aligned-EPM-AWB2	Select_SelectList_IndentColumnList.Indent	true	select.list.indent.enabled	{"enabled":true,"offset":0,"onNewLineOnly":true,"style":"relativeSpaces","transparent":false}	typed_value_with_native_boundary_semantics
Right-aligned-EPM-AWB2	Select_SelectList_IndentColumnList.Size	0	select.list.indent.offset	{"enabled":true,"offset":0,"onNewLineOnly":true,"style":"relativeSpaces","transparent":false}	typed_value_with_native_boundary_semantics
Right-aligned-EPM-AWB2	Select_SelectList_IndentColumnList.OnNewLineOnly	true	select.list.indent.onNewLineOnly	{"enabled":true,"offset":0,"onNewLineOnly":true,"style":"relativeSpaces","transparent":false}	typed_value_with_native_boundary_semantics
Right-aligned-EPM-AWB2	Select_SelectList_StackColumns	true	select.list.stackColumns	"on"	typed_value_with_native_boundary_semantics
Right-aligned-EPM-AWB2	Select_SelectList_StackColumnsMode	2	select.list.stackMode	"auto"	native_policy_numeric_mode_not_certified
Right-aligned-EPM-AWB2	Select_Into_LineBreakBeforeInto	true	select.into.breakBefore	"always"	typed_value_with_native_boundary_semantics
Right-aligned-EPM-AWB2	Select_Into_LineBreakAfterInto	false	select.into.breakAfter	"never"	typed_value_with_native_boundary_semantics
Right-aligned-EPM-AWB2	Select_Into_IndentIntoKeyword.Indent	true	select.into.keywordIndent.enabled	{"enabled":true,"offset":2,"onNewLineOnly":true,"style":"relativeSpaces","transparent":false}	typed_value_with_native_boundary_semantics
Right-aligned-EPM-AWB2	Select_Into_IndentIntoKeyword.Size	2	select.into.keywordIndent.offset	{"enabled":true,"offset":2,"onNewLineOnly":true,"style":"relativeSpaces","transparent":false}	typed_value_with_native_boundary_semantics
Right-aligned-EPM-AWB2	Select_Into_IndentIntoKeyword.OnNewLineOnly	true	select.into.keywordIndent.onNewLineOnly	{"enabled":true,"offset":2,"onNewLineOnly":true,"style":"relativeSpaces","transparent":false}	typed_value_with_native_boundary_semantics
Right-aligned-EPM-AWB2	Select_Into_IndentTable.Indent	false	select.into.tableIndent.enabled	{"enabled":false,"offset":0,"onNewLineOnly":true,"style":"relativeSpaces","transparent":false}	typed_value_with_native_boundary_semantics
Right-aligned-EPM-AWB2	Select_Into_IndentTable.Size	0	select.into.tableIndent.offset	{"enabled":false,"offset":0,"onNewLineOnly":true,"style":"relativeSpaces","transparent":false}	typed_value_with_native_boundary_semantics
Right-aligned-EPM-AWB2	Select_Into_IndentTable.OnNewLineOnly	true	select.into.tableIndent.onNewLineOnly	{"enabled":false,"offset":0,"onNewLineOnly":true,"style":"relativeSpaces","transparent":false}	typed_value_with_native_boundary_semantics
Right-aligned-EPM-AWB2	Select_From_LineBreakBeforeFrom	true	select.from.breakBefore	"always"	typed_value_with_native_boundary_semantics
Right-aligned-EPM-AWB2	Select_From_LineBreakAfterFrom	false	select.from.breakAfter	"never"	typed_value_with_native_boundary_semantics
Right-aligned-EPM-AWB2	Select_From_IndentFromKeyword.Indent	true	select.from.keywordIndent.enabled	{"enabled":true,"offset":2,"onNewLineOnly":true,"style":"relativeSpaces","transparent":false}	typed_value_with_native_boundary_semantics
Right-aligned-EPM-AWB2	Select_From_IndentFromKeyword.Size	2	select.from.keywordIndent.offset	{"enabled":true,"offset":2,"onNewLineOnly":true,"style":"relativeSpaces","transparent":false}	typed_value_with_native_boundary_semantics
Right-aligned-EPM-AWB2	Select_From_IndentFromKeyword.OnNewLineOnly	true	select.from.keywordIndent.onNewLineOnly	{"enabled":true,"offset":2,"onNewLineOnly":true,"style":"relativeSpaces","transparent":false}	typed_value_with_native_boundary_semantics
Right-aligned-EPM-AWB2	Select_From_IndentFromList.Indent	false	select.from.listIndent.enabled	{"enabled":false,"offset":0,"onNewLineOnly":true,"style":"relativeSpaces","transparent":false}	typed_value_with_native_boundary_semantics
Right-aligned-EPM-AWB2	Select_From_IndentFromList.Size	0	select.from.listIndent.offset	{"enabled":false,"offset":0,"onNewLineOnly":true,"style":"relativeSpaces","transparent":false}	typed_value_with_native_boundary_semantics
Right-aligned-EPM-AWB2	Select_From_IndentFromList.OnNewLineOnly	true	select.from.listIndent.onNewLineOnly	{"enabled":false,"offset":0,"onNewLineOnly":true,"style":"relativeSpaces","transparent":false}	typed_value_with_native_boundary_semantics
Right-aligned-EPM-AWB2	Select_From_StackFromList	true	select.from.stackList	"on"	typed_value_with_native_boundary_semantics
Right-aligned-EPM-AWB2	Select_From_StackFromListMode	1	select.from.stackMode	"onePerLine"	native_policy_numeric_mode_not_certified
Right-aligned-EPM-AWB2	Select_From_Join_LineBreakBeforeJoin	true	select.join.breakBefore	"always"	typed_value_with_native_boundary_semantics
Right-aligned-EPM-AWB2	Select_From_Join_LineBreakAfterJoin	false	select.join.breakAfter	"never"	typed_value_with_native_boundary_semantics
Right-aligned-EPM-AWB2	Select_From_Join_LineBreakBeforeOn	false	select.join.onBreakBefore	"never"	typed_value_with_native_boundary_semantics
Right-aligned-EPM-AWB2	Select_From_Join_LineBreakAfterOn	false	select.join.onBreakAfter	"never"	typed_value_with_native_boundary_semantics
Right-aligned-EPM-AWB2	Select_From_Join_IndentJoinKeyword.Indent	true	select.join.keywordIndent.enabled	{"enabled":true,"offset":0,"onNewLineOnly":true,"style":"relativeSpaces","transparent":true}	typed_value_with_native_boundary_semantics
Right-aligned-EPM-AWB2	Select_From_Join_IndentJoinKeyword.Size	0	select.join.keywordIndent.offset	{"enabled":true,"offset":0,"onNewLineOnly":true,"style":"relativeSpaces","transparent":true}	typed_value_with_native_boundary_semantics
Right-aligned-EPM-AWB2	Select_From_Join_IndentJoinKeyword.OnNewLineOnly	true	select.join.keywordIndent.onNewLineOnly	{"enabled":true,"offset":0,"onNewLineOnly":true,"style":"relativeSpaces","transparent":true}	typed_value_with_native_boundary_semantics
Right-aligned-EPM-AWB2	Select_From_Join_IndentJoinKeyword.Style	4	select.join.keywordIndent.style	{"enabled":true,"offset":0,"onNewLineOnly":true,"style":"relativeSpaces","transparent":true}	native_policy_numeric_mode_not_certified
Right-aligned-EPM-AWB2	Select_From_Join_IndentJoinKeyword.Transparent	true	select.join.keywordIndent.transparent	{"enabled":true,"offset":0,"onNewLineOnly":true,"style":"relativeSpaces","transparent":true}	typed_value_with_native_boundary_semantics
Right-aligned-EPM-AWB2	Select_From_Join_IndentTableAfterJoin.Indent	false	select.join.tableIndent.enabled	{"enabled":false,"offset":0,"onNewLineOnly":true,"style":"relativeSpaces","transparent":false}	typed_value_with_native_boundary_semantics
Right-aligned-EPM-AWB2	Select_From_Join_IndentTableAfterJoin.Size	0	select.join.tableIndent.offset	{"enabled":false,"offset":0,"onNewLineOnly":true,"style":"relativeSpaces","transparent":false}	typed_value_with_native_boundary_semantics
Right-aligned-EPM-AWB2	Select_From_Join_IndentTableAfterJoin.OnNewLineOnly	true	select.join.tableIndent.onNewLineOnly	{"enabled":false,"offset":0,"onNewLineOnly":true,"style":"relativeSpaces","transparent":false}	typed_value_with_native_boundary_semantics
Right-aligned-EPM-AWB2	Select_From_Join_IndentOnKeyword.Indent	true	select.join.onKeywordIndent.enabled	{"enabled":true,"offset":2,"onNewLineOnly":true,"style":"relativeSpaces","transparent":false}	typed_value_with_native_boundary_semantics
Right-aligned-EPM-AWB2	Select_From_Join_IndentOnKeyword.Size	2	select.join.onKeywordIndent.offset	{"enabled":true,"offset":2,"onNewLineOnly":true,"style":"relativeSpaces","transparent":false}	typed_value_with_native_boundary_semantics
Right-aligned-EPM-AWB2	Select_From_Join_IndentOnKeyword.OnNewLineOnly	true	select.join.onKeywordIndent.onNewLineOnly	{"enabled":true,"offset":2,"onNewLineOnly":true,"style":"relativeSpaces","transparent":false}	typed_value_with_native_boundary_semantics
Right-aligned-EPM-AWB2	Select_From_Join_IndentOnCondition.Indent	true	select.join.onConditionIndent.enabled	{"enabled":true,"offset":-1,"onNewLineOnly":true,"style":"relativeSpaces","transparent":false}	typed_value_with_native_boundary_semantics
Right-aligned-EPM-AWB2	Select_From_Join_IndentOnCondition.Size	-1	select.join.onConditionIndent.offset	{"enabled":true,"offset":-1,"onNewLineOnly":true,"style":"relativeSpaces","transparent":false}	typed_value_with_native_boundary_semantics
Right-aligned-EPM-AWB2	Select_From_Join_IndentOnCondition.OnNewLineOnly	true	select.join.onConditionIndent.onNewLineOnly	{"enabled":true,"offset":-1,"onNewLineOnly":true,"style":"relativeSpaces","transparent":false}	typed_value_with_native_boundary_semantics
Right-aligned-EPM-AWB2	Select_From_Join_IndentWrapConditionNestedOperations.Indent	true	select.join.nestedConditionIndent.enabled	{"enabled":true,"offset":3,"onNewLineOnly":true,"style":"relativeSpaces","transparent":false}	typed_value_with_native_boundary_semantics
Right-aligned-EPM-AWB2	Select_From_Join_IndentWrapConditionNestedOperations.Size	3	select.join.nestedConditionIndent.offset	{"enabled":true,"offset":3,"onNewLineOnly":true,"style":"relativeSpaces","transparent":false}	typed_value_with_native_boundary_semantics
Right-aligned-EPM-AWB2	Select_From_Join_IndentWrapConditionNestedOperations.OnNewLineOnly	true	select.join.nestedConditionIndent.onNewLineOnly	{"enabled":true,"offset":3,"onNewLineOnly":true,"style":"relativeSpaces","transparent":false}	typed_value_with_native_boundary_semantics
Right-aligned-EPM-AWB2	Select_From_Join_WrapConditionMode	0	select.join.wrapCondition	"none"	native_policy_numeric_mode_not_certified
Right-aligned-EPM-AWB2	Select_From_Join_WrapBeforeOperatorMode	2	select.join.wrapBeforeOperator	"always"	native_policy_numeric_mode_not_certified
Right-aligned-EPM-AWB2	Select_From_Join_WrapAfterOperatorMode	1	select.join.wrapAfterOperator	"never"	native_policy_numeric_mode_not_certified
Right-aligned-EPM-AWB2	Select_Where_LineBreakBeforeWhere	true	select.where.breakBefore	"always"	typed_value_with_native_boundary_semantics
Right-aligned-EPM-AWB2	Select_Where_LineBreakAfterWhere	false	select.where.breakAfter	"never"	typed_value_with_native_boundary_semantics
Right-aligned-EPM-AWB2	Select_Where_IndentWhereKeyword.Indent	true	select.where.keywordIndent.enabled	{"enabled":true,"offset":1,"onNewLineOnly":true,"style":"relativeSpaces","transparent":false}	typed_value_with_native_boundary_semantics
Right-aligned-EPM-AWB2	Select_Where_IndentWhereKeyword.Size	1	select.where.keywordIndent.offset	{"enabled":true,"offset":1,"onNewLineOnly":true,"style":"relativeSpaces","transparent":false}	typed_value_with_native_boundary_semantics
Right-aligned-EPM-AWB2	Select_Where_IndentWhereKeyword.OnNewLineOnly	true	select.where.keywordIndent.onNewLineOnly	{"enabled":true,"offset":1,"onNewLineOnly":true,"style":"relativeSpaces","transparent":false}	typed_value_with_native_boundary_semantics
Right-aligned-EPM-AWB2	Select_Where_IndentWhereCondition.Indent	true	select.where.conditionIndent.enabled	{"enabled":true,"offset":2,"onNewLineOnly":true,"style":"relativeSpaces","transparent":false}	typed_value_with_native_boundary_semantics
Right-aligned-EPM-AWB2	Select_Where_IndentWhereCondition.Size	2	select.where.conditionIndent.offset	{"enabled":true,"offset":2,"onNewLineOnly":true,"style":"relativeSpaces","transparent":false}	typed_value_with_native_boundary_semantics
Right-aligned-EPM-AWB2	Select_Where_IndentWhereCondition.OnNewLineOnly	true	select.where.conditionIndent.onNewLineOnly	{"enabled":true,"offset":2,"onNewLineOnly":true,"style":"relativeSpaces","transparent":false}	typed_value_with_native_boundary_semantics
Right-aligned-EPM-AWB2	Select_Where_IndentWrapConditionNestedOperations.Indent	true	select.where.nestedConditionIndent.enabled	{"enabled":true,"offset":5,"onNewLineOnly":true,"style":"relativeSpaces","transparent":false}	typed_value_with_native_boundary_semantics
Right-aligned-EPM-AWB2	Select_Where_IndentWrapConditionNestedOperations.Size	5	select.where.nestedConditionIndent.offset	{"enabled":true,"offset":5,"onNewLineOnly":true,"style":"relativeSpaces","transparent":false}	typed_value_with_native_boundary_semantics
Right-aligned-EPM-AWB2	Select_Where_IndentWrapConditionNestedOperations.OnNewLineOnly	true	select.where.nestedConditionIndent.onNewLineOnly	{"enabled":true,"offset":5,"onNewLineOnly":true,"style":"relativeSpaces","transparent":false}	typed_value_with_native_boundary_semantics
Right-aligned-EPM-AWB2	Select_Where_WrapConditionMode	1	select.where.wrapCondition	"both"	native_policy_numeric_mode_not_certified
Right-aligned-EPM-AWB2	Select_Where_WrapBeforeOperatorMode	1	select.where.wrapBeforeOperator	"inherit"	native_policy_numeric_mode_not_certified
Right-aligned-EPM-AWB2	Select_Where_WrapAfterOperatorMode	1	select.where.wrapAfterOperator	"never"	native_policy_numeric_mode_not_certified
Right-aligned-EPM-AWB2	Select_GroupBy_LineBreakBeforeGroup	true	select.groupBy.breakBefore	"always"	typed_value_with_native_boundary_semantics
Right-aligned-EPM-AWB2	Select_GroupBy_LineBreakBeforeGroupByExpression	false	select.groupBy.breakAfter	"never"	typed_value_with_native_boundary_semantics
Right-aligned-EPM-AWB2	Select_GroupBy_IndentGroupByPhrase.Indent	false	select.groupBy.keywordIndent.enabled	{"enabled":false,"offset":0,"onNewLineOnly":true,"style":"relativeSpaces","transparent":false}	typed_value_with_native_boundary_semantics
Right-aligned-EPM-AWB2	Select_GroupBy_IndentGroupByPhrase.Size	0	select.groupBy.keywordIndent.offset	{"enabled":false,"offset":0,"onNewLineOnly":true,"style":"relativeSpaces","transparent":false}	typed_value_with_native_boundary_semantics
Right-aligned-EPM-AWB2	Select_GroupBy_IndentGroupByPhrase.OnNewLineOnly	true	select.groupBy.keywordIndent.onNewLineOnly	{"enabled":false,"offset":0,"onNewLineOnly":true,"style":"relativeSpaces","transparent":false}	typed_value_with_native_boundary_semantics
Right-aligned-EPM-AWB2	Select_GroupBy_IndentColumnList.Indent	false	select.groupBy.listIndent.enabled	{"enabled":false,"offset":0,"onNewLineOnly":true,"style":"relativeSpaces","transparent":false}	typed_value_with_native_boundary_semantics
Right-aligned-EPM-AWB2	Select_GroupBy_IndentColumnList.Size	0	select.groupBy.listIndent.offset	{"enabled":false,"offset":0,"onNewLineOnly":true,"style":"relativeSpaces","transparent":false}	typed_value_with_native_boundary_semantics
Right-aligned-EPM-AWB2	Select_GroupBy_IndentColumnList.OnNewLineOnly	true	select.groupBy.listIndent.onNewLineOnly	{"enabled":false,"offset":0,"onNewLineOnly":true,"style":"relativeSpaces","transparent":false}	typed_value_with_native_boundary_semantics
Right-aligned-EPM-AWB2	Select_GroupBy_StackColumnsList	true	select.groupBy.stackList	"on"	typed_value_with_native_boundary_semantics
Right-aligned-EPM-AWB2	Select_GroupBy_StackColumnsListMode	1	select.groupBy.stackMode	"onePerLine"	native_policy_numeric_mode_not_certified
Right-aligned-EPM-AWB2	Select_Having_LineBreakBeforeHaving	true	select.having.breakBefore	"always"	typed_value_with_native_boundary_semantics
Right-aligned-EPM-AWB2	Select_Having_LineBreakAfterHaving	false	select.having.breakAfter	"never"	typed_value_with_native_boundary_semantics
Right-aligned-EPM-AWB2	Select_Having_IndentHavingKeyword.Indent	false	select.having.keywordIndent.enabled	{"enabled":false,"offset":0,"onNewLineOnly":true,"style":"relativeSpaces","transparent":false}	typed_value_with_native_boundary_semantics
Right-aligned-EPM-AWB2	Select_Having_IndentHavingKeyword.Size	0	select.having.keywordIndent.offset	{"enabled":false,"offset":0,"onNewLineOnly":true,"style":"relativeSpaces","transparent":false}	typed_value_with_native_boundary_semantics
Right-aligned-EPM-AWB2	Select_Having_IndentHavingKeyword.OnNewLineOnly	true	select.having.keywordIndent.onNewLineOnly	{"enabled":false,"offset":0,"onNewLineOnly":true,"style":"relativeSpaces","transparent":false}	typed_value_with_native_boundary_semantics
Right-aligned-EPM-AWB2	Select_Having_IndentHavingCondition.Indent	true	select.having.conditionIndent.enabled	{"enabled":true,"offset":3,"onNewLineOnly":true,"style":"relativeSpaces","transparent":false}	typed_value_with_native_boundary_semantics
Right-aligned-EPM-AWB2	Select_Having_IndentHavingCondition.Size	3	select.having.conditionIndent.offset	{"enabled":true,"offset":3,"onNewLineOnly":true,"style":"relativeSpaces","transparent":false}	typed_value_with_native_boundary_semantics
Right-aligned-EPM-AWB2	Select_Having_IndentHavingCondition.OnNewLineOnly	true	select.having.conditionIndent.onNewLineOnly	{"enabled":true,"offset":3,"onNewLineOnly":true,"style":"relativeSpaces","transparent":false}	typed_value_with_native_boundary_semantics
Right-aligned-EPM-AWB2	Select_Having_IndentWrapConditionNestedOperations.Indent	true	select.having.nestedConditionIndent.enabled	{"enabled":true,"offset":3,"onNewLineOnly":true,"style":"relativeSpaces","transparent":false}	typed_value_with_native_boundary_semantics
Right-aligned-EPM-AWB2	Select_Having_IndentWrapConditionNestedOperations.Size	3	select.having.nestedConditionIndent.offset	{"enabled":true,"offset":3,"onNewLineOnly":true,"style":"relativeSpaces","transparent":false}	typed_value_with_native_boundary_semantics
Right-aligned-EPM-AWB2	Select_Having_IndentWrapConditionNestedOperations.OnNewLineOnly	true	select.having.nestedConditionIndent.onNewLineOnly	{"enabled":true,"offset":3,"onNewLineOnly":true,"style":"relativeSpaces","transparent":false}	typed_value_with_native_boundary_semantics
Right-aligned-EPM-AWB2	Select_Having_WrapConditionMode	1	select.having.wrapCondition	"both"	native_policy_numeric_mode_not_certified
Right-aligned-EPM-AWB2	Select_Having_WrapBeforeOperatorMode	1	select.having.wrapBeforeOperator	"inherit"	native_policy_numeric_mode_not_certified
Right-aligned-EPM-AWB2	Select_Having_WrapAfterOperatorMode	1	select.having.wrapAfterOperator	"never"	native_policy_numeric_mode_not_certified
Right-aligned-EPM-AWB2	Select_OrderBy_LineBreakBeforeOrder	true	select.orderBy.breakBefore	"always"	typed_value_with_native_boundary_semantics
Right-aligned-EPM-AWB2	Select_OrderBy_LineBreakAfterBy	false	select.orderBy.breakAfter	"never"	typed_value_with_native_boundary_semantics
Right-aligned-EPM-AWB2	Select_OrderBy_IndentOrderByPhrase.Indent	true	select.orderBy.keywordIndent.enabled	{"enabled":true,"offset":1,"onNewLineOnly":true,"style":"relativeSpaces","transparent":false}	typed_value_with_native_boundary_semantics
Right-aligned-EPM-AWB2	Select_OrderBy_IndentOrderByPhrase.Size	1	select.orderBy.keywordIndent.offset	{"enabled":true,"offset":1,"onNewLineOnly":true,"style":"relativeSpaces","transparent":false}	typed_value_with_native_boundary_semantics
Right-aligned-EPM-AWB2	Select_OrderBy_IndentOrderByPhrase.OnNewLineOnly	true	select.orderBy.keywordIndent.onNewLineOnly	{"enabled":true,"offset":1,"onNewLineOnly":true,"style":"relativeSpaces","transparent":false}	typed_value_with_native_boundary_semantics
Right-aligned-EPM-AWB2	Select_OrderBy_IndentColumnList.Indent	false	select.orderBy.listIndent.enabled	{"enabled":false,"offset":0,"onNewLineOnly":true,"style":"relativeSpaces","transparent":false}	typed_value_with_native_boundary_semantics
Right-aligned-EPM-AWB2	Select_OrderBy_IndentColumnList.Size	0	select.orderBy.listIndent.offset	{"enabled":false,"offset":0,"onNewLineOnly":true,"style":"relativeSpaces","transparent":false}	typed_value_with_native_boundary_semantics
Right-aligned-EPM-AWB2	Select_OrderBy_IndentColumnList.OnNewLineOnly	true	select.orderBy.listIndent.onNewLineOnly	{"enabled":false,"offset":0,"onNewLineOnly":true,"style":"relativeSpaces","transparent":false}	typed_value_with_native_boundary_semantics
Right-aligned-EPM-AWB2	Select_OrderBy_StackColumnsList	true	select.orderBy.stackList	"on"	typed_value_with_native_boundary_semantics
Right-aligned-EPM-AWB2	Select_OrderBy_StackColumnsListMode	1	select.orderBy.stackMode	"onePerLine"	native_policy_numeric_mode_not_certified
Right-aligned-EPM-AWB2	Select_Compute_LineBreakBeforeCompute	true	select.compute.breakBefore	"always"	typed_value_with_native_boundary_semantics
Right-aligned-EPM-AWB2	Select_Compute_LineBreakAfterCompute	false	select.compute.breakAfter	"never"	typed_value_with_native_boundary_semantics
Right-aligned-EPM-AWB2	Select_Compute_IndentComputeKeyword.Indent	false	select.compute.keywordIndent.enabled	{"enabled":false,"offset":0,"onNewLineOnly":true,"style":"relativeSpaces","transparent":false}	typed_value_with_native_boundary_semantics
Right-aligned-EPM-AWB2	Select_Compute_IndentComputeKeyword.Size	0	select.compute.keywordIndent.offset	{"enabled":false,"offset":0,"onNewLineOnly":true,"style":"relativeSpaces","transparent":false}	typed_value_with_native_boundary_semantics
Right-aligned-EPM-AWB2	Select_Compute_IndentComputeKeyword.OnNewLineOnly	true	select.compute.keywordIndent.onNewLineOnly	{"enabled":false,"offset":0,"onNewLineOnly":true,"style":"relativeSpaces","transparent":false}	typed_value_with_native_boundary_semantics
Right-aligned-EPM-AWB2	Select_Compute_IndentComputeExpression.Indent	true	select.compute.expressionIndent.enabled	{"enabled":true,"offset":0,"onNewLineOnly":true,"style":"relativeSpaces","transparent":false}	typed_value_with_native_boundary_semantics
Right-aligned-EPM-AWB2	Select_Compute_IndentComputeExpression.Size	0	select.compute.expressionIndent.offset	{"enabled":true,"offset":0,"onNewLineOnly":true,"style":"relativeSpaces","transparent":false}	typed_value_with_native_boundary_semantics
Right-aligned-EPM-AWB2	Select_Compute_IndentComputeExpression.OnNewLineOnly	true	select.compute.expressionIndent.onNewLineOnly	{"enabled":true,"offset":0,"onNewLineOnly":true,"style":"relativeSpaces","transparent":false}	typed_value_with_native_boundary_semantics
Right-aligned-EPM-AWB2	Select_ForClause_LineBreakBeforeFor	true	select.for.breakBefore	"always"	typed_value_with_native_boundary_semantics
Right-aligned-EPM-AWB2	Select_ForClause_LineBreakAfterForXml	false	select.for.breakAfterXml	"never"	typed_value_with_native_boundary_semantics
Right-aligned-EPM-AWB2	Select_ForClause_IndentForKeyword.Indent	false	select.for.keywordIndent.enabled	{"enabled":false,"offset":0,"onNewLineOnly":true,"style":"relativeSpaces","transparent":false}	typed_value_with_native_boundary_semantics
Right-aligned-EPM-AWB2	Select_ForClause_IndentForKeyword.Size	0	select.for.keywordIndent.offset	{"enabled":false,"offset":0,"onNewLineOnly":true,"style":"relativeSpaces","transparent":false}	typed_value_with_native_boundary_semantics
Right-aligned-EPM-AWB2	Select_ForClause_IndentForKeyword.OnNewLineOnly	true	select.for.keywordIndent.onNewLineOnly	{"enabled":false,"offset":0,"onNewLineOnly":true,"style":"relativeSpaces","transparent":false}	typed_value_with_native_boundary_semantics
Right-aligned-EPM-AWB2	Select_ForClause_IndentForXmlSpecification.Indent	false	select.for.specIndent.enabled	{"enabled":false,"offset":0,"onNewLineOnly":true,"style":"relativeSpaces","transparent":false}	typed_value_with_native_boundary_semantics
Right-aligned-EPM-AWB2	Select_ForClause_IndentForXmlSpecification.Size	0	select.for.specIndent.offset	{"enabled":false,"offset":0,"onNewLineOnly":true,"style":"relativeSpaces","transparent":false}	typed_value_with_native_boundary_semantics
Right-aligned-EPM-AWB2	Select_ForClause_IndentForXmlSpecification.OnNewLineOnly	true	select.for.specIndent.onNewLineOnly	{"enabled":false,"offset":0,"onNewLineOnly":true,"style":"relativeSpaces","transparent":false}	typed_value_with_native_boundary_semantics
Right-aligned-EPM-AWB2	Select_OptionHints_LineBreakBeforeOption	true	select.option.breakBefore	"always"	typed_value_with_native_boundary_semantics
Right-aligned-EPM-AWB2	Select_OptionHints_LineBreakAfterOption	false	select.option.breakAfter	"never"	typed_value_with_native_boundary_semantics
Right-aligned-EPM-AWB2	Select_OptionHints_IndentOptionKeyword.Indent	false	select.option.keywordIndent.enabled	{"enabled":false,"offset":0,"onNewLineOnly":true,"style":"relativeSpaces","transparent":false}	typed_value_with_native_boundary_semantics
Right-aligned-EPM-AWB2	Select_OptionHints_IndentOptionKeyword.Size	0	select.option.keywordIndent.offset	{"enabled":false,"offset":0,"onNewLineOnly":true,"style":"relativeSpaces","transparent":false}	typed_value_with_native_boundary_semantics
Right-aligned-EPM-AWB2	Select_OptionHints_IndentOptionKeyword.OnNewLineOnly	true	select.option.keywordIndent.onNewLineOnly	{"enabled":false,"offset":0,"onNewLineOnly":true,"style":"relativeSpaces","transparent":false}	typed_value_with_native_boundary_semantics
Right-aligned-EPM-AWB2	Select_OptionHints_IndentOptionHints.Indent	false	select.option.hintsIndent.enabled	{"enabled":false,"offset":0,"onNewLineOnly":true,"style":"relativeSpaces","transparent":false}	typed_value_with_native_boundary_semantics
Right-aligned-EPM-AWB2	Select_OptionHints_IndentOptionHints.Size	0	select.option.hintsIndent.offset	{"enabled":false,"offset":0,"onNewLineOnly":true,"style":"relativeSpaces","transparent":false}	typed_value_with_native_boundary_semantics
Right-aligned-EPM-AWB2	Select_OptionHints_IndentOptionHints.OnNewLineOnly	true	select.option.hintsIndent.onNewLineOnly	{"enabled":false,"offset":0,"onNewLineOnly":true,"style":"relativeSpaces","transparent":false}	typed_value_with_native_boundary_semantics
Right-aligned-EPM-AWB2	Select_Cte_LineBreakAfterWith	false	select.cte.breakAfterWith	"never"	typed_value_with_native_boundary_semantics
Right-aligned-EPM-AWB2	Select_Cte_IndentCommonTableExpression.Indent	false	select.cte.expressionIndent.enabled	{"enabled":false,"offset":2,"onNewLineOnly":true,"style":"relativeSpaces","transparent":false}	typed_value_with_native_boundary_semantics
Right-aligned-EPM-AWB2	Select_Cte_IndentCommonTableExpression.Size	2	select.cte.expressionIndent.offset	{"enabled":false,"offset":2,"onNewLineOnly":true,"style":"relativeSpaces","transparent":false}	typed_value_with_native_boundary_semantics
Right-aligned-EPM-AWB2	Select_Cte_IndentCommonTableExpression.OnNewLineOnly	true	select.cte.expressionIndent.onNewLineOnly	{"enabled":false,"offset":2,"onNewLineOnly":true,"style":"relativeSpaces","transparent":false}	typed_value_with_native_boundary_semantics
Right-aligned-EPM-AWB2	Select_Cte_LineBreakBeforeAs	false	select.cte.breakBeforeAs	"never"	typed_value_with_native_boundary_semantics
Right-aligned-EPM-AWB2	Select_Cte_LineBreakAfterAs	true	select.cte.breakAfterAs	"always"	typed_value_with_native_boundary_semantics
Right-aligned-EPM-AWB2	Select_Cte_IndentSubqueryBraces.Indent	false	select.cte.subqueryBraceIndent.enabled	{"enabled":false,"offset":0,"onNewLineOnly":true,"style":"relativeSpaces","transparent":false}	typed_value_with_native_boundary_semantics
Right-aligned-EPM-AWB2	Select_Cte_IndentSubqueryBraces.Size	0	select.cte.subqueryBraceIndent.offset	{"enabled":false,"offset":0,"onNewLineOnly":true,"style":"relativeSpaces","transparent":false}	typed_value_with_native_boundary_semantics
Right-aligned-EPM-AWB2	Select_Cte_IndentSubqueryBraces.OnNewLineOnly	true	select.cte.subqueryBraceIndent.onNewLineOnly	{"enabled":false,"offset":0,"onNewLineOnly":true,"style":"relativeSpaces","transparent":false}	typed_value_with_native_boundary_semantics
Right-aligned-EPM-AWB2	Select_Cte_ColumnList_LineBreakBeforeColumnListOpenBrace	false	select.cte.breakBeforeColumnOpen	"never"	typed_value_with_native_boundary_semantics
Right-aligned-EPM-AWB2	Select_Cte_ColumnList_LineBreakAfterColumnListOpenBrace	false	select.cte.breakAfterColumnOpen	"never"	typed_value_with_native_boundary_semantics
Right-aligned-EPM-AWB2	Select_Cte_ColumnList_LineBreakBeforeColumnListClosingBrace	false	select.cte.breakBeforeColumnClose	"never"	typed_value_with_native_boundary_semantics
Right-aligned-EPM-AWB2	Select_Cte_ColumnList_IndentColumnListBraces.Indent	false	select.cte.columnBraceIndent.enabled	{"enabled":false,"offset":1,"onNewLineOnly":true,"style":"relativeSpaces","transparent":false}	typed_value_with_native_boundary_semantics
Right-aligned-EPM-AWB2	Select_Cte_ColumnList_IndentColumnListBraces.Size	1	select.cte.columnBraceIndent.offset	{"enabled":false,"offset":1,"onNewLineOnly":true,"style":"relativeSpaces","transparent":false}	typed_value_with_native_boundary_semantics
Right-aligned-EPM-AWB2	Select_Cte_ColumnList_IndentColumnListBraces.OnNewLineOnly	true	select.cte.columnBraceIndent.onNewLineOnly	{"enabled":false,"offset":1,"onNewLineOnly":true,"style":"relativeSpaces","transparent":false}	typed_value_with_native_boundary_semantics
Right-aligned-EPM-AWB2	Select_Cte_ColumnList_IndentColumnList.Indent	false	select.cte.columnListIndent.enabled	{"enabled":false,"offset":0,"onNewLineOnly":true,"style":"relativeSpaces","transparent":false}	typed_value_with_native_boundary_semantics
Right-aligned-EPM-AWB2	Select_Cte_ColumnList_IndentColumnList.Size	0	select.cte.columnListIndent.offset	{"enabled":false,"offset":0,"onNewLineOnly":true,"style":"relativeSpaces","transparent":false}	typed_value_with_native_boundary_semantics
Right-aligned-EPM-AWB2	Select_Cte_ColumnList_IndentColumnList.OnNewLineOnly	true	select.cte.columnListIndent.onNewLineOnly	{"enabled":false,"offset":0,"onNewLineOnly":true,"style":"relativeSpaces","transparent":false}	typed_value_with_native_boundary_semantics
Right-aligned-EPM-AWB2	Select_Cte_ColumnList_StackColumnList	true	select.cte.stackColumns	"on"	typed_value_with_native_boundary_semantics
Right-aligned-EPM-AWB2	Select_Cte_ColumnList_StackColumnListMode	1	select.cte.stackMode	"onePerLine"	native_policy_numeric_mode_not_certified
Right-aligned-EPM-AWB2	Subquery_UseSameFormattingAsInSelect	true	subquery.useSelectFormatting	true	typed_value_with_native_boundary_semantics
Right-aligned-EPM-AWB2	Subquery_LineBreakBeforeOpenBrace	false	subquery.breakBeforeOpen	"never"	typed_value_with_native_boundary_semantics
Right-aligned-EPM-AWB2	Subquery_LineBreakAfterOpenBrace	false	subquery.breakAfterOpen	"never"	typed_value_with_native_boundary_semantics
Right-aligned-EPM-AWB2	Subquery_LineBreakBeforeClosingBrace	false	subquery.breakBeforeClose	"never"	typed_value_with_native_boundary_semantics
Right-aligned-EPM-AWB2	Subquery_LineBreakAfterClosingBrace	false	subquery.breakAfterClose	"never"	typed_value_with_native_boundary_semantics
Right-aligned-EPM-AWB2	Subquery_IndentSubquery.Indent	true	subquery.indent.enabled	{"enabled":true,"offset":4,"onNewLineOnly":false,"style":"relativeSpaces","transparent":false}	typed_value_with_native_boundary_semantics
Right-aligned-EPM-AWB2	Subquery_IndentSubquery.Size	4	subquery.indent.offset	{"enabled":true,"offset":4,"onNewLineOnly":false,"style":"relativeSpaces","transparent":false}	typed_value_with_native_boundary_semantics
Right-aligned-EPM-AWB2	Subquery_IndentSubquery.OnNewLineOnly	false	subquery.indent.onNewLineOnly	{"enabled":true,"offset":4,"onNewLineOnly":false,"style":"relativeSpaces","transparent":false}	typed_value_with_native_boundary_semantics
Right-aligned-EPM-AWB2	Subquery_SingleLine_AllAnySomeExists_AnySubquery	false	subquery.singleLine.allAnySomeExists.any	false	typed_value_with_native_boundary_semantics
Right-aligned-EPM-AWB2	Subquery_SingleLine_AllAnySomeExists_WhenRightMarginIsNotExceeded	true	subquery.singleLine.allAnySomeExists.whenFitsMargin	true	typed_value_with_native_boundary_semantics
Right-aligned-EPM-AWB2	Subquery_SingleLine_AllAnySomeExists_WhenSubqueryIsShorterThanXCharacters.Checked	false	subquery.singleLine.allAnySomeExists.maxCharacters.enabled	{"enabled":false,"value":50}	typed_value_with_native_boundary_semantics
Right-aligned-EPM-AWB2	Subquery_SingleLine_AllAnySomeExists_WhenSubqueryIsShorterThanXCharacters.Value	50	subquery.singleLine.allAnySomeExists.maxCharacters.value	{"enabled":false,"value":50}	typed_value_with_native_boundary_semantics
Right-aligned-EPM-AWB2	Subquery_SingleLine_AllAnySomeExists_WhenSubqueryContainsLessThanXWords.Checked	false	subquery.singleLine.allAnySomeExists.maxWords.enabled	{"enabled":false,"value":10}	typed_value_with_native_boundary_semantics
Right-aligned-EPM-AWB2	Subquery_SingleLine_AllAnySomeExists_WhenSubqueryContainsLessThanXWords.Value	10	subquery.singleLine.allAnySomeExists.maxWords.value	{"enabled":false,"value":10}	typed_value_with_native_boundary_semantics
Right-aligned-EPM-AWB2	Subquery_SingleLine_InOperator_AnySubquery	false	subquery.singleLine.inOperator.any	false	typed_value_with_native_boundary_semantics
Right-aligned-EPM-AWB2	Subquery_SingleLine_InOperator_WhenRightMarginIsNotExceeded	true	subquery.singleLine.inOperator.whenFitsMargin	true	typed_value_with_native_boundary_semantics
Right-aligned-EPM-AWB2	Subquery_SingleLine_InOperator_WhenSubqueryIsShorterThanXCharacters.Checked	false	subquery.singleLine.inOperator.maxCharacters.enabled	{"enabled":false,"value":50}	typed_value_with_native_boundary_semantics
Right-aligned-EPM-AWB2	Subquery_SingleLine_InOperator_WhenSubqueryIsShorterThanXCharacters.Value	50	subquery.singleLine.inOperator.maxCharacters.value	{"enabled":false,"value":50}	typed_value_with_native_boundary_semantics
Right-aligned-EPM-AWB2	Subquery_SingleLine_InOperator_WhenSubqueryContainsLessThanXWords.Checked	false	subquery.singleLine.inOperator.maxWords.enabled	{"enabled":false,"value":10}	typed_value_with_native_boundary_semantics
Right-aligned-EPM-AWB2	Subquery_SingleLine_InOperator_WhenSubqueryContainsLessThanXWords.Value	10	subquery.singleLine.inOperator.maxWords.value	{"enabled":false,"value":10}	typed_value_with_native_boundary_semantics
Right-aligned-EPM-AWB2	Subquery_SingleLine_CteQueries_AnySubquery	false	subquery.singleLine.cteQueries.any	false	typed_value_with_native_boundary_semantics
Right-aligned-EPM-AWB2	Subquery_SingleLine_CteQueries_WhenRightMarginIsNotExceeded	false	subquery.singleLine.cteQueries.whenFitsMargin	false	typed_value_with_native_boundary_semantics
Right-aligned-EPM-AWB2	Subquery_SingleLine_CteQueries_WhenSubqueryIsShorterThanXCharacters.Checked	false	subquery.singleLine.cteQueries.maxCharacters.enabled	{"enabled":false,"value":50}	typed_value_with_native_boundary_semantics
Right-aligned-EPM-AWB2	Subquery_SingleLine_CteQueries_WhenSubqueryIsShorterThanXCharacters.Value	50	subquery.singleLine.cteQueries.maxCharacters.value	{"enabled":false,"value":50}	typed_value_with_native_boundary_semantics
Right-aligned-EPM-AWB2	Subquery_SingleLine_CteQueries_WhenSubqueryContainsLessThanXWords.Checked	false	subquery.singleLine.cteQueries.maxWords.enabled	{"enabled":false,"value":10}	typed_value_with_native_boundary_semantics
Right-aligned-EPM-AWB2	Subquery_SingleLine_CteQueries_WhenSubqueryContainsLessThanXWords.Value	10	subquery.singleLine.cteQueries.maxWords.value	{"enabled":false,"value":10}	typed_value_with_native_boundary_semantics
Right-aligned-EPM-AWB2	Subquery_SingleLine_FromListSubqueries_AnySubquery	false	subquery.singleLine.fromList.any	false	typed_value_with_native_boundary_semantics
Right-aligned-EPM-AWB2	Subquery_SingleLine_FromListSubqueries_WhenRightMarginIsNotExceeded	true	subquery.singleLine.fromList.whenFitsMargin	true	typed_value_with_native_boundary_semantics
Right-aligned-EPM-AWB2	Subquery_SingleLine_FromListSubqueries_WhenSubqueryIsShorterThanXCharacters.Checked	false	subquery.singleLine.fromList.maxCharacters.enabled	{"enabled":false,"value":50}	typed_value_with_native_boundary_semantics
Right-aligned-EPM-AWB2	Subquery_SingleLine_FromListSubqueries_WhenSubqueryIsShorterThanXCharacters.Value	50	subquery.singleLine.fromList.maxCharacters.value	{"enabled":false,"value":50}	typed_value_with_native_boundary_semantics
Right-aligned-EPM-AWB2	Subquery_SingleLine_FromListSubqueries_WhenSubqueryContainsLessThanXWords.Checked	false	subquery.singleLine.fromList.maxWords.enabled	{"enabled":false,"value":10}	typed_value_with_native_boundary_semantics
Right-aligned-EPM-AWB2	Subquery_SingleLine_FromListSubqueries_WhenSubqueryContainsLessThanXWords.Value	10	subquery.singleLine.fromList.maxWords.value	{"enabled":false,"value":10}	typed_value_with_native_boundary_semantics
Right-aligned-EPM-AWB2	Subquery_SingleLine_OtherSubqueries_AnySubquery	false	subquery.singleLine.other.any	false	typed_value_with_native_boundary_semantics
Right-aligned-EPM-AWB2	Subquery_SingleLine_OtherSubqueries_WhenRightMarginIsNotExceeded	true	subquery.singleLine.other.whenFitsMargin	true	typed_value_with_native_boundary_semantics
Right-aligned-EPM-AWB2	Subquery_SingleLine_OtherSubqueries_WhenSubqueryIsShorterThanXCharacters.Checked	false	subquery.singleLine.other.maxCharacters.enabled	{"enabled":false,"value":50}	typed_value_with_native_boundary_semantics
Right-aligned-EPM-AWB2	Subquery_SingleLine_OtherSubqueries_WhenSubqueryIsShorterThanXCharacters.Value	50	subquery.singleLine.other.maxCharacters.value	{"enabled":false,"value":50}	typed_value_with_native_boundary_semantics
Right-aligned-EPM-AWB2	Subquery_SingleLine_OtherSubqueries_WhenSubqueryContainsLessThanXWords.Checked	false	subquery.singleLine.other.maxWords.enabled	{"enabled":false,"value":10}	typed_value_with_native_boundary_semantics
Right-aligned-EPM-AWB2	Subquery_SingleLine_OtherSubqueries_WhenSubqueryContainsLessThanXWords.Value	10	subquery.singleLine.other.maxWords.value	{"enabled":false,"value":10}	typed_value_with_native_boundary_semantics
Right-aligned-EPM-AWB2	Subquery_SelectList_LineBreakBeforeFirstColumn	false	subquery.list.breakBeforeFirstColumn	"never"	typed_value_with_native_boundary_semantics
Right-aligned-EPM-AWB2	Subquery_SelectList_IndentColumnList.Indent	true	subquery.list.indent.enabled	{"enabled":true,"offset":0,"onNewLineOnly":true,"style":"relativeSpaces","transparent":false}	typed_value_with_native_boundary_semantics
Right-aligned-EPM-AWB2	Subquery_SelectList_IndentColumnList.Size	0	subquery.list.indent.offset	{"enabled":true,"offset":0,"onNewLineOnly":true,"style":"relativeSpaces","transparent":false}	typed_value_with_native_boundary_semantics
Right-aligned-EPM-AWB2	Subquery_SelectList_IndentColumnList.OnNewLineOnly	true	subquery.list.indent.onNewLineOnly	{"enabled":true,"offset":0,"onNewLineOnly":true,"style":"relativeSpaces","transparent":false}	typed_value_with_native_boundary_semantics
Right-aligned-EPM-AWB2	Subquery_SelectList_StackColumns	true	subquery.list.stackColumns	"on"	typed_value_with_native_boundary_semantics
Right-aligned-EPM-AWB2	Subquery_SelectList_StackColumnsMode	1	subquery.list.stackMode	"onePerLine"	native_policy_numeric_mode_not_certified
Right-aligned-EPM-AWB2	Subquery_From_LineBreakBeforeFrom	false	subquery.from.breakBefore	"never"	typed_value_with_native_boundary_semantics
Right-aligned-EPM-AWB2	Subquery_From_LineBreakAfterFrom	false	subquery.from.breakAfter	"never"	typed_value_with_native_boundary_semantics
Right-aligned-EPM-AWB2	Subquery_From_IndentFromKeyword.Indent	true	subquery.from.keywordIndent.enabled	{"enabled":true,"offset":2,"onNewLineOnly":true,"style":"relativeSpaces","transparent":false}	typed_value_with_native_boundary_semantics
Right-aligned-EPM-AWB2	Subquery_From_IndentFromKeyword.Size	2	subquery.from.keywordIndent.offset	{"enabled":true,"offset":2,"onNewLineOnly":true,"style":"relativeSpaces","transparent":false}	typed_value_with_native_boundary_semantics
Right-aligned-EPM-AWB2	Subquery_From_IndentFromKeyword.OnNewLineOnly	true	subquery.from.keywordIndent.onNewLineOnly	{"enabled":true,"offset":2,"onNewLineOnly":true,"style":"relativeSpaces","transparent":false}	typed_value_with_native_boundary_semantics
Right-aligned-EPM-AWB2	Subquery_From_IndentFromList.Indent	false	subquery.from.listIndent.enabled	{"enabled":false,"offset":0,"onNewLineOnly":true,"style":"relativeSpaces","transparent":false}	typed_value_with_native_boundary_semantics
Right-aligned-EPM-AWB2	Subquery_From_IndentFromList.Size	0	subquery.from.listIndent.offset	{"enabled":false,"offset":0,"onNewLineOnly":true,"style":"relativeSpaces","transparent":false}	typed_value_with_native_boundary_semantics
Right-aligned-EPM-AWB2	Subquery_From_IndentFromList.OnNewLineOnly	true	subquery.from.listIndent.onNewLineOnly	{"enabled":false,"offset":0,"onNewLineOnly":true,"style":"relativeSpaces","transparent":false}	typed_value_with_native_boundary_semantics
Right-aligned-EPM-AWB2	Subquery_From_StackFromList	true	subquery.from.stackList	"on"	typed_value_with_native_boundary_semantics
Right-aligned-EPM-AWB2	Subquery_From_StackFromListMode	1	subquery.from.stackMode	"onePerLine"	native_policy_numeric_mode_not_certified
Right-aligned-EPM-AWB2	Subquery_From_Join_LineBreakBeforeJoin	true	subquery.join.breakBefore	"always"	typed_value_with_native_boundary_semantics
Right-aligned-EPM-AWB2	Subquery_From_Join_LineBreakAfterJoin	false	subquery.join.breakAfter	"never"	typed_value_with_native_boundary_semantics
Right-aligned-EPM-AWB2	Subquery_From_Join_LineBreakBeforeOn	true	subquery.join.onBreakBefore	"always"	typed_value_with_native_boundary_semantics
Right-aligned-EPM-AWB2	Subquery_From_Join_LineBreakAfterOn	false	subquery.join.onBreakAfter	"never"	typed_value_with_native_boundary_semantics
Right-aligned-EPM-AWB2	Subquery_From_Join_IndentJoinKeyword.Indent	true	subquery.join.keywordIndent.enabled	{"enabled":true,"offset":0,"onNewLineOnly":true,"style":"relativeSpaces","transparent":true}	typed_value_with_native_boundary_semantics
Right-aligned-EPM-AWB2	Subquery_From_Join_IndentJoinKeyword.Size	0	subquery.join.keywordIndent.offset	{"enabled":true,"offset":0,"onNewLineOnly":true,"style":"relativeSpaces","transparent":true}	typed_value_with_native_boundary_semantics
Right-aligned-EPM-AWB2	Subquery_From_Join_IndentJoinKeyword.OnNewLineOnly	true	subquery.join.keywordIndent.onNewLineOnly	{"enabled":true,"offset":0,"onNewLineOnly":true,"style":"relativeSpaces","transparent":true}	typed_value_with_native_boundary_semantics
Right-aligned-EPM-AWB2	Subquery_From_Join_IndentJoinKeyword.Style	4	subquery.join.keywordIndent.style	{"enabled":true,"offset":0,"onNewLineOnly":true,"style":"relativeSpaces","transparent":true}	native_policy_numeric_mode_not_certified
Right-aligned-EPM-AWB2	Subquery_From_Join_IndentJoinKeyword.Transparent	true	subquery.join.keywordIndent.transparent	{"enabled":true,"offset":0,"onNewLineOnly":true,"style":"relativeSpaces","transparent":true}	typed_value_with_native_boundary_semantics
Right-aligned-EPM-AWB2	Subquery_From_Join_IndentTableAfterJoin.Indent	true	subquery.join.tableIndent.enabled	{"enabled":true,"offset":-2,"onNewLineOnly":true,"style":"relativeSpaces","transparent":false}	typed_value_with_native_boundary_semantics
Right-aligned-EPM-AWB2	Subquery_From_Join_IndentTableAfterJoin.Size	-2	subquery.join.tableIndent.offset	{"enabled":true,"offset":-2,"onNewLineOnly":true,"style":"relativeSpaces","transparent":false}	typed_value_with_native_boundary_semantics
Right-aligned-EPM-AWB2	Subquery_From_Join_IndentTableAfterJoin.OnNewLineOnly	true	subquery.join.tableIndent.onNewLineOnly	{"enabled":true,"offset":-2,"onNewLineOnly":true,"style":"relativeSpaces","transparent":false}	typed_value_with_native_boundary_semantics
Right-aligned-EPM-AWB2	Subquery_From_Join_IndentOnKeyword.Indent	true	subquery.join.onKeywordIndent.enabled	{"enabled":true,"offset":0,"onNewLineOnly":true,"style":"relativeSpaces","transparent":false}	typed_value_with_native_boundary_semantics
Right-aligned-EPM-AWB2	Subquery_From_Join_IndentOnKeyword.Size	0	subquery.join.onKeywordIndent.offset	{"enabled":true,"offset":0,"onNewLineOnly":true,"style":"relativeSpaces","transparent":false}	typed_value_with_native_boundary_semantics
Right-aligned-EPM-AWB2	Subquery_From_Join_IndentOnKeyword.OnNewLineOnly	true	subquery.join.onKeywordIndent.onNewLineOnly	{"enabled":true,"offset":0,"onNewLineOnly":true,"style":"relativeSpaces","transparent":false}	typed_value_with_native_boundary_semantics
Right-aligned-EPM-AWB2	Subquery_From_Join_IndentOnCondition.Indent	true	subquery.join.onConditionIndent.enabled	{"enabled":true,"offset":-1,"onNewLineOnly":true,"style":"relativeSpaces","transparent":false}	typed_value_with_native_boundary_semantics
Right-aligned-EPM-AWB2	Subquery_From_Join_IndentOnCondition.Size	-1	subquery.join.onConditionIndent.offset	{"enabled":true,"offset":-1,"onNewLineOnly":true,"style":"relativeSpaces","transparent":false}	typed_value_with_native_boundary_semantics
Right-aligned-EPM-AWB2	Subquery_From_Join_IndentOnCondition.OnNewLineOnly	true	subquery.join.onConditionIndent.onNewLineOnly	{"enabled":true,"offset":-1,"onNewLineOnly":true,"style":"relativeSpaces","transparent":false}	typed_value_with_native_boundary_semantics
Right-aligned-EPM-AWB2	Subquery_From_Join_IndentWrapConditionNestedOperations.Indent	true	subquery.join.nestedConditionIndent.enabled	{"enabled":true,"offset":3,"onNewLineOnly":true,"style":"relativeSpaces","transparent":false}	typed_value_with_native_boundary_semantics
Right-aligned-EPM-AWB2	Subquery_From_Join_IndentWrapConditionNestedOperations.Size	3	subquery.join.nestedConditionIndent.offset	{"enabled":true,"offset":3,"onNewLineOnly":true,"style":"relativeSpaces","transparent":false}	typed_value_with_native_boundary_semantics
Right-aligned-EPM-AWB2	Subquery_From_Join_IndentWrapConditionNestedOperations.OnNewLineOnly	true	subquery.join.nestedConditionIndent.onNewLineOnly	{"enabled":true,"offset":3,"onNewLineOnly":true,"style":"relativeSpaces","transparent":false}	typed_value_with_native_boundary_semantics
Right-aligned-EPM-AWB2	Subquery_From_Join_WrapConditionMode	1	subquery.join.wrapCondition	"both"	native_policy_numeric_mode_not_certified
Right-aligned-EPM-AWB2	Subquery_From_Join_WrapBeforeOperatorMode	1	subquery.join.wrapBeforeOperator	"inherit"	native_policy_numeric_mode_not_certified
Right-aligned-EPM-AWB2	Subquery_From_Join_WrapAfterOperatorMode	1	subquery.join.wrapAfterOperator	"never"	native_policy_numeric_mode_not_certified
Right-aligned-EPM-AWB2	Subquery_Where_LineBreakBeforeWhere	false	subquery.where.breakBefore	"never"	typed_value_with_native_boundary_semantics
Right-aligned-EPM-AWB2	Subquery_Where_LineBreakAfterWhere	false	subquery.where.breakAfter	"never"	typed_value_with_native_boundary_semantics
Right-aligned-EPM-AWB2	Subquery_Where_IndentWhereKeyword.Indent	true	subquery.where.keywordIndent.enabled	{"enabled":true,"offset":1,"onNewLineOnly":true,"style":"relativeSpaces","transparent":false}	typed_value_with_native_boundary_semantics
Right-aligned-EPM-AWB2	Subquery_Where_IndentWhereKeyword.Size	1	subquery.where.keywordIndent.offset	{"enabled":true,"offset":1,"onNewLineOnly":true,"style":"relativeSpaces","transparent":false}	typed_value_with_native_boundary_semantics
Right-aligned-EPM-AWB2	Subquery_Where_IndentWhereKeyword.OnNewLineOnly	true	subquery.where.keywordIndent.onNewLineOnly	{"enabled":true,"offset":1,"onNewLineOnly":true,"style":"relativeSpaces","transparent":false}	typed_value_with_native_boundary_semantics
Right-aligned-EPM-AWB2	Subquery_Where_IndentWhereCondition.Indent	true	subquery.where.conditionIndent.enabled	{"enabled":true,"offset":2,"onNewLineOnly":true,"style":"relativeSpaces","transparent":false}	typed_value_with_native_boundary_semantics
Right-aligned-EPM-AWB2	Subquery_Where_IndentWhereCondition.Size	2	subquery.where.conditionIndent.offset	{"enabled":true,"offset":2,"onNewLineOnly":true,"style":"relativeSpaces","transparent":false}	typed_value_with_native_boundary_semantics
Right-aligned-EPM-AWB2	Subquery_Where_IndentWhereCondition.OnNewLineOnly	true	subquery.where.conditionIndent.onNewLineOnly	{"enabled":true,"offset":2,"onNewLineOnly":true,"style":"relativeSpaces","transparent":false}	typed_value_with_native_boundary_semantics
Right-aligned-EPM-AWB2	Subquery_Where_IndentWrapConditionNestedOperations.Indent	true	subquery.where.nestedConditionIndent.enabled	{"enabled":true,"offset":3,"onNewLineOnly":true,"style":"relativeSpaces","transparent":false}	typed_value_with_native_boundary_semantics
Right-aligned-EPM-AWB2	Subquery_Where_IndentWrapConditionNestedOperations.Size	3	subquery.where.nestedConditionIndent.offset	{"enabled":true,"offset":3,"onNewLineOnly":true,"style":"relativeSpaces","transparent":false}	typed_value_with_native_boundary_semantics
Right-aligned-EPM-AWB2	Subquery_Where_IndentWrapConditionNestedOperations.OnNewLineOnly	true	subquery.where.nestedConditionIndent.onNewLineOnly	{"enabled":true,"offset":3,"onNewLineOnly":true,"style":"relativeSpaces","transparent":false}	typed_value_with_native_boundary_semantics
Right-aligned-EPM-AWB2	Subquery_Where_WrapConditionMode	1	subquery.where.wrapCondition	"both"	native_policy_numeric_mode_not_certified
Right-aligned-EPM-AWB2	Subquery_Where_WrapBeforeOperatorMode	1	subquery.where.wrapBeforeOperator	"inherit"	native_policy_numeric_mode_not_certified
Right-aligned-EPM-AWB2	Subquery_Where_WrapAfterOperatorMode	1	subquery.where.wrapAfterOperator	"never"	native_policy_numeric_mode_not_certified
Right-aligned-EPM-AWB2	Subquery_GroupBy_LineBreakBeforeGroup	true	subquery.groupBy.breakBefore	"always"	typed_value_with_native_boundary_semantics
Right-aligned-EPM-AWB2	Subquery_GroupBy_LineBreakBeforeGroupByExpression	false	subquery.groupBy.breakAfter	"never"	typed_value_with_native_boundary_semantics
Right-aligned-EPM-AWB2	Subquery_GroupBy_IndentGroupByPhrase.Indent	true	subquery.groupBy.keywordIndent.enabled	{"enabled":true,"offset":1,"onNewLineOnly":true,"style":"relativeSpaces","transparent":false}	typed_value_with_native_boundary_semantics
Right-aligned-EPM-AWB2	Subquery_GroupBy_IndentGroupByPhrase.Size	1	subquery.groupBy.keywordIndent.offset	{"enabled":true,"offset":1,"onNewLineOnly":true,"style":"relativeSpaces","transparent":false}	typed_value_with_native_boundary_semantics
Right-aligned-EPM-AWB2	Subquery_GroupBy_IndentGroupByPhrase.OnNewLineOnly	true	subquery.groupBy.keywordIndent.onNewLineOnly	{"enabled":true,"offset":1,"onNewLineOnly":true,"style":"relativeSpaces","transparent":false}	typed_value_with_native_boundary_semantics
Right-aligned-EPM-AWB2	Subquery_GroupBy_IndentColumnList.Indent	false	subquery.groupBy.listIndent.enabled	{"enabled":false,"offset":0,"onNewLineOnly":true,"style":"relativeSpaces","transparent":false}	typed_value_with_native_boundary_semantics
Right-aligned-EPM-AWB2	Subquery_GroupBy_IndentColumnList.Size	0	subquery.groupBy.listIndent.offset	{"enabled":false,"offset":0,"onNewLineOnly":true,"style":"relativeSpaces","transparent":false}	typed_value_with_native_boundary_semantics
Right-aligned-EPM-AWB2	Subquery_GroupBy_IndentColumnList.OnNewLineOnly	true	subquery.groupBy.listIndent.onNewLineOnly	{"enabled":false,"offset":0,"onNewLineOnly":true,"style":"relativeSpaces","transparent":false}	typed_value_with_native_boundary_semantics
Right-aligned-EPM-AWB2	Subquery_GroupBy_StackColumnsList	true	subquery.groupBy.stackList	"on"	typed_value_with_native_boundary_semantics
Right-aligned-EPM-AWB2	Subquery_GroupBy_StackColumnsListMode	1	subquery.groupBy.stackMode	"onePerLine"	native_policy_numeric_mode_not_certified
Right-aligned-EPM-AWB2	Subquery_Having_LineBreakBeforeHaving	true	subquery.having.breakBefore	"always"	typed_value_with_native_boundary_semantics
Right-aligned-EPM-AWB2	Subquery_Having_LineBreakAfterHaving	false	subquery.having.breakAfter	"never"	typed_value_with_native_boundary_semantics
Right-aligned-EPM-AWB2	Subquery_Having_IndentHavingKeyword.Indent	false	subquery.having.keywordIndent.enabled	{"enabled":false,"offset":0,"onNewLineOnly":true,"style":"relativeSpaces","transparent":false}	typed_value_with_native_boundary_semantics
Right-aligned-EPM-AWB2	Subquery_Having_IndentHavingKeyword.Size	0	subquery.having.keywordIndent.offset	{"enabled":false,"offset":0,"onNewLineOnly":true,"style":"relativeSpaces","transparent":false}	typed_value_with_native_boundary_semantics
Right-aligned-EPM-AWB2	Subquery_Having_IndentHavingKeyword.OnNewLineOnly	true	subquery.having.keywordIndent.onNewLineOnly	{"enabled":false,"offset":0,"onNewLineOnly":true,"style":"relativeSpaces","transparent":false}	typed_value_with_native_boundary_semantics
Right-aligned-EPM-AWB2	Subquery_Having_IndentHavingCondition.Indent	true	subquery.having.conditionIndent.enabled	{"enabled":true,"offset":3,"onNewLineOnly":true,"style":"relativeSpaces","transparent":false}	typed_value_with_native_boundary_semantics
Right-aligned-EPM-AWB2	Subquery_Having_IndentHavingCondition.Size	3	subquery.having.conditionIndent.offset	{"enabled":true,"offset":3,"onNewLineOnly":true,"style":"relativeSpaces","transparent":false}	typed_value_with_native_boundary_semantics
Right-aligned-EPM-AWB2	Subquery_Having_IndentHavingCondition.OnNewLineOnly	true	subquery.having.conditionIndent.onNewLineOnly	{"enabled":true,"offset":3,"onNewLineOnly":true,"style":"relativeSpaces","transparent":false}	typed_value_with_native_boundary_semantics
Right-aligned-EPM-AWB2	Subquery_Having_IndentWrapConditionNestedOperations.Indent	true	subquery.having.nestedConditionIndent.enabled	{"enabled":true,"offset":2,"onNewLineOnly":true,"style":"relativeSpaces","transparent":false}	typed_value_with_native_boundary_semantics
Right-aligned-EPM-AWB2	Subquery_Having_IndentWrapConditionNestedOperations.Size	2	subquery.having.nestedConditionIndent.offset	{"enabled":true,"offset":2,"onNewLineOnly":true,"style":"relativeSpaces","transparent":false}	typed_value_with_native_boundary_semantics
Right-aligned-EPM-AWB2	Subquery_Having_IndentWrapConditionNestedOperations.OnNewLineOnly	true	subquery.having.nestedConditionIndent.onNewLineOnly	{"enabled":true,"offset":2,"onNewLineOnly":true,"style":"relativeSpaces","transparent":false}	typed_value_with_native_boundary_semantics
Right-aligned-EPM-AWB2	Subquery_Having_WrapConditionMode	1	subquery.having.wrapCondition	"both"	native_policy_numeric_mode_not_certified
Right-aligned-EPM-AWB2	Subquery_Having_WrapBeforeOperatorMode	1	subquery.having.wrapBeforeOperator	"inherit"	native_policy_numeric_mode_not_certified
Right-aligned-EPM-AWB2	Subquery_Having_WrapAfterOperatorMode	1	subquery.having.wrapAfterOperator	"never"	native_policy_numeric_mode_not_certified
Right-aligned-EPM-AWB2	Subquery_OrderBy_LineBreakBeforeOrder	true	subquery.orderBy.breakBefore	"always"	typed_value_with_native_boundary_semantics
Right-aligned-EPM-AWB2	Subquery_OrderBy_LineBreakAfterBy	false	subquery.orderBy.breakAfter	"never"	typed_value_with_native_boundary_semantics
Right-aligned-EPM-AWB2	Subquery_OrderBy_IndentOrderByPhrase.Indent	true	subquery.orderBy.keywordIndent.enabled	{"enabled":true,"offset":1,"onNewLineOnly":true,"style":"relativeSpaces","transparent":false}	typed_value_with_native_boundary_semantics
Right-aligned-EPM-AWB2	Subquery_OrderBy_IndentOrderByPhrase.Size	1	subquery.orderBy.keywordIndent.offset	{"enabled":true,"offset":1,"onNewLineOnly":true,"style":"relativeSpaces","transparent":false}	typed_value_with_native_boundary_semantics
Right-aligned-EPM-AWB2	Subquery_OrderBy_IndentOrderByPhrase.OnNewLineOnly	true	subquery.orderBy.keywordIndent.onNewLineOnly	{"enabled":true,"offset":1,"onNewLineOnly":true,"style":"relativeSpaces","transparent":false}	typed_value_with_native_boundary_semantics
Right-aligned-EPM-AWB2	Subquery_OrderBy_IndentColumnList.Indent	false	subquery.orderBy.listIndent.enabled	{"enabled":false,"offset":0,"onNewLineOnly":true,"style":"relativeSpaces","transparent":false}	typed_value_with_native_boundary_semantics
Right-aligned-EPM-AWB2	Subquery_OrderBy_IndentColumnList.Size	0	subquery.orderBy.listIndent.offset	{"enabled":false,"offset":0,"onNewLineOnly":true,"style":"relativeSpaces","transparent":false}	typed_value_with_native_boundary_semantics
Right-aligned-EPM-AWB2	Subquery_OrderBy_IndentColumnList.OnNewLineOnly	true	subquery.orderBy.listIndent.onNewLineOnly	{"enabled":false,"offset":0,"onNewLineOnly":true,"style":"relativeSpaces","transparent":false}	typed_value_with_native_boundary_semantics
Right-aligned-EPM-AWB2	Subquery_OrderBy_StackColumnsList	true	subquery.orderBy.stackList	"on"	typed_value_with_native_boundary_semantics
Right-aligned-EPM-AWB2	Subquery_OrderBy_StackColumnsListMode	1	subquery.orderBy.stackMode	"onePerLine"	native_policy_numeric_mode_not_certified
Right-aligned-EPM-AWB2	Subquery_ForClause_LineBreakBeforeFor	true	subquery.for.breakBefore	"always"	typed_value_with_native_boundary_semantics
Right-aligned-EPM-AWB2	Subquery_ForClause_LineBreakAfterForXml	false	subquery.for.breakAfterXml	"never"	typed_value_with_native_boundary_semantics
Right-aligned-EPM-AWB2	Subquery_ForClause_IndentForKeyword.Indent	false	subquery.for.keywordIndent.enabled	{"enabled":false,"offset":0,"onNewLineOnly":true,"style":"relativeSpaces","transparent":false}	typed_value_with_native_boundary_semantics
Right-aligned-EPM-AWB2	Subquery_ForClause_IndentForKeyword.Size	0	subquery.for.keywordIndent.offset	{"enabled":false,"offset":0,"onNewLineOnly":true,"style":"relativeSpaces","transparent":false}	typed_value_with_native_boundary_semantics
Right-aligned-EPM-AWB2	Subquery_ForClause_IndentForKeyword.OnNewLineOnly	true	subquery.for.keywordIndent.onNewLineOnly	{"enabled":false,"offset":0,"onNewLineOnly":true,"style":"relativeSpaces","transparent":false}	typed_value_with_native_boundary_semantics
Right-aligned-EPM-AWB2	Subquery_ForClause_IndentForXmlSpecification.Indent	false	subquery.for.specIndent.enabled	{"enabled":false,"offset":0,"onNewLineOnly":true,"style":"relativeSpaces","transparent":false}	typed_value_with_native_boundary_semantics
Right-aligned-EPM-AWB2	Subquery_ForClause_IndentForXmlSpecification.Size	0	subquery.for.specIndent.offset	{"enabled":false,"offset":0,"onNewLineOnly":true,"style":"relativeSpaces","transparent":false}	typed_value_with_native_boundary_semantics
Right-aligned-EPM-AWB2	Subquery_ForClause_IndentForXmlSpecification.OnNewLineOnly	true	subquery.for.specIndent.onNewLineOnly	{"enabled":false,"offset":0,"onNewLineOnly":true,"style":"relativeSpaces","transparent":false}	typed_value_with_native_boundary_semantics
Right-aligned-EPM-AWB2	Subquery_Cte_LineBreakAfterWith	false	subquery.cte.breakAfterWith	"never"	typed_value_with_native_boundary_semantics
Right-aligned-EPM-AWB2	Subquery_Cte_IndentCommonTableExpression.Indent	false	subquery.cte.expressionIndent.enabled	{"enabled":false,"offset":0,"onNewLineOnly":true,"style":"relativeSpaces","transparent":false}	typed_value_with_native_boundary_semantics
Right-aligned-EPM-AWB2	Subquery_Cte_IndentCommonTableExpression.Size	0	subquery.cte.expressionIndent.offset	{"enabled":false,"offset":0,"onNewLineOnly":true,"style":"relativeSpaces","transparent":false}	typed_value_with_native_boundary_semantics
Right-aligned-EPM-AWB2	Subquery_Cte_IndentCommonTableExpression.OnNewLineOnly	true	subquery.cte.expressionIndent.onNewLineOnly	{"enabled":false,"offset":0,"onNewLineOnly":true,"style":"relativeSpaces","transparent":false}	typed_value_with_native_boundary_semantics
Right-aligned-EPM-AWB2	Subquery_Cte_LineBreakBeforeAs	false	subquery.cte.breakBeforeAs	"never"	typed_value_with_native_boundary_semantics
Right-aligned-EPM-AWB2	Subquery_Cte_LineBreakAfterAs	false	subquery.cte.breakAfterAs	"never"	typed_value_with_native_boundary_semantics
Right-aligned-EPM-AWB2	Subquery_Cte_IndentSubqueryBraces.Indent	false	subquery.cte.subqueryBraceIndent.enabled	{"enabled":false,"offset":0,"onNewLineOnly":true,"style":"relativeSpaces","transparent":false}	typed_value_with_native_boundary_semantics
Right-aligned-EPM-AWB2	Subquery_Cte_IndentSubqueryBraces.Size	0	subquery.cte.subqueryBraceIndent.offset	{"enabled":false,"offset":0,"onNewLineOnly":true,"style":"relativeSpaces","transparent":false}	typed_value_with_native_boundary_semantics
Right-aligned-EPM-AWB2	Subquery_Cte_IndentSubqueryBraces.OnNewLineOnly	true	subquery.cte.subqueryBraceIndent.onNewLineOnly	{"enabled":false,"offset":0,"onNewLineOnly":true,"style":"relativeSpaces","transparent":false}	typed_value_with_native_boundary_semantics
Right-aligned-EPM-AWB2	Subquery_Cte_ColumnList_LineBreakBeforeColumnListOpenBrace	false	subquery.cte.breakBeforeColumnOpen	"never"	typed_value_with_native_boundary_semantics
Right-aligned-EPM-AWB2	Subquery_Cte_ColumnList_LineBreakAfterColumnListOpenBrace	false	subquery.cte.breakAfterColumnOpen	"never"	typed_value_with_native_boundary_semantics
Right-aligned-EPM-AWB2	Subquery_Cte_ColumnList_LineBreakBeforeColumnListClosingBrace	false	subquery.cte.breakBeforeColumnClose	"never"	typed_value_with_native_boundary_semantics
Right-aligned-EPM-AWB2	Subquery_Cte_ColumnList_IndentColumnListBraces.Indent	false	subquery.cte.columnBraceIndent.enabled	{"enabled":false,"offset":0,"onNewLineOnly":true,"style":"relativeSpaces","transparent":false}	typed_value_with_native_boundary_semantics
Right-aligned-EPM-AWB2	Subquery_Cte_ColumnList_IndentColumnListBraces.Size	0	subquery.cte.columnBraceIndent.offset	{"enabled":false,"offset":0,"onNewLineOnly":true,"style":"relativeSpaces","transparent":false}	typed_value_with_native_boundary_semantics
Right-aligned-EPM-AWB2	Subquery_Cte_ColumnList_IndentColumnListBraces.OnNewLineOnly	true	subquery.cte.columnBraceIndent.onNewLineOnly	{"enabled":false,"offset":0,"onNewLineOnly":true,"style":"relativeSpaces","transparent":false}	typed_value_with_native_boundary_semantics
Right-aligned-EPM-AWB2	Subquery_Cte_ColumnList_IndentColumnList.Indent	false	subquery.cte.columnListIndent.enabled	{"enabled":false,"offset":0,"onNewLineOnly":true,"style":"relativeSpaces","transparent":false}	typed_value_with_native_boundary_semantics
Right-aligned-EPM-AWB2	Subquery_Cte_ColumnList_IndentColumnList.Size	0	subquery.cte.columnListIndent.offset	{"enabled":false,"offset":0,"onNewLineOnly":true,"style":"relativeSpaces","transparent":false}	typed_value_with_native_boundary_semantics
Right-aligned-EPM-AWB2	Subquery_Cte_ColumnList_IndentColumnList.OnNewLineOnly	true	subquery.cte.columnListIndent.onNewLineOnly	{"enabled":false,"offset":0,"onNewLineOnly":true,"style":"relativeSpaces","transparent":false}	typed_value_with_native_boundary_semantics
Right-aligned-EPM-AWB2	Subquery_Cte_ColumnList_StackColumnList	false	subquery.cte.stackColumns	"off"	typed_value_with_native_boundary_semantics
Right-aligned-EPM-AWB2	Subquery_Cte_ColumnList_StackColumnListMode	8	subquery.cte.stackMode	"auto"	native_policy_numeric_mode_not_certified
Right-aligned-EPM-AWB2	Insert_Into_LineBreakBeforeInto	false	insert.into.breakBefore	"never"	typed_value_with_native_boundary_semantics
Right-aligned-EPM-AWB2	Insert_Into_LineBreakBeforeTable	false	insert.into.breakBeforeTable	"never"	typed_value_with_native_boundary_semantics
Right-aligned-EPM-AWB2	Insert_Into_IndentIntoKeyword.Indent	false	insert.into.keywordIndent	{"enabled":false,"offset":0,"onNewLineOnly":true,"style":"relativeSpaces","transparent":false}	typed_value_with_native_boundary_semantics
Right-aligned-EPM-AWB2	Insert_Into_IndentIntoKeyword.Size	0	insert.into.keywordIndent	{"enabled":false,"offset":0,"onNewLineOnly":true,"style":"relativeSpaces","transparent":false}	typed_value_with_native_boundary_semantics
Right-aligned-EPM-AWB2	Insert_Into_IndentIntoKeyword.OnNewLineOnly	true	insert.into.keywordIndent	{"enabled":false,"offset":0,"onNewLineOnly":true,"style":"relativeSpaces","transparent":false}	typed_value_with_native_boundary_semantics
Right-aligned-EPM-AWB2	Insert_Into_IndentTable.Indent	false	insert.into.tableIndent	{"enabled":false,"offset":0,"onNewLineOnly":true,"style":"relativeSpaces","transparent":false}	typed_value_with_native_boundary_semantics
Right-aligned-EPM-AWB2	Insert_Into_IndentTable.Size	0	insert.into.tableIndent	{"enabled":false,"offset":0,"onNewLineOnly":true,"style":"relativeSpaces","transparent":false}	typed_value_with_native_boundary_semantics
Right-aligned-EPM-AWB2	Insert_Into_IndentTable.OnNewLineOnly	true	insert.into.tableIndent	{"enabled":false,"offset":0,"onNewLineOnly":true,"style":"relativeSpaces","transparent":false}	typed_value_with_native_boundary_semantics
Right-aligned-EPM-AWB2	Insert_ColumnList_LineBreakBeforeOpenBrace	false	insert.columns.breakBeforeOpen	"never"	typed_value_with_native_boundary_semantics
Right-aligned-EPM-AWB2	Insert_ColumnList_LineBreakAfterOpenBrace	true	insert.columns.breakAfterOpen	"always"	typed_value_with_native_boundary_semantics
Right-aligned-EPM-AWB2	Insert_ColumnList_LineBreakBeforeClosingBrace	false	insert.columns.breakBeforeClose	"never"	typed_value_with_native_boundary_semantics
Right-aligned-EPM-AWB2	Insert_ColumnList_IndentColumnListBraces.Indent	true	insert.columns.braceIndent	{"enabled":true,"offset":7,"onNewLineOnly":true,"style":"relativeSpaces","transparent":false}	typed_value_with_native_boundary_semantics
Right-aligned-EPM-AWB2	Insert_ColumnList_IndentColumnListBraces.Size	7	insert.columns.braceIndent	{"enabled":true,"offset":7,"onNewLineOnly":true,"style":"relativeSpaces","transparent":false}	typed_value_with_native_boundary_semantics
Right-aligned-EPM-AWB2	Insert_ColumnList_IndentColumnListBraces.OnNewLineOnly	true	insert.columns.braceIndent	{"enabled":true,"offset":7,"onNewLineOnly":true,"style":"relativeSpaces","transparent":false}	typed_value_with_native_boundary_semantics
Right-aligned-EPM-AWB2	Insert_ColumnList_IndentColumnList.Indent	false	insert.columns.listIndent	{"enabled":false,"offset":0,"onNewLineOnly":true,"style":"relativeSpaces","transparent":false}	typed_value_with_native_boundary_semantics
Right-aligned-EPM-AWB2	Insert_ColumnList_IndentColumnList.Size	0	insert.columns.listIndent	{"enabled":false,"offset":0,"onNewLineOnly":true,"style":"relativeSpaces","transparent":false}	typed_value_with_native_boundary_semantics
Right-aligned-EPM-AWB2	Insert_ColumnList_IndentColumnList.OnNewLineOnly	true	insert.columns.listIndent	{"enabled":false,"offset":0,"onNewLineOnly":true,"style":"relativeSpaces","transparent":false}	typed_value_with_native_boundary_semantics
Right-aligned-EPM-AWB2	Insert_ColumnList_InsertSpaceBeforeColumnsList	true	insert.columns.spaceBeforeOpen	"insert"	typed_value_with_native_boundary_semantics
Right-aligned-EPM-AWB2	Insert_ColumnList_InsertSpacesWithinColumnsListBraces	false	insert.columns.spaceWithin	"remove"	typed_value_with_native_boundary_semantics
Right-aligned-EPM-AWB2	Insert_ColumnList_StackColumnsList	true	insert.columns.stackList	"on"	typed_value_with_native_boundary_semantics
Right-aligned-EPM-AWB2	Insert_ColumnList_StackColumnsListMode	1	insert.columns.stackMode	"onePerLine"	native_policy_numeric_mode_not_certified
Right-aligned-EPM-AWB2	Insert_Values_LineBreakBeforeValues	true	insert.values.breakBeforeKeyword	"always"	typed_value_with_native_boundary_semantics
Right-aligned-EPM-AWB2	Insert_Values_LineBreakAfterValues	false	insert.values.breakAfterKeyword	"never"	typed_value_with_native_boundary_semantics
Right-aligned-EPM-AWB2	Insert_Values_LineBreakAfterOpenBrace	true	insert.values.breakAfterOpen	"always"	typed_value_with_native_boundary_semantics
Right-aligned-EPM-AWB2	Insert_Values_LineBreakBeforeClosingBrace	false	insert.values.breakBeforeClose	"never"	typed_value_with_native_boundary_semantics
Right-aligned-EPM-AWB2	Insert_Values_IndentValuesKeyword.Indent	false	insert.values.keywordIndent	{"enabled":false,"offset":1,"onNewLineOnly":true,"style":"relativeSpaces","transparent":false}	typed_value_with_native_boundary_semantics
Right-aligned-EPM-AWB2	Insert_Values_IndentValuesKeyword.Size	1	insert.values.keywordIndent	{"enabled":false,"offset":1,"onNewLineOnly":true,"style":"relativeSpaces","transparent":false}	typed_value_with_native_boundary_semantics
Right-aligned-EPM-AWB2	Insert_Values_IndentValuesKeyword.OnNewLineOnly	true	insert.values.keywordIndent	{"enabled":false,"offset":1,"onNewLineOnly":true,"style":"relativeSpaces","transparent":false}	typed_value_with_native_boundary_semantics
Right-aligned-EPM-AWB2	Insert_Values_IndentValuesExpressionsListBraces.Indent	true	insert.values.braceIndent	{"enabled":true,"offset":4,"onNewLineOnly":true,"style":"relativeSpaces","transparent":false}	typed_value_with_native_boundary_semantics
Right-aligned-EPM-AWB2	Insert_Values_IndentValuesExpressionsListBraces.Size	4	insert.values.braceIndent	{"enabled":true,"offset":4,"onNewLineOnly":true,"style":"relativeSpaces","transparent":false}	typed_value_with_native_boundary_semantics
Right-aligned-EPM-AWB2	Insert_Values_IndentValuesExpressionsListBraces.OnNewLineOnly	true	insert.values.braceIndent	{"enabled":true,"offset":4,"onNewLineOnly":true,"style":"relativeSpaces","transparent":false}	typed_value_with_native_boundary_semantics
Right-aligned-EPM-AWB2	Insert_Values_IndentValuesExpressionsList.Indent	true	insert.values.listIndent	{"enabled":true,"offset":0,"onNewLineOnly":true,"style":"relativeSpaces","transparent":false}	typed_value_with_native_boundary_semantics
Right-aligned-EPM-AWB2	Insert_Values_IndentValuesExpressionsList.Size	0	insert.values.listIndent	{"enabled":true,"offset":0,"onNewLineOnly":true,"style":"relativeSpaces","transparent":false}	typed_value_with_native_boundary_semantics
Right-aligned-EPM-AWB2	Insert_Values_IndentValuesExpressionsList.OnNewLineOnly	true	insert.values.listIndent	{"enabled":true,"offset":0,"onNewLineOnly":true,"style":"relativeSpaces","transparent":false}	typed_value_with_native_boundary_semantics
Right-aligned-EPM-AWB2	Insert_Values_InsertSpaceAfterValuesKeyword	true	insert.values.spaceAfterKeyword	"insert"	typed_value_with_native_boundary_semantics
Right-aligned-EPM-AWB2	Insert_Values_InsertSpacesWithinValuesExpressionsListBraces	false	insert.values.spaceWithin	"remove"	typed_value_with_native_boundary_semantics
Right-aligned-EPM-AWB2	Insert_Values_StackValuesExpressionsList	true	insert.values.stackList	"on"	typed_value_with_native_boundary_semantics
Right-aligned-EPM-AWB2	Insert_Values_StackValuesExpressionsRowsList	true	insert.values.stackRows	"on"	typed_value_with_native_boundary_semantics
Right-aligned-EPM-AWB2	Insert_Values_StackValuesExpressionsListMode	1	insert.values.stackMode	"onePerLine"	native_policy_numeric_mode_not_certified
Right-aligned-EPM-AWB2	Insert_Values_StackValuesExpressionsRowsListMode	1	insert.values.stackRowsMode	"onePerLine"	native_policy_numeric_mode_not_certified
Right-aligned-EPM-AWB2	Insert_Subquery_SingleLine_AnySubquery	false	insert.source.singleLine.any	false	typed_value_with_native_boundary_semantics
Right-aligned-EPM-AWB2	Insert_Subquery_SingleLine_WhenRightMarginIsNotExceeded	false	insert.source.singleLine.whenFitsMargin	false	typed_value_with_native_boundary_semantics
Right-aligned-EPM-AWB2	Insert_Subquery_SingleLine_WhenSubqueryIsShorterThanXCharacters.Checked	false	insert.source.singleLine.maxCharacters	{"enabled":false,"value":50}	typed_value_with_native_boundary_semantics
Right-aligned-EPM-AWB2	Insert_Subquery_SingleLine_WhenSubqueryIsShorterThanXCharacters.Value	50	insert.source.singleLine.maxCharacters	{"enabled":false,"value":50}	typed_value_with_native_boundary_semantics
Right-aligned-EPM-AWB2	Insert_Subquery_SingleLine_WhenSubqueryContainsLessThanXWords.Checked	false	insert.source.singleLine.maxWords	{"enabled":false,"value":10}	typed_value_with_native_boundary_semantics
Right-aligned-EPM-AWB2	Insert_Subquery_SingleLine_WhenSubqueryContainsLessThanXWords.Value	10	insert.source.singleLine.maxWords	{"enabled":false,"value":10}	typed_value_with_native_boundary_semantics
Right-aligned-EPM-AWB2	Insert_Subquery_LineBreakBeforeSubquery	true	insert.source.breakBefore	"always"	typed_value_with_native_boundary_semantics
Right-aligned-EPM-AWB2	Insert_Subquery_IndentSubquery.Indent	false	insert.source.indent	{"enabled":false,"offset":0,"onNewLineOnly":true,"style":"relativeSpaces","transparent":false}	typed_value_with_native_boundary_semantics
Right-aligned-EPM-AWB2	Insert_Subquery_IndentSubquery.Size	0	insert.source.indent	{"enabled":false,"offset":0,"onNewLineOnly":true,"style":"relativeSpaces","transparent":false}	typed_value_with_native_boundary_semantics
Right-aligned-EPM-AWB2	Insert_Subquery_IndentSubquery.OnNewLineOnly	true	insert.source.indent	{"enabled":false,"offset":0,"onNewLineOnly":true,"style":"relativeSpaces","transparent":false}	typed_value_with_native_boundary_semantics
Right-aligned-EPM-AWB2	Insert_OutputClause_LineBreakBeforeOutput	true	insert.output.breakBefore	"always"	typed_value_with_native_boundary_semantics
Right-aligned-EPM-AWB2	Insert_OutputClause_LineBreakAfterOutput	false	insert.output.breakAfter	"never"	typed_value_with_native_boundary_semantics
Right-aligned-EPM-AWB2	Insert_OutputClause_IndentOutputKeyword.Indent	false	insert.output.keywordIndent	{"enabled":false,"offset":0,"onNewLineOnly":true,"style":"relativeSpaces","transparent":false}	typed_value_with_native_boundary_semantics
Right-aligned-EPM-AWB2	Insert_OutputClause_IndentOutputKeyword.Size	0	insert.output.keywordIndent	{"enabled":false,"offset":0,"onNewLineOnly":true,"style":"relativeSpaces","transparent":false}	typed_value_with_native_boundary_semantics
Right-aligned-EPM-AWB2	Insert_OutputClause_IndentOutputKeyword.OnNewLineOnly	true	insert.output.keywordIndent	{"enabled":false,"offset":0,"onNewLineOnly":true,"style":"relativeSpaces","transparent":false}	typed_value_with_native_boundary_semantics
Right-aligned-EPM-AWB2	Insert_OutputClause_IndentOutputParameters.Indent	false	insert.output.listIndent	{"enabled":false,"offset":0,"onNewLineOnly":true,"style":"relativeSpaces","transparent":false}	typed_value_with_native_boundary_semantics
Right-aligned-EPM-AWB2	Insert_OutputClause_IndentOutputParameters.Size	0	insert.output.listIndent	{"enabled":false,"offset":0,"onNewLineOnly":true,"style":"relativeSpaces","transparent":false}	typed_value_with_native_boundary_semantics
Right-aligned-EPM-AWB2	Insert_OutputClause_IndentOutputParameters.OnNewLineOnly	true	insert.output.listIndent	{"enabled":false,"offset":0,"onNewLineOnly":true,"style":"relativeSpaces","transparent":false}	typed_value_with_native_boundary_semantics
Right-aligned-EPM-AWB2	Insert_OutputClause_StackDmlColumnsList	true	insert.output.stackList	"on"	typed_value_with_native_boundary_semantics
Right-aligned-EPM-AWB2	Insert_OutputClause_StackDmlColumnsListMode	1	insert.output.stackMode	"onePerLine"	native_policy_numeric_mode_not_certified
Right-aligned-EPM-AWB2	Update_LineBreakBeforeTable	false	update.target.breakBefore	"never"	typed_value_with_native_boundary_semantics
Right-aligned-EPM-AWB2	Update_IndentTable.Indent	false	update.target.indent	{"enabled":false,"offset":0,"onNewLineOnly":true,"style":"relativeSpaces","transparent":false}	typed_value_with_native_boundary_semantics
Right-aligned-EPM-AWB2	Update_IndentTable.Size	0	update.target.indent	{"enabled":false,"offset":0,"onNewLineOnly":true,"style":"relativeSpaces","transparent":false}	typed_value_with_native_boundary_semantics
Right-aligned-EPM-AWB2	Update_IndentTable.OnNewLineOnly	true	update.target.indent	{"enabled":false,"offset":0,"onNewLineOnly":true,"style":"relativeSpaces","transparent":false}	typed_value_with_native_boundary_semantics
Right-aligned-EPM-AWB2	Update_SetClause_LineBreakBeforeSet	true	update.set.breakBefore	"always"	typed_value_with_native_boundary_semantics
Right-aligned-EPM-AWB2	Update_SetClause_LineBreakAfterSet	false	update.set.breakAfter	"never"	typed_value_with_native_boundary_semantics
Right-aligned-EPM-AWB2	Update_SetClause_IndentSetKeyword.Indent	true	update.set.keywordIndent	{"enabled":true,"offset":3,"onNewLineOnly":true,"style":"relativeSpaces","transparent":false}	typed_value_with_native_boundary_semantics
Right-aligned-EPM-AWB2	Update_SetClause_IndentSetKeyword.Size	3	update.set.keywordIndent	{"enabled":true,"offset":3,"onNewLineOnly":true,"style":"relativeSpaces","transparent":false}	typed_value_with_native_boundary_semantics
Right-aligned-EPM-AWB2	Update_SetClause_IndentSetKeyword.OnNewLineOnly	true	update.set.keywordIndent	{"enabled":true,"offset":3,"onNewLineOnly":true,"style":"relativeSpaces","transparent":false}	typed_value_with_native_boundary_semantics
Right-aligned-EPM-AWB2	Update_SetClause_IndentColumnAssignmentsList.Indent	false	update.set.listIndent	{"enabled":false,"offset":0,"onNewLineOnly":true,"style":"relativeSpaces","transparent":false}	typed_value_with_native_boundary_semantics
Right-aligned-EPM-AWB2	Update_SetClause_IndentColumnAssignmentsList.Size	0	update.set.listIndent	{"enabled":false,"offset":0,"onNewLineOnly":true,"style":"relativeSpaces","transparent":false}	typed_value_with_native_boundary_semantics
Right-aligned-EPM-AWB2	Update_SetClause_IndentColumnAssignmentsList.OnNewLineOnly	true	update.set.listIndent	{"enabled":false,"offset":0,"onNewLineOnly":true,"style":"relativeSpaces","transparent":false}	typed_value_with_native_boundary_semantics
Right-aligned-EPM-AWB2	Update_SetClause_StackColumnAssignmentsList	true	update.set.stackList	"on"	typed_value_with_native_boundary_semantics
Right-aligned-EPM-AWB2	Update_SetClause_StackColumnAssignmentsListMode	1	update.set.stackMode	"onePerLine"	native_policy_numeric_mode_not_certified
Right-aligned-EPM-AWB2	Update_From_UseSameFormattingAsInSelect	false	update.from.useSelectFormatting	false	typed_value_with_native_boundary_semantics
Right-aligned-EPM-AWB2	Update_From_LineBreakBeforeFrom	true	update.from.breakBefore	"always"	typed_value_with_native_boundary_semantics
Right-aligned-EPM-AWB2	Update_From_LineBreakAfterFrom	false	update.from.breakAfter	"never"	typed_value_with_native_boundary_semantics
Right-aligned-EPM-AWB2	Update_From_IndentFromKeyword.Indent	true	update.from.keywordIndent	{"enabled":true,"offset":2,"onNewLineOnly":true,"style":"relativeSpaces","transparent":false}	typed_value_with_native_boundary_semantics
Right-aligned-EPM-AWB2	Update_From_IndentFromKeyword.Size	2	update.from.keywordIndent	{"enabled":true,"offset":2,"onNewLineOnly":true,"style":"relativeSpaces","transparent":false}	typed_value_with_native_boundary_semantics
Right-aligned-EPM-AWB2	Update_From_IndentFromKeyword.OnNewLineOnly	true	update.from.keywordIndent	{"enabled":true,"offset":2,"onNewLineOnly":true,"style":"relativeSpaces","transparent":false}	typed_value_with_native_boundary_semantics
Right-aligned-EPM-AWB2	Update_From_IndentFromList.Indent	true	update.from.listIndent	{"enabled":true,"offset":4,"onNewLineOnly":true,"style":"relativeSpaces","transparent":false}	typed_value_with_native_boundary_semantics
Right-aligned-EPM-AWB2	Update_From_IndentFromList.Size	4	update.from.listIndent	{"enabled":true,"offset":4,"onNewLineOnly":true,"style":"relativeSpaces","transparent":false}	typed_value_with_native_boundary_semantics
Right-aligned-EPM-AWB2	Update_From_IndentFromList.OnNewLineOnly	true	update.from.listIndent	{"enabled":true,"offset":4,"onNewLineOnly":true,"style":"relativeSpaces","transparent":false}	typed_value_with_native_boundary_semantics
Right-aligned-EPM-AWB2	Update_From_StackFromList	true	update.from.stackList	"on"	typed_value_with_native_boundary_semantics
Right-aligned-EPM-AWB2	Update_From_StackFromListMode	1	update.from.stackMode	"onePerLine"	native_policy_numeric_mode_not_certified
Right-aligned-EPM-AWB2	Update_From_Join_LineBreakBeforeJoin	true	update.join.breakBefore	"always"	typed_value_with_native_boundary_semantics
Right-aligned-EPM-AWB2	Update_From_Join_LineBreakAfterJoin	false	update.join.breakAfter	"never"	typed_value_with_native_boundary_semantics
Right-aligned-EPM-AWB2	Update_From_Join_LineBreakBeforeOn	true	update.join.onBreakBefore	"always"	typed_value_with_native_boundary_semantics
Right-aligned-EPM-AWB2	Update_From_Join_LineBreakAfterOn	false	update.join.onBreakAfter	"never"	typed_value_with_native_boundary_semantics
Right-aligned-EPM-AWB2	Update_From_Join_IndentJoinKeyword.Indent	true	update.join.keywordIndent	{"enabled":true,"offset":5,"onNewLineOnly":true,"style":"relativeSpaces","transparent":true}	typed_value_with_native_boundary_semantics
Right-aligned-EPM-AWB2	Update_From_Join_IndentJoinKeyword.Size	5	update.join.keywordIndent	{"enabled":true,"offset":5,"onNewLineOnly":true,"style":"relativeSpaces","transparent":true}	typed_value_with_native_boundary_semantics
Right-aligned-EPM-AWB2	Update_From_Join_IndentJoinKeyword.OnNewLineOnly	true	update.join.keywordIndent	{"enabled":true,"offset":5,"onNewLineOnly":true,"style":"relativeSpaces","transparent":true}	typed_value_with_native_boundary_semantics
Right-aligned-EPM-AWB2	Update_From_Join_IndentJoinKeyword.Style	4	update.join.keywordIndent	{"enabled":true,"offset":5,"onNewLineOnly":true,"style":"relativeSpaces","transparent":true}	native_policy_numeric_mode_not_certified
Right-aligned-EPM-AWB2	Update_From_Join_IndentJoinKeyword.Transparent	true	update.join.keywordIndent	{"enabled":true,"offset":5,"onNewLineOnly":true,"style":"relativeSpaces","transparent":true}	typed_value_with_native_boundary_semantics
Right-aligned-EPM-AWB2	Update_From_Join_IndentTableAfterJoin.Indent	true	update.join.tableIndent	{"enabled":true,"offset":2,"onNewLineOnly":true,"style":"relativeSpaces","transparent":false}	typed_value_with_native_boundary_semantics
Right-aligned-EPM-AWB2	Update_From_Join_IndentTableAfterJoin.Size	2	update.join.tableIndent	{"enabled":true,"offset":2,"onNewLineOnly":true,"style":"relativeSpaces","transparent":false}	typed_value_with_native_boundary_semantics
Right-aligned-EPM-AWB2	Update_From_Join_IndentTableAfterJoin.OnNewLineOnly	true	update.join.tableIndent	{"enabled":true,"offset":2,"onNewLineOnly":true,"style":"relativeSpaces","transparent":false}	typed_value_with_native_boundary_semantics
Right-aligned-EPM-AWB2	Update_From_Join_IndentOnKeyword.Indent	false	update.join.onKeywordIndent	{"enabled":false,"offset":0,"onNewLineOnly":true,"style":"relativeSpaces","transparent":false}	typed_value_with_native_boundary_semantics
Right-aligned-EPM-AWB2	Update_From_Join_IndentOnKeyword.Size	0	update.join.onKeywordIndent	{"enabled":false,"offset":0,"onNewLineOnly":true,"style":"relativeSpaces","transparent":false}	typed_value_with_native_boundary_semantics
Right-aligned-EPM-AWB2	Update_From_Join_IndentOnKeyword.OnNewLineOnly	true	update.join.onKeywordIndent	{"enabled":false,"offset":0,"onNewLineOnly":true,"style":"relativeSpaces","transparent":false}	typed_value_with_native_boundary_semantics
Right-aligned-EPM-AWB2	Update_From_Join_IndentOnCondition.Indent	true	update.join.onConditionIndent	{"enabled":true,"offset":-1,"onNewLineOnly":true,"style":"relativeSpaces","transparent":false}	typed_value_with_native_boundary_semantics
Right-aligned-EPM-AWB2	Update_From_Join_IndentOnCondition.Size	-1	update.join.onConditionIndent	{"enabled":true,"offset":-1,"onNewLineOnly":true,"style":"relativeSpaces","transparent":false}	typed_value_with_native_boundary_semantics
Right-aligned-EPM-AWB2	Update_From_Join_IndentOnCondition.OnNewLineOnly	true	update.join.onConditionIndent	{"enabled":true,"offset":-1,"onNewLineOnly":true,"style":"relativeSpaces","transparent":false}	typed_value_with_native_boundary_semantics
Right-aligned-EPM-AWB2	Update_From_Join_IndentWrapConditionNestedOperations.Indent	true	update.join.nestedConditionIndent	{"enabled":true,"offset":3,"onNewLineOnly":true,"style":"relativeSpaces","transparent":false}	typed_value_with_native_boundary_semantics
Right-aligned-EPM-AWB2	Update_From_Join_IndentWrapConditionNestedOperations.Size	3	update.join.nestedConditionIndent	{"enabled":true,"offset":3,"onNewLineOnly":true,"style":"relativeSpaces","transparent":false}	typed_value_with_native_boundary_semantics
Right-aligned-EPM-AWB2	Update_From_Join_IndentWrapConditionNestedOperations.OnNewLineOnly	true	update.join.nestedConditionIndent	{"enabled":true,"offset":3,"onNewLineOnly":true,"style":"relativeSpaces","transparent":false}	typed_value_with_native_boundary_semantics
Right-aligned-EPM-AWB2	Update_From_Join_WrapConditionMode	1	update.join.wrapCondition	"both"	native_policy_numeric_mode_not_certified
Right-aligned-EPM-AWB2	Update_From_Join_WrapBeforeOperatorMode	1	update.join.wrapBeforeOperator	"inherit"	native_policy_numeric_mode_not_certified
Right-aligned-EPM-AWB2	Update_From_Join_WrapAfterOperatorMode	1	update.join.wrapAfterOperator	"never"	native_policy_numeric_mode_not_certified
Right-aligned-EPM-AWB2	Update_Where_LineBreakBeforeWhere	true	update.where.breakBefore	"always"	typed_value_with_native_boundary_semantics
Right-aligned-EPM-AWB2	Update_Where_LineBreakAfterWhere	false	update.where.breakAfter	"never"	typed_value_with_native_boundary_semantics
Right-aligned-EPM-AWB2	Update_Where_IndentWhereKeyword.Indent	false	update.where.keywordIndent	{"enabled":false,"offset":0,"onNewLineOnly":true,"style":"relativeSpaces","transparent":false}	typed_value_with_native_boundary_semantics
Right-aligned-EPM-AWB2	Update_Where_IndentWhereKeyword.Size	0	update.where.keywordIndent	{"enabled":false,"offset":0,"onNewLineOnly":true,"style":"relativeSpaces","transparent":false}	typed_value_with_native_boundary_semantics
Right-aligned-EPM-AWB2	Update_Where_IndentWhereKeyword.OnNewLineOnly	true	update.where.keywordIndent	{"enabled":false,"offset":0,"onNewLineOnly":true,"style":"relativeSpaces","transparent":false}	typed_value_with_native_boundary_semantics
Right-aligned-EPM-AWB2	Update_Where_IndentWhereCondition.Indent	true	update.where.conditionIndent	{"enabled":true,"offset":2,"onNewLineOnly":true,"style":"relativeSpaces","transparent":false}	typed_value_with_native_boundary_semantics
Right-aligned-EPM-AWB2	Update_Where_IndentWhereCondition.Size	2	update.where.conditionIndent	{"enabled":true,"offset":2,"onNewLineOnly":true,"style":"relativeSpaces","transparent":false}	typed_value_with_native_boundary_semantics
Right-aligned-EPM-AWB2	Update_Where_IndentWhereCondition.OnNewLineOnly	true	update.where.conditionIndent	{"enabled":true,"offset":2,"onNewLineOnly":true,"style":"relativeSpaces","transparent":false}	typed_value_with_native_boundary_semantics
Right-aligned-EPM-AWB2	Update_Where_IndentWrapConditionNestedOperations.Indent	true	update.where.nestedConditionIndent	{"enabled":true,"offset":0,"onNewLineOnly":true,"style":"relativeSpaces","transparent":false}	typed_value_with_native_boundary_semantics
Right-aligned-EPM-AWB2	Update_Where_IndentWrapConditionNestedOperations.Size	0	update.where.nestedConditionIndent	{"enabled":true,"offset":0,"onNewLineOnly":true,"style":"relativeSpaces","transparent":false}	typed_value_with_native_boundary_semantics
Right-aligned-EPM-AWB2	Update_Where_IndentWrapConditionNestedOperations.OnNewLineOnly	true	update.where.nestedConditionIndent	{"enabled":true,"offset":0,"onNewLineOnly":true,"style":"relativeSpaces","transparent":false}	typed_value_with_native_boundary_semantics
Right-aligned-EPM-AWB2	Update_Where_WrapConditionMode	1	update.where.wrapCondition	"both"	native_policy_numeric_mode_not_certified
Right-aligned-EPM-AWB2	Update_Where_WrapBeforeOperatorMode	1	update.where.wrapBeforeOperator	"inherit"	native_policy_numeric_mode_not_certified
Right-aligned-EPM-AWB2	Update_Where_WrapAfterOperatorMode	1	update.where.wrapAfterOperator	"never"	native_policy_numeric_mode_not_certified
Right-aligned-EPM-AWB2	Update_OutputClause_LineBreakBeforeOutput	true	update.output.breakBefore	"always"	typed_value_with_native_boundary_semantics
Right-aligned-EPM-AWB2	Update_OutputClause_LineBreakAfterOutput	false	update.output.breakAfter	"never"	typed_value_with_native_boundary_semantics
Right-aligned-EPM-AWB2	Update_OutputClause_IndentOutputKeyword.Indent	false	update.output.keywordIndent	{"enabled":false,"offset":0,"onNewLineOnly":true,"style":"relativeSpaces","transparent":false}	typed_value_with_native_boundary_semantics
Right-aligned-EPM-AWB2	Update_OutputClause_IndentOutputKeyword.Size	0	update.output.keywordIndent	{"enabled":false,"offset":0,"onNewLineOnly":true,"style":"relativeSpaces","transparent":false}	typed_value_with_native_boundary_semantics
Right-aligned-EPM-AWB2	Update_OutputClause_IndentOutputKeyword.OnNewLineOnly	true	update.output.keywordIndent	{"enabled":false,"offset":0,"onNewLineOnly":true,"style":"relativeSpaces","transparent":false}	typed_value_with_native_boundary_semantics
Right-aligned-EPM-AWB2	Update_OutputClause_IndentOutputParameters.Indent	false	update.output.listIndent	{"enabled":false,"offset":0,"onNewLineOnly":true,"style":"relativeSpaces","transparent":false}	typed_value_with_native_boundary_semantics
Right-aligned-EPM-AWB2	Update_OutputClause_IndentOutputParameters.Size	0	update.output.listIndent	{"enabled":false,"offset":0,"onNewLineOnly":true,"style":"relativeSpaces","transparent":false}	typed_value_with_native_boundary_semantics
Right-aligned-EPM-AWB2	Update_OutputClause_IndentOutputParameters.OnNewLineOnly	true	update.output.listIndent	{"enabled":false,"offset":0,"onNewLineOnly":true,"style":"relativeSpaces","transparent":false}	typed_value_with_native_boundary_semantics
Right-aligned-EPM-AWB2	Update_OutputClause_StackDmlColumnsList	true	update.output.stackList	"on"	typed_value_with_native_boundary_semantics
Right-aligned-EPM-AWB2	Update_OutputClause_StackDmlColumnsMode	1	update.output.stackMode	"onePerLine"	native_policy_numeric_mode_not_certified
Right-aligned-EPM-AWB2	Update_OptionHints_LineBreakBeforeOption	true	update.option.breakBefore	"always"	typed_value_with_native_boundary_semantics
Right-aligned-EPM-AWB2	Update_OptionHints_LineBreakAfterOption	false	update.option.breakAfter	"never"	typed_value_with_native_boundary_semantics
Right-aligned-EPM-AWB2	Update_OptionHints_IndentOptionKeyword.Indent	false	update.option.keywordIndent	{"enabled":false,"offset":0,"onNewLineOnly":true,"style":"relativeSpaces","transparent":false}	typed_value_with_native_boundary_semantics
Right-aligned-EPM-AWB2	Update_OptionHints_IndentOptionKeyword.Size	0	update.option.keywordIndent	{"enabled":false,"offset":0,"onNewLineOnly":true,"style":"relativeSpaces","transparent":false}	typed_value_with_native_boundary_semantics
Right-aligned-EPM-AWB2	Update_OptionHints_IndentOptionKeyword.OnNewLineOnly	true	update.option.keywordIndent	{"enabled":false,"offset":0,"onNewLineOnly":true,"style":"relativeSpaces","transparent":false}	typed_value_with_native_boundary_semantics
Right-aligned-EPM-AWB2	Update_OptionHints_IndentOptionHints.Indent	false	update.option.hintsIndent	{"enabled":false,"offset":0,"onNewLineOnly":true,"style":"relativeSpaces","transparent":false}	typed_value_with_native_boundary_semantics
Right-aligned-EPM-AWB2	Update_OptionHints_IndentOptionHints.Size	0	update.option.hintsIndent	{"enabled":false,"offset":0,"onNewLineOnly":true,"style":"relativeSpaces","transparent":false}	typed_value_with_native_boundary_semantics
Right-aligned-EPM-AWB2	Update_OptionHints_IndentOptionHints.OnNewLineOnly	true	update.option.hintsIndent	{"enabled":false,"offset":0,"onNewLineOnly":true,"style":"relativeSpaces","transparent":false}	typed_value_with_native_boundary_semantics
Right-aligned-EPM-AWB2	Delete_LineBreakBeforeFrom	false	delete.target.breakBeforeFrom	"never"	typed_value_with_native_boundary_semantics
Right-aligned-EPM-AWB2	Delete_IndentFromKeyword.Indent	false	delete.target.fromKeywordIndent	{"enabled":false,"offset":0,"onNewLineOnly":true,"style":"relativeSpaces","transparent":false}	typed_value_with_native_boundary_semantics
Right-aligned-EPM-AWB2	Delete_IndentFromKeyword.Size	0	delete.target.fromKeywordIndent	{"enabled":false,"offset":0,"onNewLineOnly":true,"style":"relativeSpaces","transparent":false}	typed_value_with_native_boundary_semantics
Right-aligned-EPM-AWB2	Delete_IndentFromKeyword.OnNewLineOnly	true	delete.target.fromKeywordIndent	{"enabled":false,"offset":0,"onNewLineOnly":true,"style":"relativeSpaces","transparent":false}	typed_value_with_native_boundary_semantics
Right-aligned-EPM-AWB2	Delete_LineBreakBeforeMainTable	false	delete.target.breakBefore	"never"	typed_value_with_native_boundary_semantics
Right-aligned-EPM-AWB2	Delete_IndentTable.Indent	false	delete.target.indent	{"enabled":false,"offset":0,"onNewLineOnly":true,"style":"relativeSpaces","transparent":false}	typed_value_with_native_boundary_semantics
Right-aligned-EPM-AWB2	Delete_IndentTable.Size	0	delete.target.indent	{"enabled":false,"offset":0,"onNewLineOnly":true,"style":"relativeSpaces","transparent":false}	typed_value_with_native_boundary_semantics
Right-aligned-EPM-AWB2	Delete_IndentTable.OnNewLineOnly	true	delete.target.indent	{"enabled":false,"offset":0,"onNewLineOnly":true,"style":"relativeSpaces","transparent":false}	typed_value_with_native_boundary_semantics
Right-aligned-EPM-AWB2	Delete_From_UseSameFormattingAsInSelect	false	delete.from.useSelectFormatting	false	typed_value_with_native_boundary_semantics
Right-aligned-EPM-AWB2	Delete_From_LineBreakBeforeFrom	true	delete.from.breakBefore	"always"	typed_value_with_native_boundary_semantics
Right-aligned-EPM-AWB2	Delete_From_LineBreakAfterFrom	false	delete.from.breakAfter	"never"	typed_value_with_native_boundary_semantics
Right-aligned-EPM-AWB2	Delete_From_IndentFromKeyword.Indent	true	delete.from.keywordIndent	{"enabled":true,"offset":2,"onNewLineOnly":true,"style":"relativeSpaces","transparent":false}	typed_value_with_native_boundary_semantics
Right-aligned-EPM-AWB2	Delete_From_IndentFromKeyword.Size	2	delete.from.keywordIndent	{"enabled":true,"offset":2,"onNewLineOnly":true,"style":"relativeSpaces","transparent":false}	typed_value_with_native_boundary_semantics
Right-aligned-EPM-AWB2	Delete_From_IndentFromKeyword.OnNewLineOnly	true	delete.from.keywordIndent	{"enabled":true,"offset":2,"onNewLineOnly":true,"style":"relativeSpaces","transparent":false}	typed_value_with_native_boundary_semantics
Right-aligned-EPM-AWB2	Delete_From_IndentFromList.Indent	true	delete.from.listIndent	{"enabled":true,"offset":10,"onNewLineOnly":false,"style":"relativeSpaces","transparent":false}	typed_value_with_native_boundary_semantics
Right-aligned-EPM-AWB2	Delete_From_IndentFromList.Size	10	delete.from.listIndent	{"enabled":true,"offset":10,"onNewLineOnly":false,"style":"relativeSpaces","transparent":false}	typed_value_with_native_boundary_semantics
Right-aligned-EPM-AWB2	Delete_From_IndentFromList.OnNewLineOnly	false	delete.from.listIndent	{"enabled":true,"offset":10,"onNewLineOnly":false,"style":"relativeSpaces","transparent":false}	typed_value_with_native_boundary_semantics
Right-aligned-EPM-AWB2	Delete_From_StackFromList	true	delete.from.stackList	"on"	typed_value_with_native_boundary_semantics
Right-aligned-EPM-AWB2	Delete_From_StackFromListMode	1	delete.from.stackMode	"onePerLine"	native_policy_numeric_mode_not_certified
Right-aligned-EPM-AWB2	Delete_From_Join_LineBreakBeforeJoin	true	delete.join.breakBefore	"always"	typed_value_with_native_boundary_semantics
Right-aligned-EPM-AWB2	Delete_From_Join_LineBreakAfterJoin	false	delete.join.breakAfter	"never"	typed_value_with_native_boundary_semantics
Right-aligned-EPM-AWB2	Delete_From_Join_LineBreakBeforeOn	true	delete.join.onBreakBefore	"always"	typed_value_with_native_boundary_semantics
Right-aligned-EPM-AWB2	Delete_From_Join_LineBreakAfterOn	false	delete.join.onBreakAfter	"never"	typed_value_with_native_boundary_semantics
Right-aligned-EPM-AWB2	Delete_From_Join_IndentJoinKeyword.Indent	true	delete.join.keywordIndent	{"enabled":true,"offset":4,"onNewLineOnly":true,"style":"relativeSpaces","transparent":true}	typed_value_with_native_boundary_semantics
Right-aligned-EPM-AWB2	Delete_From_Join_IndentJoinKeyword.Size	4	delete.join.keywordIndent	{"enabled":true,"offset":4,"onNewLineOnly":true,"style":"relativeSpaces","transparent":true}	typed_value_with_native_boundary_semantics
Right-aligned-EPM-AWB2	Delete_From_Join_IndentJoinKeyword.OnNewLineOnly	true	delete.join.keywordIndent	{"enabled":true,"offset":4,"onNewLineOnly":true,"style":"relativeSpaces","transparent":true}	typed_value_with_native_boundary_semantics
Right-aligned-EPM-AWB2	Delete_From_Join_IndentJoinKeyword.Style	4	delete.join.keywordIndent	{"enabled":true,"offset":4,"onNewLineOnly":true,"style":"relativeSpaces","transparent":true}	native_policy_numeric_mode_not_certified
Right-aligned-EPM-AWB2	Delete_From_Join_IndentJoinKeyword.Transparent	true	delete.join.keywordIndent	{"enabled":true,"offset":4,"onNewLineOnly":true,"style":"relativeSpaces","transparent":true}	typed_value_with_native_boundary_semantics
Right-aligned-EPM-AWB2	Delete_From_Join_IndentTableAfterJoin.Indent	false	delete.join.tableIndent	{"enabled":false,"offset":0,"onNewLineOnly":true,"style":"relativeSpaces","transparent":false}	typed_value_with_native_boundary_semantics
Right-aligned-EPM-AWB2	Delete_From_Join_IndentTableAfterJoin.Size	0	delete.join.tableIndent	{"enabled":false,"offset":0,"onNewLineOnly":true,"style":"relativeSpaces","transparent":false}	typed_value_with_native_boundary_semantics
Right-aligned-EPM-AWB2	Delete_From_Join_IndentTableAfterJoin.OnNewLineOnly	true	delete.join.tableIndent	{"enabled":false,"offset":0,"onNewLineOnly":true,"style":"relativeSpaces","transparent":false}	typed_value_with_native_boundary_semantics
Right-aligned-EPM-AWB2	Delete_From_Join_IndentOnKeyword.Indent	true	delete.join.onKeywordIndent	{"enabled":true,"offset":2,"onNewLineOnly":true,"style":"relativeSpaces","transparent":false}	typed_value_with_native_boundary_semantics
Right-aligned-EPM-AWB2	Delete_From_Join_IndentOnKeyword.Size	2	delete.join.onKeywordIndent	{"enabled":true,"offset":2,"onNewLineOnly":true,"style":"relativeSpaces","transparent":false}	typed_value_with_native_boundary_semantics
Right-aligned-EPM-AWB2	Delete_From_Join_IndentOnKeyword.OnNewLineOnly	true	delete.join.onKeywordIndent	{"enabled":true,"offset":2,"onNewLineOnly":true,"style":"relativeSpaces","transparent":false}	typed_value_with_native_boundary_semantics
Right-aligned-EPM-AWB2	Delete_From_Join_IndentOnCondition.Indent	true	delete.join.onConditionIndent	{"enabled":true,"offset":-1,"onNewLineOnly":true,"style":"relativeSpaces","transparent":false}	typed_value_with_native_boundary_semantics
Right-aligned-EPM-AWB2	Delete_From_Join_IndentOnCondition.Size	-1	delete.join.onConditionIndent	{"enabled":true,"offset":-1,"onNewLineOnly":true,"style":"relativeSpaces","transparent":false}	typed_value_with_native_boundary_semantics
Right-aligned-EPM-AWB2	Delete_From_Join_IndentOnCondition.OnNewLineOnly	true	delete.join.onConditionIndent	{"enabled":true,"offset":-1,"onNewLineOnly":true,"style":"relativeSpaces","transparent":false}	typed_value_with_native_boundary_semantics
Right-aligned-EPM-AWB2	Delete_From_Join_IndentWrapConditionNestedOperations.Indent	true	delete.join.nestedConditionIndent	{"enabled":true,"offset":2,"onNewLineOnly":true,"style":"relativeSpaces","transparent":false}	typed_value_with_native_boundary_semantics
Right-aligned-EPM-AWB2	Delete_From_Join_IndentWrapConditionNestedOperations.Size	2	delete.join.nestedConditionIndent	{"enabled":true,"offset":2,"onNewLineOnly":true,"style":"relativeSpaces","transparent":false}	typed_value_with_native_boundary_semantics
Right-aligned-EPM-AWB2	Delete_From_Join_IndentWrapConditionNestedOperations.OnNewLineOnly	true	delete.join.nestedConditionIndent	{"enabled":true,"offset":2,"onNewLineOnly":true,"style":"relativeSpaces","transparent":false}	typed_value_with_native_boundary_semantics
Right-aligned-EPM-AWB2	Delete_From_Join_WrapConditionMode	1	delete.join.wrapCondition	"both"	native_policy_numeric_mode_not_certified
Right-aligned-EPM-AWB2	Delete_From_Join_WrapBeforeOperatorMode	1	delete.join.wrapBeforeOperator	"inherit"	native_policy_numeric_mode_not_certified
Right-aligned-EPM-AWB2	Delete_From_Join_WrapAfterOperatorMode	1	delete.join.wrapAfterOperator	"never"	native_policy_numeric_mode_not_certified
Right-aligned-EPM-AWB2	Delete_Where_LineBreakBeforeWhere	true	delete.where.breakBefore	"always"	typed_value_with_native_boundary_semantics
Right-aligned-EPM-AWB2	Delete_Where_LineBreakAfterWhere	false	delete.where.breakAfter	"never"	typed_value_with_native_boundary_semantics
Right-aligned-EPM-AWB2	Delete_Where_IndentWhereKeyword.Indent	true	delete.where.keywordIndent	{"enabled":true,"offset":1,"onNewLineOnly":true,"style":"relativeSpaces","transparent":false}	typed_value_with_native_boundary_semantics
Right-aligned-EPM-AWB2	Delete_Where_IndentWhereKeyword.Size	1	delete.where.keywordIndent	{"enabled":true,"offset":1,"onNewLineOnly":true,"style":"relativeSpaces","transparent":false}	typed_value_with_native_boundary_semantics
Right-aligned-EPM-AWB2	Delete_Where_IndentWhereKeyword.OnNewLineOnly	true	delete.where.keywordIndent	{"enabled":true,"offset":1,"onNewLineOnly":true,"style":"relativeSpaces","transparent":false}	typed_value_with_native_boundary_semantics
Right-aligned-EPM-AWB2	Delete_Where_IndentWhereCondition.Indent	true	delete.where.conditionIndent	{"enabled":true,"offset":2,"onNewLineOnly":false,"style":"relativeSpaces","transparent":false}	typed_value_with_native_boundary_semantics
Right-aligned-EPM-AWB2	Delete_Where_IndentWhereCondition.Size	2	delete.where.conditionIndent	{"enabled":true,"offset":2,"onNewLineOnly":false,"style":"relativeSpaces","transparent":false}	typed_value_with_native_boundary_semantics
Right-aligned-EPM-AWB2	Delete_Where_IndentWhereCondition.OnNewLineOnly	false	delete.where.conditionIndent	{"enabled":true,"offset":2,"onNewLineOnly":false,"style":"relativeSpaces","transparent":false}	typed_value_with_native_boundary_semantics
Right-aligned-EPM-AWB2	Delete_Where_IndentWrapConditionNestedOperations.Indent	true	delete.where.nestedConditionIndent	{"enabled":true,"offset":2,"onNewLineOnly":true,"style":"relativeSpaces","transparent":false}	typed_value_with_native_boundary_semantics
Right-aligned-EPM-AWB2	Delete_Where_IndentWrapConditionNestedOperations.Size	2	delete.where.nestedConditionIndent	{"enabled":true,"offset":2,"onNewLineOnly":true,"style":"relativeSpaces","transparent":false}	typed_value_with_native_boundary_semantics
Right-aligned-EPM-AWB2	Delete_Where_IndentWrapConditionNestedOperations.OnNewLineOnly	true	delete.where.nestedConditionIndent	{"enabled":true,"offset":2,"onNewLineOnly":true,"style":"relativeSpaces","transparent":false}	typed_value_with_native_boundary_semantics
Right-aligned-EPM-AWB2	Delete_Where_WrapConditionMode	1	delete.where.wrapCondition	"both"	native_policy_numeric_mode_not_certified
Right-aligned-EPM-AWB2	Delete_Where_WrapBeforeOperatorMode	1	delete.where.wrapBeforeOperator	"inherit"	native_policy_numeric_mode_not_certified
Right-aligned-EPM-AWB2	Delete_Where_WrapAfterOperatorMode	1	delete.where.wrapAfterOperator	"never"	native_policy_numeric_mode_not_certified
Right-aligned-EPM-AWB2	Delete_OutputClause_LineBreakBeforeOutput	true	delete.output.breakBefore	"always"	typed_value_with_native_boundary_semantics
Right-aligned-EPM-AWB2	Delete_OutputClause_LineBreakAfterOutput	false	delete.output.breakAfter	"never"	typed_value_with_native_boundary_semantics
Right-aligned-EPM-AWB2	Delete_OutputClause_IndentOutputKeyword.Indent	false	delete.output.keywordIndent	{"enabled":false,"offset":0,"onNewLineOnly":true,"style":"relativeSpaces","transparent":false}	typed_value_with_native_boundary_semantics
Right-aligned-EPM-AWB2	Delete_OutputClause_IndentOutputKeyword.Size	0	delete.output.keywordIndent	{"enabled":false,"offset":0,"onNewLineOnly":true,"style":"relativeSpaces","transparent":false}	typed_value_with_native_boundary_semantics
Right-aligned-EPM-AWB2	Delete_OutputClause_IndentOutputKeyword.OnNewLineOnly	true	delete.output.keywordIndent	{"enabled":false,"offset":0,"onNewLineOnly":true,"style":"relativeSpaces","transparent":false}	typed_value_with_native_boundary_semantics
Right-aligned-EPM-AWB2	Delete_OutputClause_IndentOutputParameters.Indent	false	delete.output.listIndent	{"enabled":false,"offset":0,"onNewLineOnly":true,"style":"relativeSpaces","transparent":false}	typed_value_with_native_boundary_semantics
Right-aligned-EPM-AWB2	Delete_OutputClause_IndentOutputParameters.Size	0	delete.output.listIndent	{"enabled":false,"offset":0,"onNewLineOnly":true,"style":"relativeSpaces","transparent":false}	typed_value_with_native_boundary_semantics
Right-aligned-EPM-AWB2	Delete_OutputClause_IndentOutputParameters.OnNewLineOnly	true	delete.output.listIndent	{"enabled":false,"offset":0,"onNewLineOnly":true,"style":"relativeSpaces","transparent":false}	typed_value_with_native_boundary_semantics
Right-aligned-EPM-AWB2	Delete_OutputClause_StackDmlColumnsList	true	delete.output.stackList	"on"	typed_value_with_native_boundary_semantics
Right-aligned-EPM-AWB2	Delete_OutputClause_StackDmlColumnsListMode	1	delete.output.stackMode	"onePerLine"	native_policy_numeric_mode_not_certified
Right-aligned-EPM-AWB2	Delete_OptionHints_LineBreakBeforeOption	true	delete.option.breakBefore	"always"	typed_value_with_native_boundary_semantics
Right-aligned-EPM-AWB2	Delete_OptionHints_LineBreakAfterOption	false	delete.option.breakAfter	"never"	typed_value_with_native_boundary_semantics
Right-aligned-EPM-AWB2	Delete_OptionHints_IndentOptionKeyword.Indent	false	delete.option.keywordIndent	{"enabled":false,"offset":0,"onNewLineOnly":true,"style":"relativeSpaces","transparent":false}	typed_value_with_native_boundary_semantics
Right-aligned-EPM-AWB2	Delete_OptionHints_IndentOptionKeyword.Size	0	delete.option.keywordIndent	{"enabled":false,"offset":0,"onNewLineOnly":true,"style":"relativeSpaces","transparent":false}	typed_value_with_native_boundary_semantics
Right-aligned-EPM-AWB2	Delete_OptionHints_IndentOptionKeyword.OnNewLineOnly	true	delete.option.keywordIndent	{"enabled":false,"offset":0,"onNewLineOnly":true,"style":"relativeSpaces","transparent":false}	typed_value_with_native_boundary_semantics
Right-aligned-EPM-AWB2	Delete_OptionHints_IndentOptionHints.Indent	false	delete.option.hintsIndent	{"enabled":false,"offset":0,"onNewLineOnly":true,"style":"relativeSpaces","transparent":false}	typed_value_with_native_boundary_semantics
Right-aligned-EPM-AWB2	Delete_OptionHints_IndentOptionHints.Size	0	delete.option.hintsIndent	{"enabled":false,"offset":0,"onNewLineOnly":true,"style":"relativeSpaces","transparent":false}	typed_value_with_native_boundary_semantics
Right-aligned-EPM-AWB2	Delete_OptionHints_IndentOptionHints.OnNewLineOnly	true	delete.option.hintsIndent	{"enabled":false,"offset":0,"onNewLineOnly":true,"style":"relativeSpaces","transparent":false}	typed_value_with_native_boundary_semantics
Right-aligned-EPM-AWB2	Execute_LineBreakBeforeParametersList	false	execute.parameters.breakBefore	"never"	typed_value_with_native_boundary_semantics
Right-aligned-EPM-AWB2	Execute_IndentParameters.Indent	false	execute.parameters.listIndent	{"enabled":false,"offset":0,"onNewLineOnly":true,"style":"relativeSpaces","transparent":false}	typed_value_with_native_boundary_semantics
Right-aligned-EPM-AWB2	Execute_IndentParameters.Size	0	execute.parameters.listIndent	{"enabled":false,"offset":0,"onNewLineOnly":true,"style":"relativeSpaces","transparent":false}	typed_value_with_native_boundary_semantics
Right-aligned-EPM-AWB2	Execute_IndentParameters.OnNewLineOnly	true	execute.parameters.listIndent	{"enabled":false,"offset":0,"onNewLineOnly":true,"style":"relativeSpaces","transparent":false}	typed_value_with_native_boundary_semantics
Right-aligned-EPM-AWB2	Execute_StackParametersList	true	execute.parameters.stackList	"on"	typed_value_with_native_boundary_semantics
Right-aligned-EPM-AWB2	Execute_StackParametersListMode	1	execute.parameters.stackMode	"onePerLine"	native_policy_numeric_mode_not_certified
Right-aligned-EPM-AWB2	StackedList_PlaceCommaBeforeItemInStackedList	false	stackedList.commaPlacement	"trailing"	typed_value_with_native_boundary_semantics
Right-aligned-EPM-AWB2	StackedList_NoSpaceBetweenCommaAndListItemInStack	false	stackedList.spaceAfterLeadingComma	"insert"	typed_value_with_native_boundary_semantics
Right-aligned-EPM-AWB2	UnionExceptIntersect_LineBreakBeforeUnion	true	setOperator.breakBefore	"always"	typed_value_with_native_boundary_semantics
Right-aligned-EPM-AWB2	UnionExceptIntersect_LineBreakAfterUnion	true	setOperator.breakAfter	"always"	typed_value_with_native_boundary_semantics
Right-aligned-EPM-AWB2	UnionExceptIntersect_IndentKeyword.Indent	false	setOperator.keywordIndent	{"enabled":false,"offset":0,"onNewLineOnly":true,"style":"relativeSpaces","transparent":false}	typed_value_with_native_boundary_semantics
Right-aligned-EPM-AWB2	UnionExceptIntersect_IndentKeyword.Size	0	setOperator.keywordIndent	{"enabled":false,"offset":0,"onNewLineOnly":true,"style":"relativeSpaces","transparent":false}	typed_value_with_native_boundary_semantics
Right-aligned-EPM-AWB2	UnionExceptIntersect_IndentKeyword.OnNewLineOnly	true	setOperator.keywordIndent	{"enabled":false,"offset":0,"onNewLineOnly":true,"style":"relativeSpaces","transparent":false}	typed_value_with_native_boundary_semantics
Right-aligned-EPM-AWB2	UnionExceptIntersect_IndentSubquery.Indent	false	setOperator.branchIndent	{"enabled":false,"offset":0,"onNewLineOnly":true,"style":"relativeSpaces","transparent":false}	typed_value_with_native_boundary_semantics
Right-aligned-EPM-AWB2	UnionExceptIntersect_IndentSubquery.Size	0	setOperator.branchIndent	{"enabled":false,"offset":0,"onNewLineOnly":true,"style":"relativeSpaces","transparent":false}	typed_value_with_native_boundary_semantics
Right-aligned-EPM-AWB2	UnionExceptIntersect_IndentSubquery.OnNewLineOnly	true	setOperator.branchIndent	{"enabled":false,"offset":0,"onNewLineOnly":true,"style":"relativeSpaces","transparent":false}	typed_value_with_native_boundary_semantics
Right-aligned-EPM-AWB2	ProcedureFunction_Parameters_LineBreakBeforeOpenBrace	false	routine.parameters.breakBeforeOpen	"never"	typed_value_with_native_boundary_semantics
Right-aligned-EPM-AWB2	ProcedureFunction_Parameters_LineBreakBeforeFirstParameter	true	routine.parameters.breakAfterOpen	"always"	typed_value_with_native_boundary_semantics
Right-aligned-EPM-AWB2	ProcedureFunction_Parameters_LineBreakBeforeClosingBrace	false	routine.parameters.breakBeforeClose	"never"	typed_value_with_native_boundary_semantics
Right-aligned-EPM-AWB2	ProcedureFunction_Parameters_IndentParametersListBraces.Indent	false	routine.parameters.braceIndent	{"enabled":false,"offset":0,"onNewLineOnly":true,"style":"relativeSpaces","transparent":false}	typed_value_with_native_boundary_semantics
Right-aligned-EPM-AWB2	ProcedureFunction_Parameters_IndentParametersListBraces.Size	0	routine.parameters.braceIndent	{"enabled":false,"offset":0,"onNewLineOnly":true,"style":"relativeSpaces","transparent":false}	typed_value_with_native_boundary_semantics
Right-aligned-EPM-AWB2	ProcedureFunction_Parameters_IndentParametersListBraces.OnNewLineOnly	true	routine.parameters.braceIndent	{"enabled":false,"offset":0,"onNewLineOnly":true,"style":"relativeSpaces","transparent":false}	typed_value_with_native_boundary_semantics
Right-aligned-EPM-AWB2	ProcedureFunction_Parameters_IndentParameters.Indent	true	routine.parameters.listIndent	{"enabled":true,"offset":0,"onNewLineOnly":true,"style":"relativeSpaces","transparent":false}	typed_value_with_native_boundary_semantics
Right-aligned-EPM-AWB2	ProcedureFunction_Parameters_IndentParameters.Size	0	routine.parameters.listIndent	{"enabled":true,"offset":0,"onNewLineOnly":true,"style":"relativeSpaces","transparent":false}	typed_value_with_native_boundary_semantics
Right-aligned-EPM-AWB2	ProcedureFunction_Parameters_IndentParameters.OnNewLineOnly	true	routine.parameters.listIndent	{"enabled":true,"offset":0,"onNewLineOnly":true,"style":"relativeSpaces","transparent":false}	typed_value_with_native_boundary_semantics
Right-aligned-EPM-AWB2	ProcedureFunction_Parameters_InsertSpaceBeforeOpenBrace	true	routine.parameters.spaceBeforeOpen	"insert"	typed_value_with_native_boundary_semantics
Right-aligned-EPM-AWB2	ProcedureFunction_Parameters_InsertSpacesWithinParametersListBraces	false	routine.parameters.spaceWithin	"remove"	typed_value_with_native_boundary_semantics
Right-aligned-EPM-AWB2	ProcedureFunction_Parameters_InsertSpaceWithinEmptyParametersListBraces	false	routine.parameters.spaceWithinEmpty	"remove"	typed_value_with_native_boundary_semantics
Right-aligned-EPM-AWB2	ProcedureFunction_Parameters_StackParametersList	true	routine.parameters.stackList	"on"	typed_value_with_native_boundary_semantics
Right-aligned-EPM-AWB2	ProcedureFunction_Parameters_StackParametersListStyle	1	routine.parameters.stackMode	"onePerLine"	native_policy_numeric_mode_not_certified
Right-aligned-EPM-AWB2	ProcedureFunction_With_LineBreakBeforeWith	true	routine.with.breakBefore	"always"	typed_value_with_native_boundary_semantics
Right-aligned-EPM-AWB2	ProcedureFunction_With_LineBreakAfterWith	false	routine.with.breakAfter	"never"	typed_value_with_native_boundary_semantics
Right-aligned-EPM-AWB2	ProcedureFunction_With_IndentWith.Indent	false	routine.with.keywordIndent	{"enabled":false,"offset":0,"onNewLineOnly":true,"style":"relativeSpaces","transparent":false}	typed_value_with_native_boundary_semantics
Right-aligned-EPM-AWB2	ProcedureFunction_With_IndentWith.Size	0	routine.with.keywordIndent	{"enabled":false,"offset":0,"onNewLineOnly":true,"style":"relativeSpaces","transparent":false}	typed_value_with_native_boundary_semantics
Right-aligned-EPM-AWB2	ProcedureFunction_With_IndentWith.OnNewLineOnly	true	routine.with.keywordIndent	{"enabled":false,"offset":0,"onNewLineOnly":true,"style":"relativeSpaces","transparent":false}	typed_value_with_native_boundary_semantics
Right-aligned-EPM-AWB2	ProcedureFunction_With_IndentWithOptions.Indent	false	routine.with.listIndent	{"enabled":false,"offset":0,"onNewLineOnly":true,"style":"relativeSpaces","transparent":false}	typed_value_with_native_boundary_semantics
Right-aligned-EPM-AWB2	ProcedureFunction_With_IndentWithOptions.Size	0	routine.with.listIndent	{"enabled":false,"offset":0,"onNewLineOnly":true,"style":"relativeSpaces","transparent":false}	typed_value_with_native_boundary_semantics
Right-aligned-EPM-AWB2	ProcedureFunction_With_IndentWithOptions.OnNewLineOnly	true	routine.with.listIndent	{"enabled":false,"offset":0,"onNewLineOnly":true,"style":"relativeSpaces","transparent":false}	typed_value_with_native_boundary_semantics
Right-aligned-EPM-AWB2	ProcedureFunction_With_StackWithOptions	false	routine.with.stackList	"off"	typed_value_with_native_boundary_semantics
Right-aligned-EPM-AWB2	ProcedureFunction_With_StackWithOptionsMode	1	routine.with.stackMode	"onePerLine"	native_policy_numeric_mode_not_certified
Right-aligned-EPM-AWB2	ProcedureFunction_Returns_LineBreakBeforeReturns	true	routine.returns.breakBefore	"always"	typed_value_with_native_boundary_semantics
Right-aligned-EPM-AWB2	ProcedureFunction_Returns_LineBreakBeforeTableDefinition	false	routine.returns.breakBeforeTable	"never"	typed_value_with_native_boundary_semantics
Right-aligned-EPM-AWB2	ProcedureFunction_Returns_IndentTableDefinition.Indent	false	routine.returns.tableIndent	{"enabled":false,"offset":0,"onNewLineOnly":true,"style":"relativeSpaces","transparent":false}	typed_value_with_native_boundary_semantics
Right-aligned-EPM-AWB2	ProcedureFunction_Returns_IndentTableDefinition.Size	0	routine.returns.tableIndent	{"enabled":false,"offset":0,"onNewLineOnly":true,"style":"relativeSpaces","transparent":false}	typed_value_with_native_boundary_semantics
Right-aligned-EPM-AWB2	ProcedureFunction_Returns_IndentTableDefinition.OnNewLineOnly	true	routine.returns.tableIndent	{"enabled":false,"offset":0,"onNewLineOnly":true,"style":"relativeSpaces","transparent":false}	typed_value_with_native_boundary_semantics
Right-aligned-EPM-AWB2	ProcedureFunction_Body_LineBreakBeforeAs	true	routine.body.breakBeforeAs	"always"	typed_value_with_native_boundary_semantics
Right-aligned-EPM-AWB2	ProcedureFunction_Body_LineBreakBeforeRoutineBody	true	routine.body.breakBefore	"always"	typed_value_with_native_boundary_semantics
Right-aligned-EPM-AWB2	ProcedureFunction_Body_IndentAsKeyword.Indent	false	routine.body.asIndent	{"enabled":false,"offset":0,"onNewLineOnly":true,"style":"relativeSpaces","transparent":false}	typed_value_with_native_boundary_semantics
Right-aligned-EPM-AWB2	ProcedureFunction_Body_IndentAsKeyword.Size	0	routine.body.asIndent	{"enabled":false,"offset":0,"onNewLineOnly":true,"style":"relativeSpaces","transparent":false}	typed_value_with_native_boundary_semantics
Right-aligned-EPM-AWB2	ProcedureFunction_Body_IndentAsKeyword.OnNewLineOnly	true	routine.body.asIndent	{"enabled":false,"offset":0,"onNewLineOnly":true,"style":"relativeSpaces","transparent":false}	typed_value_with_native_boundary_semantics
Right-aligned-EPM-AWB2	ProcedureFunction_Body_IndentBeginEndKeywords.Indent	false	routine.body.keywordIndent	{"enabled":false,"offset":0,"onNewLineOnly":true,"style":"relativeSpaces","transparent":false}	typed_value_with_native_boundary_semantics
Right-aligned-EPM-AWB2	ProcedureFunction_Body_IndentBeginEndKeywords.Size	0	routine.body.keywordIndent	{"enabled":false,"offset":0,"onNewLineOnly":true,"style":"relativeSpaces","transparent":false}	typed_value_with_native_boundary_semantics
Right-aligned-EPM-AWB2	ProcedureFunction_Body_IndentBeginEndKeywords.OnNewLineOnly	true	routine.body.keywordIndent	{"enabled":false,"offset":0,"onNewLineOnly":true,"style":"relativeSpaces","transparent":false}	typed_value_with_native_boundary_semantics
Right-aligned-EPM-AWB2	ProcedureFunction_Body_IndentCode.Indent	true	routine.body.codeIndent	{"enabled":true,"offset":0,"onNewLineOnly":true,"style":"relativeSpaces","transparent":false}	typed_value_with_native_boundary_semantics
Right-aligned-EPM-AWB2	ProcedureFunction_Body_IndentCode.Size	0	routine.body.codeIndent	{"enabled":true,"offset":0,"onNewLineOnly":true,"style":"relativeSpaces","transparent":false}	typed_value_with_native_boundary_semantics
Right-aligned-EPM-AWB2	ProcedureFunction_Body_IndentCode.OnNewLineOnly	true	routine.body.codeIndent	{"enabled":true,"offset":0,"onNewLineOnly":true,"style":"relativeSpaces","transparent":false}	typed_value_with_native_boundary_semantics
Right-aligned-EPM-AWB2	Trigger_OnClause_LineBreakBeforeOn	true	trigger.on.breakBefore	"always"	typed_value_with_native_boundary_semantics
Right-aligned-EPM-AWB2	Trigger_OnClause_LineBreakAfterOn	false	trigger.on.breakAfter	"never"	typed_value_with_native_boundary_semantics
Right-aligned-EPM-AWB2	Trigger_OnClause_IndentOnKeyword.Indent	false	trigger.on.keywordIndent	{"enabled":false,"offset":0,"onNewLineOnly":true,"style":"relativeSpaces","transparent":false}	typed_value_with_native_boundary_semantics
Right-aligned-EPM-AWB2	Trigger_OnClause_IndentOnKeyword.Size	0	trigger.on.keywordIndent	{"enabled":false,"offset":0,"onNewLineOnly":true,"style":"relativeSpaces","transparent":false}	typed_value_with_native_boundary_semantics
Right-aligned-EPM-AWB2	Trigger_OnClause_IndentOnKeyword.OnNewLineOnly	true	trigger.on.keywordIndent	{"enabled":false,"offset":0,"onNewLineOnly":true,"style":"relativeSpaces","transparent":false}	typed_value_with_native_boundary_semantics
Right-aligned-EPM-AWB2	Trigger_OnClause_IndentTargetObject.Indent	false	trigger.on.targetIndent	{"enabled":false,"offset":0,"onNewLineOnly":true,"style":"relativeSpaces","transparent":false}	typed_value_with_native_boundary_semantics
Right-aligned-EPM-AWB2	Trigger_OnClause_IndentTargetObject.Size	0	trigger.on.targetIndent	{"enabled":false,"offset":0,"onNewLineOnly":true,"style":"relativeSpaces","transparent":false}	typed_value_with_native_boundary_semantics
Right-aligned-EPM-AWB2	Trigger_OnClause_IndentTargetObject.OnNewLineOnly	true	trigger.on.targetIndent	{"enabled":false,"offset":0,"onNewLineOnly":true,"style":"relativeSpaces","transparent":false}	typed_value_with_native_boundary_semantics
Right-aligned-EPM-AWB2	Trigger_With_LineBreakBeforeWith	true	trigger.with.breakBefore	"always"	typed_value_with_native_boundary_semantics
Right-aligned-EPM-AWB2	Trigger_With_LineBreakAfterWith	false	trigger.with.breakAfter	"never"	typed_value_with_native_boundary_semantics
Right-aligned-EPM-AWB2	Trigger_With_IndentWith.Indent	false	trigger.with.keywordIndent	{"enabled":false,"offset":0,"onNewLineOnly":true,"style":"relativeSpaces","transparent":false}	typed_value_with_native_boundary_semantics
Right-aligned-EPM-AWB2	Trigger_With_IndentWith.Size	0	trigger.with.keywordIndent	{"enabled":false,"offset":0,"onNewLineOnly":true,"style":"relativeSpaces","transparent":false}	typed_value_with_native_boundary_semantics
Right-aligned-EPM-AWB2	Trigger_With_IndentWith.OnNewLineOnly	true	trigger.with.keywordIndent	{"enabled":false,"offset":0,"onNewLineOnly":true,"style":"relativeSpaces","transparent":false}	typed_value_with_native_boundary_semantics
Right-aligned-EPM-AWB2	Trigger_With_IndentWithOptions.Indent	false	trigger.with.listIndent	{"enabled":false,"offset":0,"onNewLineOnly":true,"style":"relativeSpaces","transparent":false}	typed_value_with_native_boundary_semantics
Right-aligned-EPM-AWB2	Trigger_With_IndentWithOptions.Size	0	trigger.with.listIndent	{"enabled":false,"offset":0,"onNewLineOnly":true,"style":"relativeSpaces","transparent":false}	typed_value_with_native_boundary_semantics
Right-aligned-EPM-AWB2	Trigger_With_IndentWithOptions.OnNewLineOnly	true	trigger.with.listIndent	{"enabled":false,"offset":0,"onNewLineOnly":true,"style":"relativeSpaces","transparent":false}	typed_value_with_native_boundary_semantics
Right-aligned-EPM-AWB2	Trigger_With_StackWithOptions	true	trigger.with.stackList	"on"	typed_value_with_native_boundary_semantics
Right-aligned-EPM-AWB2	Trigger_With_StackWithOptionsMode	1	trigger.with.stackMode	"onePerLine"	native_policy_numeric_mode_not_certified
Right-aligned-EPM-AWB2	Trigger_Events_LineBreakBeforeForAfterInsteadOf	true	trigger.events.breakBefore	"always"	typed_value_with_native_boundary_semantics
Right-aligned-EPM-AWB2	Trigger_Events_LineBreakBeforeFirstEvent	false	trigger.events.breakAfter	"never"	typed_value_with_native_boundary_semantics
Right-aligned-EPM-AWB2	Trigger_Events_IndentForAfterInsteadOfKeywords.Indent	false	trigger.events.keywordIndent	{"enabled":false,"offset":0,"onNewLineOnly":true,"style":"relativeSpaces","transparent":false}	typed_value_with_native_boundary_semantics
Right-aligned-EPM-AWB2	Trigger_Events_IndentForAfterInsteadOfKeywords.Size	0	trigger.events.keywordIndent	{"enabled":false,"offset":0,"onNewLineOnly":true,"style":"relativeSpaces","transparent":false}	typed_value_with_native_boundary_semantics
Right-aligned-EPM-AWB2	Trigger_Events_IndentForAfterInsteadOfKeywords.OnNewLineOnly	true	trigger.events.keywordIndent	{"enabled":false,"offset":0,"onNewLineOnly":true,"style":"relativeSpaces","transparent":false}	typed_value_with_native_boundary_semantics
Right-aligned-EPM-AWB2	Trigger_Events_IndentEvents.Indent	false	trigger.events.listIndent	{"enabled":false,"offset":0,"onNewLineOnly":true,"style":"relativeSpaces","transparent":false}	typed_value_with_native_boundary_semantics
Right-aligned-EPM-AWB2	Trigger_Events_IndentEvents.Size	0	trigger.events.listIndent	{"enabled":false,"offset":0,"onNewLineOnly":true,"style":"relativeSpaces","transparent":false}	typed_value_with_native_boundary_semantics
Right-aligned-EPM-AWB2	Trigger_Events_IndentEvents.OnNewLineOnly	true	trigger.events.listIndent	{"enabled":false,"offset":0,"onNewLineOnly":true,"style":"relativeSpaces","transparent":false}	typed_value_with_native_boundary_semantics
Right-aligned-EPM-AWB2	Trigger_Events_StackEventsList	true	trigger.events.stackList	"on"	typed_value_with_native_boundary_semantics
Right-aligned-EPM-AWB2	Trigger_Events_StackEventsListMode	8	trigger.events.stackMode	"auto"	native_policy_numeric_mode_not_certified
Right-aligned-EPM-AWB2	Trigger_Body_LineBreakBeforeAs	true	trigger.body.breakBeforeAs	"always"	typed_value_with_native_boundary_semantics
Right-aligned-EPM-AWB2	Trigger_Body_LineBreakAfterAs	true	trigger.body.breakAfterAs	"always"	typed_value_with_native_boundary_semantics
Right-aligned-EPM-AWB2	Trigger_Body_IndentAsKeyword.Indent	false	trigger.body.asIndent	{"enabled":false,"offset":0,"onNewLineOnly":true,"style":"relativeSpaces","transparent":false}	typed_value_with_native_boundary_semantics
Right-aligned-EPM-AWB2	Trigger_Body_IndentAsKeyword.Size	0	trigger.body.asIndent	{"enabled":false,"offset":0,"onNewLineOnly":true,"style":"relativeSpaces","transparent":false}	typed_value_with_native_boundary_semantics
Right-aligned-EPM-AWB2	Trigger_Body_IndentAsKeyword.OnNewLineOnly	true	trigger.body.asIndent	{"enabled":false,"offset":0,"onNewLineOnly":true,"style":"relativeSpaces","transparent":false}	typed_value_with_native_boundary_semantics
Right-aligned-EPM-AWB2	Trigger_Body_IndentBeginEndKeywords.Indent	false	trigger.body.keywordIndent	{"enabled":false,"offset":0,"onNewLineOnly":true,"style":"relativeSpaces","transparent":false}	typed_value_with_native_boundary_semantics
Right-aligned-EPM-AWB2	Trigger_Body_IndentBeginEndKeywords.Size	0	trigger.body.keywordIndent	{"enabled":false,"offset":0,"onNewLineOnly":true,"style":"relativeSpaces","transparent":false}	typed_value_with_native_boundary_semantics
Right-aligned-EPM-AWB2	Trigger_Body_IndentBeginEndKeywords.OnNewLineOnly	true	trigger.body.keywordIndent	{"enabled":false,"offset":0,"onNewLineOnly":true,"style":"relativeSpaces","transparent":false}	typed_value_with_native_boundary_semantics
Right-aligned-EPM-AWB2	Trigger_Body_IndentCode.Indent	false	trigger.body.codeIndent	{"enabled":false,"offset":0,"onNewLineOnly":false,"style":"relativeSpaces","transparent":false}	typed_value_with_native_boundary_semantics
Right-aligned-EPM-AWB2	Trigger_Body_IndentCode.Size	0	trigger.body.codeIndent	{"enabled":false,"offset":0,"onNewLineOnly":false,"style":"relativeSpaces","transparent":false}	typed_value_with_native_boundary_semantics
Right-aligned-EPM-AWB2	Trigger_Body_IndentCode.OnNewLineOnly	false	trigger.body.codeIndent	{"enabled":false,"offset":0,"onNewLineOnly":false,"style":"relativeSpaces","transparent":false}	typed_value_with_native_boundary_semantics
Right-aligned-EPM-AWB2	View_ColumnList_LineBreakBeforeOpenBrace	false	view.columns.breakBeforeOpen	"never"	typed_value_with_native_boundary_semantics
Right-aligned-EPM-AWB2	View_ColumnList_LineBreakAfterOpenBrace	false	view.columns.breakAfterOpen	"never"	typed_value_with_native_boundary_semantics
Right-aligned-EPM-AWB2	View_ColumnList_LineBreakBeforeClosingBrace	false	view.columns.breakBeforeClose	"never"	typed_value_with_native_boundary_semantics
Right-aligned-EPM-AWB2	View_ColumnList_IndentColumnListBraces.Indent	false	view.columns.braceIndent	{"enabled":false,"offset":0,"onNewLineOnly":true,"style":"relativeSpaces","transparent":false}	typed_value_with_native_boundary_semantics
Right-aligned-EPM-AWB2	View_ColumnList_IndentColumnListBraces.Size	0	view.columns.braceIndent	{"enabled":false,"offset":0,"onNewLineOnly":true,"style":"relativeSpaces","transparent":false}	typed_value_with_native_boundary_semantics
Right-aligned-EPM-AWB2	View_ColumnList_IndentColumnListBraces.OnNewLineOnly	true	view.columns.braceIndent	{"enabled":false,"offset":0,"onNewLineOnly":true,"style":"relativeSpaces","transparent":false}	typed_value_with_native_boundary_semantics
Right-aligned-EPM-AWB2	View_ColumnList_IndentColumnList.Indent	true	view.columns.listIndent	{"enabled":true,"offset":4,"onNewLineOnly":true,"style":"relativeSpaces","transparent":false}	typed_value_with_native_boundary_semantics
Right-aligned-EPM-AWB2	View_ColumnList_IndentColumnList.Size	4	view.columns.listIndent	{"enabled":true,"offset":4,"onNewLineOnly":true,"style":"relativeSpaces","transparent":false}	typed_value_with_native_boundary_semantics
Right-aligned-EPM-AWB2	View_ColumnList_IndentColumnList.OnNewLineOnly	true	view.columns.listIndent	{"enabled":true,"offset":4,"onNewLineOnly":true,"style":"relativeSpaces","transparent":false}	typed_value_with_native_boundary_semantics
Right-aligned-EPM-AWB2	View_ColumnList_InsertSpaceBeforeColumnsList	true	view.columns.spaceBeforeOpen	"insert"	typed_value_with_native_boundary_semantics
Right-aligned-EPM-AWB2	View_ColumnList_InsertSpacesWithinColumnsListBraces	false	view.columns.spaceWithin	"remove"	typed_value_with_native_boundary_semantics
Right-aligned-EPM-AWB2	View_ColumnList_StackColumnsList	true	view.columns.stackList	"on"	typed_value_with_native_boundary_semantics
Right-aligned-EPM-AWB2	View_ColumnList_StackColumnsListStyle	1	view.columns.stackMode	"onePerLine"	native_policy_numeric_mode_not_certified
Right-aligned-EPM-AWB2	View_Subquery_SingleLine_AnyQuery	false	view.query.singleLine.any	false	typed_value_with_native_boundary_semantics
Right-aligned-EPM-AWB2	View_Subquery_SingleLine_WhenRightMarginIsNotExceeded	false	view.query.singleLine.whenFitsMargin	false	typed_value_with_native_boundary_semantics
Right-aligned-EPM-AWB2	View_Subquery_SingleLine_WhenQueryIsShorterThanXCharacters.Checked	false	view.query.singleLine.maxCharacters	{"enabled":false,"value":50}	typed_value_with_native_boundary_semantics
Right-aligned-EPM-AWB2	View_Subquery_SingleLine_WhenQueryIsShorterThanXCharacters.Value	50	view.query.singleLine.maxCharacters	{"enabled":false,"value":50}	typed_value_with_native_boundary_semantics
Right-aligned-EPM-AWB2	View_Subquery_SingleLine_WhenQueryContainsLessThanXWords.Checked	false	view.query.singleLine.maxWords	{"enabled":false,"value":10}	typed_value_with_native_boundary_semantics
Right-aligned-EPM-AWB2	View_Subquery_SingleLine_WhenQueryContainsLessThanXWords.Value	10	view.query.singleLine.maxWords	{"enabled":false,"value":10}	typed_value_with_native_boundary_semantics
Right-aligned-EPM-AWB2	View_Subquery_LineBreakBeforeAs	true	view.query.breakBeforeAs	"always"	typed_value_with_native_boundary_semantics
Right-aligned-EPM-AWB2	View_Subquery_LineBreakAfterAs	true	view.query.breakAfterAs	"always"	typed_value_with_native_boundary_semantics
Right-aligned-EPM-AWB2	View_Subquery_IndentAsKeyword.Indent	false	view.query.asIndent	{"enabled":false,"offset":0,"onNewLineOnly":true,"style":"relativeSpaces","transparent":false}	typed_value_with_native_boundary_semantics
Right-aligned-EPM-AWB2	View_Subquery_IndentAsKeyword.Size	0	view.query.asIndent	{"enabled":false,"offset":0,"onNewLineOnly":true,"style":"relativeSpaces","transparent":false}	typed_value_with_native_boundary_semantics
Right-aligned-EPM-AWB2	View_Subquery_IndentAsKeyword.OnNewLineOnly	true	view.query.asIndent	{"enabled":false,"offset":0,"onNewLineOnly":true,"style":"relativeSpaces","transparent":false}	typed_value_with_native_boundary_semantics
Right-aligned-EPM-AWB2	View_Subquery_IndentSubquery.Indent	false	view.query.queryIndent	{"enabled":false,"offset":0,"onNewLineOnly":true,"style":"relativeSpaces","transparent":false}	typed_value_with_native_boundary_semantics
Right-aligned-EPM-AWB2	View_Subquery_IndentSubquery.Size	0	view.query.queryIndent	{"enabled":false,"offset":0,"onNewLineOnly":true,"style":"relativeSpaces","transparent":false}	typed_value_with_native_boundary_semantics
Right-aligned-EPM-AWB2	View_Subquery_IndentSubquery.OnNewLineOnly	true	view.query.queryIndent	{"enabled":false,"offset":0,"onNewLineOnly":true,"style":"relativeSpaces","transparent":false}	typed_value_with_native_boundary_semantics
Right-aligned-EPM-AWB2	CreateTable_AddEmptyLinesAroundStatement	true	createTable.blankLinesAround	true	typed_value_with_native_boundary_semantics
Right-aligned-EPM-AWB2	CreateTable_LineBreakBeforeOpenBrace	false	createTable.columns.breakBeforeOpen	"never"	typed_value_with_native_boundary_semantics
Right-aligned-EPM-AWB2	CreateTable_LineBreakAfterOpenBrace	true	createTable.columns.breakAfterOpen	"always"	typed_value_with_native_boundary_semantics
Right-aligned-EPM-AWB2	CreateTable_LineBreakBeforeClosingBrace	true	createTable.columns.breakBeforeClose	"always"	typed_value_with_native_boundary_semantics
Right-aligned-EPM-AWB2	CreateTable_IndentColumnListBraces.Indent	false	createTable.columns.braceIndent	{"enabled":false,"offset":4,"onNewLineOnly":true,"style":"relativeSpaces","transparent":false}	typed_value_with_native_boundary_semantics
Right-aligned-EPM-AWB2	CreateTable_IndentColumnListBraces.Size	4	createTable.columns.braceIndent	{"enabled":false,"offset":4,"onNewLineOnly":true,"style":"relativeSpaces","transparent":false}	typed_value_with_native_boundary_semantics
Right-aligned-EPM-AWB2	CreateTable_IndentColumnListBraces.OnNewLineOnly	true	createTable.columns.braceIndent	{"enabled":false,"offset":4,"onNewLineOnly":true,"style":"relativeSpaces","transparent":false}	typed_value_with_native_boundary_semantics
Right-aligned-EPM-AWB2	CreateTable_IndentColumnList.Indent	true	createTable.columns.listIndent	{"enabled":true,"offset":0,"onNewLineOnly":true,"style":"relativeSpaces","transparent":false}	typed_value_with_native_boundary_semantics
Right-aligned-EPM-AWB2	CreateTable_IndentColumnList.Size	0	createTable.columns.listIndent	{"enabled":true,"offset":0,"onNewLineOnly":true,"style":"relativeSpaces","transparent":false}	typed_value_with_native_boundary_semantics
Right-aligned-EPM-AWB2	CreateTable_IndentColumnList.OnNewLineOnly	true	createTable.columns.listIndent	{"enabled":true,"offset":0,"onNewLineOnly":true,"style":"relativeSpaces","transparent":false}	typed_value_with_native_boundary_semantics
Right-aligned-EPM-AWB2	CreateTable_InsertSpaceBeforeColumnsList	false	createTable.columns.spaceBeforeOpen	"remove"	typed_value_with_native_boundary_semantics
Right-aligned-EPM-AWB2	CreateTable_InsertSpacesWithinColumnsListBraces	true	createTable.columns.spaceWithin	"insert"	typed_value_with_native_boundary_semantics
Right-aligned-EPM-AWB2	CreateTable_StackColumnsList	true	createTable.columns.stackList	"on"	typed_value_with_native_boundary_semantics
Right-aligned-EPM-AWB2	CreateTable_StackColumnsListStyle	2	createTable.columns.stackMode	"auto"	native_policy_numeric_mode_not_certified
Right-aligned-EPM-AWB2	CreateTable_LineBreakBeforeStorageOptions	false	createTable.storage.breakBefore	"never"	typed_value_with_native_boundary_semantics
Right-aligned-EPM-AWB2	CreateTable_IndentStorageOptions.Indent	false	createTable.storage.listIndent	{"enabled":false,"offset":0,"onNewLineOnly":true,"style":"relativeSpaces","transparent":false}	typed_value_with_native_boundary_semantics
Right-aligned-EPM-AWB2	CreateTable_IndentStorageOptions.Size	0	createTable.storage.listIndent	{"enabled":false,"offset":0,"onNewLineOnly":true,"style":"relativeSpaces","transparent":false}	typed_value_with_native_boundary_semantics
Right-aligned-EPM-AWB2	CreateTable_IndentStorageOptions.OnNewLineOnly	true	createTable.storage.listIndent	{"enabled":false,"offset":0,"onNewLineOnly":true,"style":"relativeSpaces","transparent":false}	typed_value_with_native_boundary_semantics
Right-aligned-EPM-AWB2	CreateTable_StackStorageOptions	true	createTable.storage.stackList	"on"	typed_value_with_native_boundary_semantics
Right-aligned-EPM-AWB2	CreateTable_StackStorageOptionsMode	8	createTable.storage.stackMode	"auto"	native_policy_numeric_mode_not_certified
Right-aligned-EPM-AWB2	Declare_Variables_LineBreakAfterDeclare	false	declare.variables.breakAfter	"never"	typed_value_with_native_boundary_semantics
Right-aligned-EPM-AWB2	Declare_Variables_IndentDeclarations.Indent	false	declare.variables.listIndent	{"enabled":false,"offset":0,"onNewLineOnly":true,"style":"relativeSpaces","transparent":false}	typed_value_with_native_boundary_semantics
Right-aligned-EPM-AWB2	Declare_Variables_IndentDeclarations.Size	0	declare.variables.listIndent	{"enabled":false,"offset":0,"onNewLineOnly":true,"style":"relativeSpaces","transparent":false}	typed_value_with_native_boundary_semantics
Right-aligned-EPM-AWB2	Declare_Variables_IndentDeclarations.OnNewLineOnly	true	declare.variables.listIndent	{"enabled":false,"offset":0,"onNewLineOnly":true,"style":"relativeSpaces","transparent":false}	typed_value_with_native_boundary_semantics
Right-aligned-EPM-AWB2	Declare_Variables_LineBreakBeforeTableKeyword	false	declare.variables.breakBeforeTable	"never"	typed_value_with_native_boundary_semantics
Right-aligned-EPM-AWB2	Declare_Variables_IndentTableKeyword.Indent	false	declare.variables.tableIndent	{"enabled":false,"offset":0,"onNewLineOnly":true,"style":"relativeSpaces","transparent":false}	typed_value_with_native_boundary_semantics
Right-aligned-EPM-AWB2	Declare_Variables_IndentTableKeyword.Size	0	declare.variables.tableIndent	{"enabled":false,"offset":0,"onNewLineOnly":true,"style":"relativeSpaces","transparent":false}	typed_value_with_native_boundary_semantics
Right-aligned-EPM-AWB2	Declare_Variables_IndentTableKeyword.OnNewLineOnly	true	declare.variables.tableIndent	{"enabled":false,"offset":0,"onNewLineOnly":true,"style":"relativeSpaces","transparent":false}	typed_value_with_native_boundary_semantics
Right-aligned-EPM-AWB2	Declare_Variables_StackVariablesList	true	declare.variables.stackList	"on"	typed_value_with_native_boundary_semantics
Right-aligned-EPM-AWB2	Declare_Variables_StackVariablesListStyle	2	declare.variables.stackMode	"auto"	native_policy_numeric_mode_not_certified
Right-aligned-EPM-AWB2	Declare_Cursors_SingleLine_AnyQuery	false	declare.cursor.singleLine.any	false	typed_value_with_native_boundary_semantics
Right-aligned-EPM-AWB2	Declare_Cursors_SingleLine_WhenRightMarginIsNotExceeded	false	declare.cursor.singleLine.whenFitsMargin	false	typed_value_with_native_boundary_semantics
Right-aligned-EPM-AWB2	Declare_Cursors_SingleLine_WhenQueryIsShorterThanXCharacters.Checked	false	declare.cursor.singleLine.maxCharacters	{"enabled":false,"value":50}	typed_value_with_native_boundary_semantics
Right-aligned-EPM-AWB2	Declare_Cursors_SingleLine_WhenQueryIsShorterThanXCharacters.Value	50	declare.cursor.singleLine.maxCharacters	{"enabled":false,"value":50}	typed_value_with_native_boundary_semantics
Right-aligned-EPM-AWB2	Declare_Cursors_SingleLine_WhenQueryContainsLessThanXWords.Checked	false	declare.cursor.singleLine.maxWords	{"enabled":false,"value":10}	typed_value_with_native_boundary_semantics
Right-aligned-EPM-AWB2	Declare_Cursors_SingleLine_WhenQueryContainsLessThanXWords.Value	10	declare.cursor.singleLine.maxWords	{"enabled":false,"value":10}	typed_value_with_native_boundary_semantics
Right-aligned-EPM-AWB2	Declare_Cursors_LineBreakBeforeCursor	false	declare.cursor.breakBefore	"never"	typed_value_with_native_boundary_semantics
Right-aligned-EPM-AWB2	Declare_Cursors_IndentCursorKeyword.Indent	false	declare.cursor.keywordIndent	{"enabled":false,"offset":0,"onNewLineOnly":true,"style":"relativeSpaces","transparent":false}	typed_value_with_native_boundary_semantics
Right-aligned-EPM-AWB2	Declare_Cursors_IndentCursorKeyword.Size	0	declare.cursor.keywordIndent	{"enabled":false,"offset":0,"onNewLineOnly":true,"style":"relativeSpaces","transparent":false}	typed_value_with_native_boundary_semantics
Right-aligned-EPM-AWB2	Declare_Cursors_IndentCursorKeyword.OnNewLineOnly	true	declare.cursor.keywordIndent	{"enabled":false,"offset":0,"onNewLineOnly":true,"style":"relativeSpaces","transparent":false}	typed_value_with_native_boundary_semantics
Right-aligned-EPM-AWB2	Declare_Cursors_LineBreakBeforeFor	false	declare.cursor.breakBeforeFor	"never"	typed_value_with_native_boundary_semantics
Right-aligned-EPM-AWB2	Declare_Cursors_IndentForKeyword.Indent	false	declare.cursor.forIndent	{"enabled":false,"offset":0,"onNewLineOnly":true,"style":"relativeSpaces","transparent":false}	typed_value_with_native_boundary_semantics
Right-aligned-EPM-AWB2	Declare_Cursors_IndentForKeyword.Size	0	declare.cursor.forIndent	{"enabled":false,"offset":0,"onNewLineOnly":true,"style":"relativeSpaces","transparent":false}	typed_value_with_native_boundary_semantics
Right-aligned-EPM-AWB2	Declare_Cursors_IndentForKeyword.OnNewLineOnly	true	declare.cursor.forIndent	{"enabled":false,"offset":0,"onNewLineOnly":true,"style":"relativeSpaces","transparent":false}	typed_value_with_native_boundary_semantics
Right-aligned-EPM-AWB2	Declare_Cursors_LineBreakBeforeSubquery	false	declare.cursor.breakBeforeQuery	"never"	typed_value_with_native_boundary_semantics
Right-aligned-EPM-AWB2	Declare_Cursors_IndentSubquery.Indent	false	declare.cursor.queryIndent	{"enabled":false,"offset":0,"onNewLineOnly":true,"style":"relativeSpaces","transparent":false}	typed_value_with_native_boundary_semantics
Right-aligned-EPM-AWB2	Declare_Cursors_IndentSubquery.Size	0	declare.cursor.queryIndent	{"enabled":false,"offset":0,"onNewLineOnly":true,"style":"relativeSpaces","transparent":false}	typed_value_with_native_boundary_semantics
Right-aligned-EPM-AWB2	Declare_Cursors_IndentSubquery.OnNewLineOnly	true	declare.cursor.queryIndent	{"enabled":false,"offset":0,"onNewLineOnly":true,"style":"relativeSpaces","transparent":false}	typed_value_with_native_boundary_semantics
Right-aligned-EPM-AWB2	Labels_AddEmptyLinesAroundLabeledBlock	false	labels.blankLinesAround	false	typed_value_with_native_boundary_semantics
Right-aligned-EPM-AWB2	Labels_LineBreakAfterLabel	true	labels.breakAfter	"always"	typed_value_with_native_boundary_semantics
Right-aligned-EPM-AWB2	Labels_IndentLabel.Indent	false	labels.indent	{"enabled":false,"offset":0,"onNewLineOnly":true,"style":"relativeSpaces","transparent":false}	typed_value_with_native_boundary_semantics
Right-aligned-EPM-AWB2	Labels_IndentLabel.Size	0	labels.indent	{"enabled":false,"offset":0,"onNewLineOnly":true,"style":"relativeSpaces","transparent":false}	typed_value_with_native_boundary_semantics
Right-aligned-EPM-AWB2	Labels_IndentLabel.OnNewLineOnly	true	labels.indent	{"enabled":false,"offset":0,"onNewLineOnly":true,"style":"relativeSpaces","transparent":false}	typed_value_with_native_boundary_semantics
Right-aligned-EPM-AWB2	Labels_IndentLabel.Style	2	labels.indent	{"enabled":false,"offset":0,"onNewLineOnly":true,"style":"relativeSpaces","transparent":false}	native_policy_numeric_mode_not_certified
Right-aligned-EPM-AWB2	Merge_TopClause_LineBreakBeforeTop	false	merge.top.breakBefore	"never"	typed_value_with_native_boundary_semantics
Right-aligned-EPM-AWB2	Merge_TopClause_IndentTopKeyword.Indent	false	merge.top.keywordIndent	{"enabled":false,"offset":0,"onNewLineOnly":true,"style":"relativeSpaces","transparent":false}	typed_value_with_native_boundary_semantics
Right-aligned-EPM-AWB2	Merge_TopClause_IndentTopKeyword.Size	0	merge.top.keywordIndent	{"enabled":false,"offset":0,"onNewLineOnly":true,"style":"relativeSpaces","transparent":false}	typed_value_with_native_boundary_semantics
Right-aligned-EPM-AWB2	Merge_TopClause_IndentTopKeyword.OnNewLineOnly	true	merge.top.keywordIndent	{"enabled":false,"offset":0,"onNewLineOnly":true,"style":"relativeSpaces","transparent":false}	typed_value_with_native_boundary_semantics
Right-aligned-EPM-AWB2	Merge_TopClause_LineBreakBeforeOpeningBrace	false	merge.top.breakBeforeOpen	"never"	typed_value_with_native_boundary_semantics
Right-aligned-EPM-AWB2	Merge_TopClause_LineBreakAfterOpeningBrace	false	merge.top.breakAfterOpen	"never"	typed_value_with_native_boundary_semantics
Right-aligned-EPM-AWB2	Merge_TopClause_LineBreakBeforeClosingBrace	false	merge.top.breakBeforeClose	"never"	typed_value_with_native_boundary_semantics
Right-aligned-EPM-AWB2	Merge_TopClause_InsertSpaceAfterTop	true	merge.top.spaceAfterKeyword	"insert"	typed_value_with_native_boundary_semantics
Right-aligned-EPM-AWB2	Merge_TopClause_InsertSpacesWithinExpressionBraces	false	merge.top.spaceWithin	"remove"	typed_value_with_native_boundary_semantics
Right-aligned-EPM-AWB2	Merge_TopClause_LineBreakBeforePercent	false	merge.top.breakBeforePercent	"never"	typed_value_with_native_boundary_semantics
Right-aligned-EPM-AWB2	Merge_TopClause_IndentPercentKeyword.Indent	false	merge.top.percentIndent	{"enabled":false,"offset":0,"onNewLineOnly":true,"style":"relativeSpaces","transparent":false}	typed_value_with_native_boundary_semantics
Right-aligned-EPM-AWB2	Merge_TopClause_IndentPercentKeyword.Size	0	merge.top.percentIndent	{"enabled":false,"offset":0,"onNewLineOnly":true,"style":"relativeSpaces","transparent":false}	typed_value_with_native_boundary_semantics
Right-aligned-EPM-AWB2	Merge_TopClause_IndentPercentKeyword.OnNewLineOnly	true	merge.top.percentIndent	{"enabled":false,"offset":0,"onNewLineOnly":true,"style":"relativeSpaces","transparent":false}	typed_value_with_native_boundary_semantics
Right-aligned-EPM-AWB2	Merge_Into_LineBreakBeforeInto	false	merge.into.breakBefore	"never"	typed_value_with_native_boundary_semantics
Right-aligned-EPM-AWB2	Merge_Into_IndentIntoKeyword.Indent	false	merge.into.keywordIndent	{"enabled":false,"offset":0,"onNewLineOnly":true,"style":"relativeSpaces","transparent":false}	typed_value_with_native_boundary_semantics
Right-aligned-EPM-AWB2	Merge_Into_IndentIntoKeyword.Size	0	merge.into.keywordIndent	{"enabled":false,"offset":0,"onNewLineOnly":true,"style":"relativeSpaces","transparent":false}	typed_value_with_native_boundary_semantics
Right-aligned-EPM-AWB2	Merge_Into_IndentIntoKeyword.OnNewLineOnly	true	merge.into.keywordIndent	{"enabled":false,"offset":0,"onNewLineOnly":true,"style":"relativeSpaces","transparent":false}	typed_value_with_native_boundary_semantics
Right-aligned-EPM-AWB2	Merge_Into_LineBreakBeforeTable	false	merge.into.breakBeforeTable	"never"	typed_value_with_native_boundary_semantics
Right-aligned-EPM-AWB2	Merge_Into_IndentTable.Indent	false	merge.into.tableIndent	{"enabled":false,"offset":0,"onNewLineOnly":true,"style":"relativeSpaces","transparent":false}	typed_value_with_native_boundary_semantics
Right-aligned-EPM-AWB2	Merge_Into_IndentTable.Size	0	merge.into.tableIndent	{"enabled":false,"offset":0,"onNewLineOnly":true,"style":"relativeSpaces","transparent":false}	typed_value_with_native_boundary_semantics
Right-aligned-EPM-AWB2	Merge_Into_IndentTable.OnNewLineOnly	true	merge.into.tableIndent	{"enabled":false,"offset":0,"onNewLineOnly":true,"style":"relativeSpaces","transparent":false}	typed_value_with_native_boundary_semantics
Right-aligned-EPM-AWB2	Merge_Into_With_LineBreakBeforeWith	false	merge.hints.breakBefore	"never"	typed_value_with_native_boundary_semantics
Right-aligned-EPM-AWB2	Merge_Into_With_IndentWithKeyword.Indent	false	merge.hints.keywordIndent	{"enabled":false,"offset":0,"onNewLineOnly":true,"style":"relativeSpaces","transparent":false}	typed_value_with_native_boundary_semantics
Right-aligned-EPM-AWB2	Merge_Into_With_IndentWithKeyword.Size	0	merge.hints.keywordIndent	{"enabled":false,"offset":0,"onNewLineOnly":true,"style":"relativeSpaces","transparent":false}	typed_value_with_native_boundary_semantics
Right-aligned-EPM-AWB2	Merge_Into_With_IndentWithKeyword.OnNewLineOnly	true	merge.hints.keywordIndent	{"enabled":false,"offset":0,"onNewLineOnly":true,"style":"relativeSpaces","transparent":false}	typed_value_with_native_boundary_semantics
Right-aligned-EPM-AWB2	Merge_Into_With_LineBreakBeforeOpeningBrace	false	merge.hints.breakBeforeOpen	"never"	typed_value_with_native_boundary_semantics
Right-aligned-EPM-AWB2	Merge_Into_With_LineBreakAfterOpeningBrace	false	merge.hints.breakAfterOpen	"never"	typed_value_with_native_boundary_semantics
Right-aligned-EPM-AWB2	Merge_Into_With_LineBreakBeforeClosingBrace	false	merge.hints.breakBeforeClose	"never"	typed_value_with_native_boundary_semantics
Right-aligned-EPM-AWB2	Merge_Into_With_IndentMergeHintBraces.Indent	false	merge.hints.braceIndent	{"enabled":false,"offset":0,"onNewLineOnly":true,"style":"relativeSpaces","transparent":false}	typed_value_with_native_boundary_semantics
Right-aligned-EPM-AWB2	Merge_Into_With_IndentMergeHintBraces.Size	0	merge.hints.braceIndent	{"enabled":false,"offset":0,"onNewLineOnly":true,"style":"relativeSpaces","transparent":false}	typed_value_with_native_boundary_semantics
Right-aligned-EPM-AWB2	Merge_Into_With_IndentMergeHintBraces.OnNewLineOnly	true	merge.hints.braceIndent	{"enabled":false,"offset":0,"onNewLineOnly":true,"style":"relativeSpaces","transparent":false}	typed_value_with_native_boundary_semantics
Right-aligned-EPM-AWB2	Merge_Into_With_IndentMergeHint.Indent	false	merge.hints.listIndent	{"enabled":false,"offset":0,"onNewLineOnly":true,"style":"relativeSpaces","transparent":false}	typed_value_with_native_boundary_semantics
Right-aligned-EPM-AWB2	Merge_Into_With_IndentMergeHint.Size	0	merge.hints.listIndent	{"enabled":false,"offset":0,"onNewLineOnly":true,"style":"relativeSpaces","transparent":false}	typed_value_with_native_boundary_semantics
Right-aligned-EPM-AWB2	Merge_Into_With_IndentMergeHint.OnNewLineOnly	true	merge.hints.listIndent	{"enabled":false,"offset":0,"onNewLineOnly":true,"style":"relativeSpaces","transparent":false}	typed_value_with_native_boundary_semantics
Right-aligned-EPM-AWB2	Merge_Into_With_InsertSpaceBeforeMergeHint	true	merge.hints.spaceBeforeOpen	"insert"	typed_value_with_native_boundary_semantics
Right-aligned-EPM-AWB2	Merge_Into_With_InsertSpacesWithinMergeHintBraces	false	merge.hints.spaceWithin	"remove"	typed_value_with_native_boundary_semantics
Right-aligned-EPM-AWB2	Merge_Using_LineBreakBeforeUsing	true	merge.using.breakBefore	"always"	typed_value_with_native_boundary_semantics
Right-aligned-EPM-AWB2	Merge_Using_LineBreakAfterUsing	false	merge.using.breakAfter	"never"	typed_value_with_native_boundary_semantics
Right-aligned-EPM-AWB2	Merge_Using_IndentUsingKeyword.Indent	false	merge.using.keywordIndent	{"enabled":false,"offset":0,"onNewLineOnly":true,"style":"relativeSpaces","transparent":false}	typed_value_with_native_boundary_semantics
Right-aligned-EPM-AWB2	Merge_Using_IndentUsingKeyword.Size	0	merge.using.keywordIndent	{"enabled":false,"offset":0,"onNewLineOnly":true,"style":"relativeSpaces","transparent":false}	typed_value_with_native_boundary_semantics
Right-aligned-EPM-AWB2	Merge_Using_IndentUsingKeyword.OnNewLineOnly	true	merge.using.keywordIndent	{"enabled":false,"offset":0,"onNewLineOnly":true,"style":"relativeSpaces","transparent":false}	typed_value_with_native_boundary_semantics
Right-aligned-EPM-AWB2	Merge_Using_Join_UseSameFormattingAsInSelect	false	merge.join.useSelectFormatting	false	typed_value_with_native_boundary_semantics
Right-aligned-EPM-AWB2	Merge_Using_Join_LineBreakBeforeJoin	true	merge.join.breakBefore	"always"	typed_value_with_native_boundary_semantics
Right-aligned-EPM-AWB2	Merge_Using_Join_LineBreakAfterJoin	false	merge.join.breakAfter	"never"	typed_value_with_native_boundary_semantics
Right-aligned-EPM-AWB2	Merge_Using_Join_LineBreakBeforeOn	true	merge.join.onBreakBefore	"always"	typed_value_with_native_boundary_semantics
Right-aligned-EPM-AWB2	Merge_Using_Join_LineBreakAfterOn	false	merge.join.onBreakAfter	"never"	typed_value_with_native_boundary_semantics
Right-aligned-EPM-AWB2	Merge_Using_Join_IndentJoinKeyword.Indent	true	merge.join.keywordIndent	{"enabled":true,"offset":0,"onNewLineOnly":true,"style":"relativeSpaces","transparent":true}	typed_value_with_native_boundary_semantics
Right-aligned-EPM-AWB2	Merge_Using_Join_IndentJoinKeyword.Size	0	merge.join.keywordIndent	{"enabled":true,"offset":0,"onNewLineOnly":true,"style":"relativeSpaces","transparent":true}	typed_value_with_native_boundary_semantics
Right-aligned-EPM-AWB2	Merge_Using_Join_IndentJoinKeyword.OnNewLineOnly	true	merge.join.keywordIndent	{"enabled":true,"offset":0,"onNewLineOnly":true,"style":"relativeSpaces","transparent":true}	typed_value_with_native_boundary_semantics
Right-aligned-EPM-AWB2	Merge_Using_Join_IndentJoinKeyword.Style	4	merge.join.keywordIndent	{"enabled":true,"offset":0,"onNewLineOnly":true,"style":"relativeSpaces","transparent":true}	native_policy_numeric_mode_not_certified
Right-aligned-EPM-AWB2	Merge_Using_Join_IndentJoinKeyword.Transparent	true	merge.join.keywordIndent	{"enabled":true,"offset":0,"onNewLineOnly":true,"style":"relativeSpaces","transparent":true}	typed_value_with_native_boundary_semantics
Right-aligned-EPM-AWB2	Merge_Using_Join_IndentTableAfterJoin.Indent	true	merge.join.tableIndent	{"enabled":true,"offset":3,"onNewLineOnly":false,"style":"relativeSpaces","transparent":false}	typed_value_with_native_boundary_semantics
Right-aligned-EPM-AWB2	Merge_Using_Join_IndentTableAfterJoin.Size	3	merge.join.tableIndent	{"enabled":true,"offset":3,"onNewLineOnly":false,"style":"relativeSpaces","transparent":false}	typed_value_with_native_boundary_semantics
Right-aligned-EPM-AWB2	Merge_Using_Join_IndentTableAfterJoin.OnNewLineOnly	false	merge.join.tableIndent	{"enabled":true,"offset":3,"onNewLineOnly":false,"style":"relativeSpaces","transparent":false}	typed_value_with_native_boundary_semantics
Right-aligned-EPM-AWB2	Merge_Using_Join_IndentOnKeyword.Indent	false	merge.join.onKeywordIndent	{"enabled":false,"offset":0,"onNewLineOnly":true,"style":"relativeSpaces","transparent":false}	typed_value_with_native_boundary_semantics
Right-aligned-EPM-AWB2	Merge_Using_Join_IndentOnKeyword.Size	0	merge.join.onKeywordIndent	{"enabled":false,"offset":0,"onNewLineOnly":true,"style":"relativeSpaces","transparent":false}	typed_value_with_native_boundary_semantics
Right-aligned-EPM-AWB2	Merge_Using_Join_IndentOnKeyword.OnNewLineOnly	true	merge.join.onKeywordIndent	{"enabled":false,"offset":0,"onNewLineOnly":true,"style":"relativeSpaces","transparent":false}	typed_value_with_native_boundary_semantics
Right-aligned-EPM-AWB2	Merge_Using_Join_IndentOnCondition.Indent	true	merge.join.onConditionIndent	{"enabled":true,"offset":-1,"onNewLineOnly":false,"style":"relativeSpaces","transparent":false}	typed_value_with_native_boundary_semantics
Right-aligned-EPM-AWB2	Merge_Using_Join_IndentOnCondition.Size	-1	merge.join.onConditionIndent	{"enabled":true,"offset":-1,"onNewLineOnly":false,"style":"relativeSpaces","transparent":false}	typed_value_with_native_boundary_semantics
Right-aligned-EPM-AWB2	Merge_Using_Join_IndentOnCondition.OnNewLineOnly	false	merge.join.onConditionIndent	{"enabled":true,"offset":-1,"onNewLineOnly":false,"style":"relativeSpaces","transparent":false}	typed_value_with_native_boundary_semantics
Right-aligned-EPM-AWB2	Merge_Using_Join_IndentWrapConditionNestedOperations.Indent	true	merge.join.nestedConditionIndent	{"enabled":true,"offset":7,"onNewLineOnly":false,"style":"relativeSpaces","transparent":false}	typed_value_with_native_boundary_semantics
Right-aligned-EPM-AWB2	Merge_Using_Join_IndentWrapConditionNestedOperations.Size	7	merge.join.nestedConditionIndent	{"enabled":true,"offset":7,"onNewLineOnly":false,"style":"relativeSpaces","transparent":false}	typed_value_with_native_boundary_semantics
Right-aligned-EPM-AWB2	Merge_Using_Join_IndentWrapConditionNestedOperations.OnNewLineOnly	false	merge.join.nestedConditionIndent	{"enabled":true,"offset":7,"onNewLineOnly":false,"style":"relativeSpaces","transparent":false}	typed_value_with_native_boundary_semantics
Right-aligned-EPM-AWB2	Merge_Using_Join_WrapConditionMode	1	merge.join.wrapCondition	"both"	native_policy_numeric_mode_not_certified
Right-aligned-EPM-AWB2	Merge_Using_Join_WrapBeforeOperatorMode	1	merge.join.wrapBeforeOperator	"inherit"	native_policy_numeric_mode_not_certified
Right-aligned-EPM-AWB2	Merge_Using_Join_WrapAfterOperatorMode	1	merge.join.wrapAfterOperator	"never"	native_policy_numeric_mode_not_certified
Right-aligned-EPM-AWB2	Merge_Using_Values_LineBreakBeforeValues	false	merge.values.breakBeforeKeyword	"never"	typed_value_with_native_boundary_semantics
Right-aligned-EPM-AWB2	Merge_Using_Values_LineBreakAfterValues	false	merge.values.breakAfterKeyword	"never"	typed_value_with_native_boundary_semantics
Right-aligned-EPM-AWB2	Merge_Using_Values_LineBreakAfterOpenBrace	false	merge.values.breakAfterOpen	"never"	typed_value_with_native_boundary_semantics
Right-aligned-EPM-AWB2	Merge_Using_Values_LineBreakBeforeClosingBrace	false	merge.values.breakBeforeClose	"never"	typed_value_with_native_boundary_semantics
Right-aligned-EPM-AWB2	Merge_Using_Values_IndentValuesKeyword.Indent	false	merge.values.keywordIndent	{"enabled":false,"offset":0,"onNewLineOnly":true,"style":"relativeSpaces","transparent":false}	typed_value_with_native_boundary_semantics
Right-aligned-EPM-AWB2	Merge_Using_Values_IndentValuesKeyword.Size	0	merge.values.keywordIndent	{"enabled":false,"offset":0,"onNewLineOnly":true,"style":"relativeSpaces","transparent":false}	typed_value_with_native_boundary_semantics
Right-aligned-EPM-AWB2	Merge_Using_Values_IndentValuesKeyword.OnNewLineOnly	true	merge.values.keywordIndent	{"enabled":false,"offset":0,"onNewLineOnly":true,"style":"relativeSpaces","transparent":false}	typed_value_with_native_boundary_semantics
Right-aligned-EPM-AWB2	Merge_Using_Values_IndentValuesExpressionsListBraces.Indent	false	merge.values.braceIndent	{"enabled":false,"offset":0,"onNewLineOnly":true,"style":"relativeSpaces","transparent":false}	typed_value_with_native_boundary_semantics
Right-aligned-EPM-AWB2	Merge_Using_Values_IndentValuesExpressionsListBraces.Size	0	merge.values.braceIndent	{"enabled":false,"offset":0,"onNewLineOnly":true,"style":"relativeSpaces","transparent":false}	typed_value_with_native_boundary_semantics
Right-aligned-EPM-AWB2	Merge_Using_Values_IndentValuesExpressionsListBraces.OnNewLineOnly	true	merge.values.braceIndent	{"enabled":false,"offset":0,"onNewLineOnly":true,"style":"relativeSpaces","transparent":false}	typed_value_with_native_boundary_semantics
Right-aligned-EPM-AWB2	Merge_Using_Values_IndentValuesExpressionsList.Indent	false	merge.values.listIndent	{"enabled":false,"offset":0,"onNewLineOnly":true,"style":"relativeSpaces","transparent":false}	typed_value_with_native_boundary_semantics
Right-aligned-EPM-AWB2	Merge_Using_Values_IndentValuesExpressionsList.Size	0	merge.values.listIndent	{"enabled":false,"offset":0,"onNewLineOnly":true,"style":"relativeSpaces","transparent":false}	typed_value_with_native_boundary_semantics
Right-aligned-EPM-AWB2	Merge_Using_Values_IndentValuesExpressionsList.OnNewLineOnly	true	merge.values.listIndent	{"enabled":false,"offset":0,"onNewLineOnly":true,"style":"relativeSpaces","transparent":false}	typed_value_with_native_boundary_semantics
Right-aligned-EPM-AWB2	Merge_Using_Values_InsertSpaceAfterValuesKeyword	true	merge.values.spaceAfterKeyword	"insert"	typed_value_with_native_boundary_semantics
Right-aligned-EPM-AWB2	Merge_Using_Values_InsertSpacesWithinValuesExpressionsListBraces	false	merge.values.spaceWithin	"remove"	typed_value_with_native_boundary_semantics
Right-aligned-EPM-AWB2	Merge_Using_Values_StackValuesExpressionsList	false	merge.values.stackList	"off"	typed_value_with_native_boundary_semantics
Right-aligned-EPM-AWB2	Merge_Using_Values_StackValuesExpressionsRowsList	true	merge.values.stackRows	"on"	typed_value_with_native_boundary_semantics
Right-aligned-EPM-AWB2	Merge_Using_Values_StackValuesExpressionsListMode	1	merge.values.stackMode	"onePerLine"	native_policy_numeric_mode_not_certified
Right-aligned-EPM-AWB2	Merge_Using_Values_StackValuesExpressionsRowsListMode	1	merge.values.stackRowsMode	"onePerLine"	native_policy_numeric_mode_not_certified
Right-aligned-EPM-AWB2	Merge_On_LineBreakBeforeOn	true	merge.on.breakBefore	"always"	typed_value_with_native_boundary_semantics
Right-aligned-EPM-AWB2	Merge_On_LineBreakAfterOn	false	merge.on.breakAfter	"never"	typed_value_with_native_boundary_semantics
Right-aligned-EPM-AWB2	Merge_On_IndentOnKeyword.Indent	true	merge.on.keywordIndent	{"enabled":true,"offset":3,"onNewLineOnly":true,"style":"relativeSpaces","transparent":false}	typed_value_with_native_boundary_semantics
Right-aligned-EPM-AWB2	Merge_On_IndentOnKeyword.Size	3	merge.on.keywordIndent	{"enabled":true,"offset":3,"onNewLineOnly":true,"style":"relativeSpaces","transparent":false}	typed_value_with_native_boundary_semantics
Right-aligned-EPM-AWB2	Merge_On_IndentOnKeyword.OnNewLineOnly	true	merge.on.keywordIndent	{"enabled":true,"offset":3,"onNewLineOnly":true,"style":"relativeSpaces","transparent":false}	typed_value_with_native_boundary_semantics
Right-aligned-EPM-AWB2	Merge_On_IndentOnConditions.Indent	false	merge.on.conditionIndent	{"enabled":false,"offset":0,"onNewLineOnly":true,"style":"relativeSpaces","transparent":false}	typed_value_with_native_boundary_semantics
Right-aligned-EPM-AWB2	Merge_On_IndentOnConditions.Size	0	merge.on.conditionIndent	{"enabled":false,"offset":0,"onNewLineOnly":true,"style":"relativeSpaces","transparent":false}	typed_value_with_native_boundary_semantics
Right-aligned-EPM-AWB2	Merge_On_IndentOnConditions.OnNewLineOnly	true	merge.on.conditionIndent	{"enabled":false,"offset":0,"onNewLineOnly":true,"style":"relativeSpaces","transparent":false}	typed_value_with_native_boundary_semantics
Right-aligned-EPM-AWB2	Merge_On_IndentWrapConditionNestedOperations.Indent	true	merge.on.nestedConditionIndent	{"enabled":true,"offset":2,"onNewLineOnly":true,"style":"relativeSpaces","transparent":false}	typed_value_with_native_boundary_semantics
Right-aligned-EPM-AWB2	Merge_On_IndentWrapConditionNestedOperations.Size	2	merge.on.nestedConditionIndent	{"enabled":true,"offset":2,"onNewLineOnly":true,"style":"relativeSpaces","transparent":false}	typed_value_with_native_boundary_semantics
Right-aligned-EPM-AWB2	Merge_On_IndentWrapConditionNestedOperations.OnNewLineOnly	true	merge.on.nestedConditionIndent	{"enabled":true,"offset":2,"onNewLineOnly":true,"style":"relativeSpaces","transparent":false}	typed_value_with_native_boundary_semantics
Right-aligned-EPM-AWB2	Merge_On_WrapConditionMode	1	merge.on.wrapCondition	"both"	native_policy_numeric_mode_not_certified
Right-aligned-EPM-AWB2	Merge_On_WrapBeforeOperatorMode	1	merge.on.wrapBeforeOperator	"inherit"	native_policy_numeric_mode_not_certified
Right-aligned-EPM-AWB2	Merge_On_WrapAfterOperatorMode	1	merge.on.wrapAfterOperator	"never"	native_policy_numeric_mode_not_certified
Right-aligned-EPM-AWB2	Merge_When_LineBreakBeforeWhen	true	merge.when.breakBefore	"always"	typed_value_with_native_boundary_semantics
Right-aligned-EPM-AWB2	Merge_When_LineBreakAfterWhen	false	merge.when.breakAfter	"never"	typed_value_with_native_boundary_semantics
Right-aligned-EPM-AWB2	Merge_When_IndentWhen.Indent	false	merge.when.keywordIndent	{"enabled":false,"offset":0,"onNewLineOnly":true,"style":"relativeSpaces","transparent":false}	typed_value_with_native_boundary_semantics
Right-aligned-EPM-AWB2	Merge_When_IndentWhen.Size	0	merge.when.keywordIndent	{"enabled":false,"offset":0,"onNewLineOnly":true,"style":"relativeSpaces","transparent":false}	typed_value_with_native_boundary_semantics
Right-aligned-EPM-AWB2	Merge_When_IndentWhen.OnNewLineOnly	true	merge.when.keywordIndent	{"enabled":false,"offset":0,"onNewLineOnly":true,"style":"relativeSpaces","transparent":false}	typed_value_with_native_boundary_semantics
Right-aligned-EPM-AWB2	Merge_When_IndentWhenConditions.Indent	true	merge.when.conditionIndent	{"enabled":true,"offset":0,"onNewLineOnly":true,"style":"relativeSpaces","transparent":false}	typed_value_with_native_boundary_semantics
Right-aligned-EPM-AWB2	Merge_When_IndentWhenConditions.Size	0	merge.when.conditionIndent	{"enabled":true,"offset":0,"onNewLineOnly":true,"style":"relativeSpaces","transparent":false}	typed_value_with_native_boundary_semantics
Right-aligned-EPM-AWB2	Merge_When_IndentWhenConditions.OnNewLineOnly	true	merge.when.conditionIndent	{"enabled":true,"offset":0,"onNewLineOnly":true,"style":"relativeSpaces","transparent":false}	typed_value_with_native_boundary_semantics
Right-aligned-EPM-AWB2	Merge_When_IndentWrapConditionNestedOperations.Indent	false	merge.when.nestedConditionIndent	{"enabled":false,"offset":0,"onNewLineOnly":true,"style":"relativeSpaces","transparent":false}	typed_value_with_native_boundary_semantics
Right-aligned-EPM-AWB2	Merge_When_IndentWrapConditionNestedOperations.Size	0	merge.when.nestedConditionIndent	{"enabled":false,"offset":0,"onNewLineOnly":true,"style":"relativeSpaces","transparent":false}	typed_value_with_native_boundary_semantics
Right-aligned-EPM-AWB2	Merge_When_IndentWrapConditionNestedOperations.OnNewLineOnly	true	merge.when.nestedConditionIndent	{"enabled":false,"offset":0,"onNewLineOnly":true,"style":"relativeSpaces","transparent":false}	typed_value_with_native_boundary_semantics
Right-aligned-EPM-AWB2	Merge_When_WrapConditionMode	2	merge.when.wrapCondition	"both"	native_policy_numeric_mode_not_certified
Right-aligned-EPM-AWB2	Merge_When_WrapBeforeOperatorMode	1	merge.when.wrapBeforeOperator	"inherit"	native_policy_numeric_mode_not_certified
Right-aligned-EPM-AWB2	Merge_When_WrapAfterOperatorMode	1	merge.when.wrapAfterOperator	"never"	native_policy_numeric_mode_not_certified
Right-aligned-EPM-AWB2	Merge_Then_LineBreakBeforeThen	false	merge.then.breakBefore	"never"	typed_value_with_native_boundary_semantics
Right-aligned-EPM-AWB2	Merge_Then_LineBreakAfterThen	false	merge.then.breakAfter	"never"	typed_value_with_native_boundary_semantics
Right-aligned-EPM-AWB2	Merge_Then_IndentThen.Indent	false	merge.then.keywordIndent	{"enabled":false,"offset":4,"onNewLineOnly":true,"style":"relativeSpaces","transparent":false}	typed_value_with_native_boundary_semantics
Right-aligned-EPM-AWB2	Merge_Then_IndentThen.Size	4	merge.then.keywordIndent	{"enabled":false,"offset":4,"onNewLineOnly":true,"style":"relativeSpaces","transparent":false}	typed_value_with_native_boundary_semantics
Right-aligned-EPM-AWB2	Merge_Then_IndentThen.OnNewLineOnly	true	merge.then.keywordIndent	{"enabled":false,"offset":4,"onNewLineOnly":true,"style":"relativeSpaces","transparent":false}	typed_value_with_native_boundary_semantics
Right-aligned-EPM-AWB2	Merge_Then_IndentThenActions.Indent	true	merge.then.actionIndent	{"enabled":true,"offset":0,"onNewLineOnly":true,"style":"relativeSpaces","transparent":false}	typed_value_with_native_boundary_semantics
Right-aligned-EPM-AWB2	Merge_Then_IndentThenActions.Size	0	merge.then.actionIndent	{"enabled":true,"offset":0,"onNewLineOnly":true,"style":"relativeSpaces","transparent":false}	typed_value_with_native_boundary_semantics
Right-aligned-EPM-AWB2	Merge_Then_IndentThenActions.OnNewLineOnly	true	merge.then.actionIndent	{"enabled":true,"offset":0,"onNewLineOnly":true,"style":"relativeSpaces","transparent":false}	typed_value_with_native_boundary_semantics
Right-aligned-EPM-AWB2	Merge_Then_Update_UseSameFormattingAsInUpdate	true	merge.update.useStatementFormatting	true	typed_value_with_native_boundary_semantics
Right-aligned-EPM-AWB2	Merge_Then_Update_SetClause_LineBreakBeforeSet	false	merge.update.set.breakBefore	"never"	typed_value_with_native_boundary_semantics
Right-aligned-EPM-AWB2	Merge_Then_Update_SetClause_LineBreakAfterSet	false	merge.update.set.breakAfter	"never"	typed_value_with_native_boundary_semantics
Right-aligned-EPM-AWB2	Merge_Then_Update_SetClause_IndentSetKeyword.Indent	false	merge.update.set.keywordIndent	{"enabled":false,"offset":0,"onNewLineOnly":true,"style":"relativeSpaces","transparent":false}	typed_value_with_native_boundary_semantics
Right-aligned-EPM-AWB2	Merge_Then_Update_SetClause_IndentSetKeyword.Size	0	merge.update.set.keywordIndent	{"enabled":false,"offset":0,"onNewLineOnly":true,"style":"relativeSpaces","transparent":false}	typed_value_with_native_boundary_semantics
Right-aligned-EPM-AWB2	Merge_Then_Update_SetClause_IndentSetKeyword.OnNewLineOnly	true	merge.update.set.keywordIndent	{"enabled":false,"offset":0,"onNewLineOnly":true,"style":"relativeSpaces","transparent":false}	typed_value_with_native_boundary_semantics
Right-aligned-EPM-AWB2	Merge_Then_Update_SetClause_IndentColumnAssignmentsList.Indent	false	merge.update.set.listIndent	{"enabled":false,"offset":0,"onNewLineOnly":true,"style":"relativeSpaces","transparent":false}	typed_value_with_native_boundary_semantics
Right-aligned-EPM-AWB2	Merge_Then_Update_SetClause_IndentColumnAssignmentsList.Size	0	merge.update.set.listIndent	{"enabled":false,"offset":0,"onNewLineOnly":true,"style":"relativeSpaces","transparent":false}	typed_value_with_native_boundary_semantics
Right-aligned-EPM-AWB2	Merge_Then_Update_SetClause_IndentColumnAssignmentsList.OnNewLineOnly	true	merge.update.set.listIndent	{"enabled":false,"offset":0,"onNewLineOnly":true,"style":"relativeSpaces","transparent":false}	typed_value_with_native_boundary_semantics
Right-aligned-EPM-AWB2	Merge_Then_Update_SetClause_StackColumnAssignmentsList	true	merge.update.set.stackList	"on"	typed_value_with_native_boundary_semantics
Right-aligned-EPM-AWB2	Merge_Then_Update_SetClause_StackColumnAssignmentsListMode	1	merge.update.set.stackMode	"onePerLine"	native_policy_numeric_mode_not_certified
Right-aligned-EPM-AWB2	Merge_Then_Insert_UseSameFormattingAsInInsert	true	merge.insert.useStatementFormatting	true	typed_value_with_native_boundary_semantics
Right-aligned-EPM-AWB2	Merge_Then_Insert_ColumnList_LineBreakBeforeOpenBrace	false	merge.insert.columns.breakBeforeOpen	"never"	typed_value_with_native_boundary_semantics
Right-aligned-EPM-AWB2	Merge_Then_Insert_ColumnList_LineBreakAfterOpenBrace	false	merge.insert.columns.breakAfterOpen	"never"	typed_value_with_native_boundary_semantics
Right-aligned-EPM-AWB2	Merge_Then_Insert_ColumnList_LineBreakBeforeClosingBrace	false	merge.insert.columns.breakBeforeClose	"never"	typed_value_with_native_boundary_semantics
Right-aligned-EPM-AWB2	Merge_Then_Insert_ColumnList_IndentColumnListBraces.Indent	false	merge.insert.columns.braceIndent	{"enabled":false,"offset":0,"onNewLineOnly":true,"style":"relativeSpaces","transparent":false}	typed_value_with_native_boundary_semantics
Right-aligned-EPM-AWB2	Merge_Then_Insert_ColumnList_IndentColumnListBraces.Size	0	merge.insert.columns.braceIndent	{"enabled":false,"offset":0,"onNewLineOnly":true,"style":"relativeSpaces","transparent":false}	typed_value_with_native_boundary_semantics
Right-aligned-EPM-AWB2	Merge_Then_Insert_ColumnList_IndentColumnListBraces.OnNewLineOnly	true	merge.insert.columns.braceIndent	{"enabled":false,"offset":0,"onNewLineOnly":true,"style":"relativeSpaces","transparent":false}	typed_value_with_native_boundary_semantics
Right-aligned-EPM-AWB2	Merge_Then_Insert_ColumnList_IndentColumnList.Indent	false	merge.insert.columns.listIndent	{"enabled":false,"offset":0,"onNewLineOnly":true,"style":"relativeSpaces","transparent":false}	typed_value_with_native_boundary_semantics
Right-aligned-EPM-AWB2	Merge_Then_Insert_ColumnList_IndentColumnList.Size	0	merge.insert.columns.listIndent	{"enabled":false,"offset":0,"onNewLineOnly":true,"style":"relativeSpaces","transparent":false}	typed_value_with_native_boundary_semantics
Right-aligned-EPM-AWB2	Merge_Then_Insert_ColumnList_IndentColumnList.OnNewLineOnly	true	merge.insert.columns.listIndent	{"enabled":false,"offset":0,"onNewLineOnly":true,"style":"relativeSpaces","transparent":false}	typed_value_with_native_boundary_semantics
Right-aligned-EPM-AWB2	Merge_Then_Insert_ColumnList_InsertSpaceBeforeColumnsList	true	merge.insert.columns.spaceBeforeOpen	"insert"	typed_value_with_native_boundary_semantics
Right-aligned-EPM-AWB2	Merge_Then_Insert_ColumnList_InsertSpacesWithinColumnsListBraces	false	merge.insert.columns.spaceWithin	"remove"	typed_value_with_native_boundary_semantics
Right-aligned-EPM-AWB2	Merge_Then_Insert_ColumnList_StackColumnsList	true	merge.insert.columns.stackList	"on"	typed_value_with_native_boundary_semantics
Right-aligned-EPM-AWB2	Merge_Then_Insert_ColumnList_StackColumnsListMode	1	merge.insert.columns.stackMode	"onePerLine"	native_policy_numeric_mode_not_certified
Right-aligned-EPM-AWB2	Merge_Then_Insert_Values_LineBreakBeforeValues	true	merge.insert.values.breakBeforeKeyword	"always"	typed_value_with_native_boundary_semantics
Right-aligned-EPM-AWB2	Merge_Then_Insert_Values_LineBreakAfterValues	false	merge.insert.values.breakAfterKeyword	"never"	typed_value_with_native_boundary_semantics
Right-aligned-EPM-AWB2	Merge_Then_Insert_Values_LineBreakAfterOpenBrace	false	merge.insert.values.breakAfterOpen	"never"	typed_value_with_native_boundary_semantics
Right-aligned-EPM-AWB2	Merge_Then_Insert_Values_LineBreakBeforeClosingBrace	false	merge.insert.values.breakBeforeClose	"never"	typed_value_with_native_boundary_semantics
Right-aligned-EPM-AWB2	Merge_Then_Insert_Values_IndentValuesKeyword.Indent	false	merge.insert.values.keywordIndent	{"enabled":false,"offset":0,"onNewLineOnly":true,"style":"relativeSpaces","transparent":false}	typed_value_with_native_boundary_semantics
Right-aligned-EPM-AWB2	Merge_Then_Insert_Values_IndentValuesKeyword.Size	0	merge.insert.values.keywordIndent	{"enabled":false,"offset":0,"onNewLineOnly":true,"style":"relativeSpaces","transparent":false}	typed_value_with_native_boundary_semantics
Right-aligned-EPM-AWB2	Merge_Then_Insert_Values_IndentValuesKeyword.OnNewLineOnly	true	merge.insert.values.keywordIndent	{"enabled":false,"offset":0,"onNewLineOnly":true,"style":"relativeSpaces","transparent":false}	typed_value_with_native_boundary_semantics
Right-aligned-EPM-AWB2	Merge_Then_Insert_Values_IndentValuesExpressionsListBraces.Indent	false	merge.insert.values.braceIndent	{"enabled":false,"offset":0,"onNewLineOnly":true,"style":"relativeSpaces","transparent":false}	typed_value_with_native_boundary_semantics
Right-aligned-EPM-AWB2	Merge_Then_Insert_Values_IndentValuesExpressionsListBraces.Size	0	merge.insert.values.braceIndent	{"enabled":false,"offset":0,"onNewLineOnly":true,"style":"relativeSpaces","transparent":false}	typed_value_with_native_boundary_semantics
Right-aligned-EPM-AWB2	Merge_Then_Insert_Values_IndentValuesExpressionsListBraces.OnNewLineOnly	true	merge.insert.values.braceIndent	{"enabled":false,"offset":0,"onNewLineOnly":true,"style":"relativeSpaces","transparent":false}	typed_value_with_native_boundary_semantics
Right-aligned-EPM-AWB2	Merge_Then_Insert_Values_IndentValuesExpressionsList.Indent	false	merge.insert.values.listIndent	{"enabled":false,"offset":0,"onNewLineOnly":true,"style":"relativeSpaces","transparent":false}	typed_value_with_native_boundary_semantics
Right-aligned-EPM-AWB2	Merge_Then_Insert_Values_IndentValuesExpressionsList.Size	0	merge.insert.values.listIndent	{"enabled":false,"offset":0,"onNewLineOnly":true,"style":"relativeSpaces","transparent":false}	typed_value_with_native_boundary_semantics
Right-aligned-EPM-AWB2	Merge_Then_Insert_Values_IndentValuesExpressionsList.OnNewLineOnly	true	merge.insert.values.listIndent	{"enabled":false,"offset":0,"onNewLineOnly":true,"style":"relativeSpaces","transparent":false}	typed_value_with_native_boundary_semantics
Right-aligned-EPM-AWB2	Merge_Then_Insert_Values_InsertSpaceAfterValuesKeyword	true	merge.insert.values.spaceAfterKeyword	"insert"	typed_value_with_native_boundary_semantics
Right-aligned-EPM-AWB2	Merge_Then_Insert_Values_InsertSpacesWithinValuesExpressionsListBraces	false	merge.insert.values.spaceWithin	"remove"	typed_value_with_native_boundary_semantics
Right-aligned-EPM-AWB2	Merge_Then_Insert_Values_StackValuesExpressionsList	true	merge.insert.values.stackList	"on"	typed_value_with_native_boundary_semantics
Right-aligned-EPM-AWB2	Merge_Then_Insert_Values_StackValuesExpressionsListMode	8	merge.insert.values.stackMode	"auto"	native_policy_numeric_mode_not_certified
Right-aligned-EPM-AWB2	Merge_Output_LineBreakBeforeOutput	true	merge.output.breakBefore	"always"	typed_value_with_native_boundary_semantics
Right-aligned-EPM-AWB2	Merge_Output_LineBreakAfterOutput	false	merge.output.breakAfter	"never"	typed_value_with_native_boundary_semantics
Right-aligned-EPM-AWB2	Merge_Output_IndentOutputKeyword.Indent	false	merge.output.keywordIndent	{"enabled":false,"offset":0,"onNewLineOnly":true,"style":"relativeSpaces","transparent":false}	typed_value_with_native_boundary_semantics
Right-aligned-EPM-AWB2	Merge_Output_IndentOutputKeyword.Size	0	merge.output.keywordIndent	{"enabled":false,"offset":0,"onNewLineOnly":true,"style":"relativeSpaces","transparent":false}	typed_value_with_native_boundary_semantics
Right-aligned-EPM-AWB2	Merge_Output_IndentOutputKeyword.OnNewLineOnly	true	merge.output.keywordIndent	{"enabled":false,"offset":0,"onNewLineOnly":true,"style":"relativeSpaces","transparent":false}	typed_value_with_native_boundary_semantics
Right-aligned-EPM-AWB2	Merge_Output_IndentOutputParameters.Indent	false	merge.output.listIndent	{"enabled":false,"offset":0,"onNewLineOnly":true,"style":"relativeSpaces","transparent":false}	typed_value_with_native_boundary_semantics
Right-aligned-EPM-AWB2	Merge_Output_IndentOutputParameters.Size	0	merge.output.listIndent	{"enabled":false,"offset":0,"onNewLineOnly":true,"style":"relativeSpaces","transparent":false}	typed_value_with_native_boundary_semantics
Right-aligned-EPM-AWB2	Merge_Output_IndentOutputParameters.OnNewLineOnly	true	merge.output.listIndent	{"enabled":false,"offset":0,"onNewLineOnly":true,"style":"relativeSpaces","transparent":false}	typed_value_with_native_boundary_semantics
Right-aligned-EPM-AWB2	Merge_Output_StackColumns	true	merge.output.stackList	"on"	typed_value_with_native_boundary_semantics
Right-aligned-EPM-AWB2	Merge_Output_StackColumnsMode	1	merge.output.stackMode	"onePerLine"	native_policy_numeric_mode_not_certified
Right-aligned-EPM-AWB2	Merge_OptionHints_LineBreakBeforeOption	true	merge.option.breakBefore	"always"	typed_value_with_native_boundary_semantics
Right-aligned-EPM-AWB2	Merge_OptionHints_LineBreakAfterOption	false	merge.option.breakAfter	"never"	typed_value_with_native_boundary_semantics
Right-aligned-EPM-AWB2	Merge_OptionHints_IndentOptionKeyword.Indent	false	merge.option.keywordIndent	{"enabled":false,"offset":0,"onNewLineOnly":true,"style":"relativeSpaces","transparent":false}	typed_value_with_native_boundary_semantics
Right-aligned-EPM-AWB2	Merge_OptionHints_IndentOptionKeyword.Size	0	merge.option.keywordIndent	{"enabled":false,"offset":0,"onNewLineOnly":true,"style":"relativeSpaces","transparent":false}	typed_value_with_native_boundary_semantics
Right-aligned-EPM-AWB2	Merge_OptionHints_IndentOptionKeyword.OnNewLineOnly	true	merge.option.keywordIndent	{"enabled":false,"offset":0,"onNewLineOnly":true,"style":"relativeSpaces","transparent":false}	typed_value_with_native_boundary_semantics
Right-aligned-EPM-AWB2	Merge_OptionHints_IndentOptionHints.Indent	false	merge.option.hintsIndent	{"enabled":false,"offset":0,"onNewLineOnly":true,"style":"relativeSpaces","transparent":false}	typed_value_with_native_boundary_semantics
Right-aligned-EPM-AWB2	Merge_OptionHints_IndentOptionHints.Size	0	merge.option.hintsIndent	{"enabled":false,"offset":0,"onNewLineOnly":true,"style":"relativeSpaces","transparent":false}	typed_value_with_native_boundary_semantics
Right-aligned-EPM-AWB2	Merge_OptionHints_IndentOptionHints.OnNewLineOnly	true	merge.option.hintsIndent	{"enabled":false,"offset":0,"onNewLineOnly":true,"style":"relativeSpaces","transparent":false}	typed_value_with_native_boundary_semantics
Right-aligned-EPM-AWB2	Case_LineBreakBeforeCase	false	case.breakBeforeCase	"never"	typed_value_with_native_boundary_semantics
Right-aligned-EPM-AWB2	Case_IndentCaseOperation.Indent	true	case.caseIndent	{"enabled":true,"offset":0,"onNewLineOnly":true,"style":"relativeSpaces","transparent":false}	typed_value_with_native_boundary_semantics
Right-aligned-EPM-AWB2	Case_IndentCaseOperation.Size	0	case.caseIndent	{"enabled":true,"offset":0,"onNewLineOnly":true,"style":"relativeSpaces","transparent":false}	typed_value_with_native_boundary_semantics
Right-aligned-EPM-AWB2	Case_IndentCaseOperation.OnNewLineOnly	true	case.caseIndent	{"enabled":true,"offset":0,"onNewLineOnly":true,"style":"relativeSpaces","transparent":false}	typed_value_with_native_boundary_semantics
Right-aligned-EPM-AWB2	Case_IndentCaseOperation.Style	3	case.caseIndent	{"enabled":true,"offset":0,"onNewLineOnly":true,"style":"relativeSpaces","transparent":false}	native_policy_numeric_mode_not_certified
Right-aligned-EPM-AWB2	Case_LineBreakBeforeInputExpression	false	case.breakBeforeInput	"never"	typed_value_with_native_boundary_semantics
Right-aligned-EPM-AWB2	Case_IndentInputExpression.Indent	false	case.inputIndent	{"enabled":false,"offset":0,"onNewLineOnly":true,"style":"relativeSpaces","transparent":false}	typed_value_with_native_boundary_semantics
Right-aligned-EPM-AWB2	Case_IndentInputExpression.Size	0	case.inputIndent	{"enabled":false,"offset":0,"onNewLineOnly":true,"style":"relativeSpaces","transparent":false}	typed_value_with_native_boundary_semantics
Right-aligned-EPM-AWB2	Case_IndentInputExpression.OnNewLineOnly	true	case.inputIndent	{"enabled":false,"offset":0,"onNewLineOnly":true,"style":"relativeSpaces","transparent":false}	typed_value_with_native_boundary_semantics
Right-aligned-EPM-AWB2	Case_LineBreakBeforeWhenElse	true	case.breakBeforeWhenElse	"always"	typed_value_with_native_boundary_semantics
Right-aligned-EPM-AWB2	Case_IndentWhenKeyword.Indent	true	case.whenKeywordIndent	{"enabled":true,"offset":5,"onNewLineOnly":true,"style":"relativeSpaces","transparent":false}	typed_value_with_native_boundary_semantics
Right-aligned-EPM-AWB2	Case_IndentWhenKeyword.Size	5	case.whenKeywordIndent	{"enabled":true,"offset":5,"onNewLineOnly":true,"style":"relativeSpaces","transparent":false}	typed_value_with_native_boundary_semantics
Right-aligned-EPM-AWB2	Case_IndentWhenKeyword.OnNewLineOnly	true	case.whenKeywordIndent	{"enabled":true,"offset":5,"onNewLineOnly":true,"style":"relativeSpaces","transparent":false}	typed_value_with_native_boundary_semantics
Right-aligned-EPM-AWB2	Case_IndentWhenExpression.Indent	true	case.whenExpressionIndent	{"enabled":true,"offset":5,"onNewLineOnly":true,"style":"relativeSpaces","transparent":false}	typed_value_with_native_boundary_semantics
Right-aligned-EPM-AWB2	Case_IndentWhenExpression.Size	5	case.whenExpressionIndent	{"enabled":true,"offset":5,"onNewLineOnly":true,"style":"relativeSpaces","transparent":false}	typed_value_with_native_boundary_semantics
Right-aligned-EPM-AWB2	Case_IndentWhenExpression.OnNewLineOnly	true	case.whenExpressionIndent	{"enabled":true,"offset":5,"onNewLineOnly":true,"style":"relativeSpaces","transparent":false}	typed_value_with_native_boundary_semantics
Right-aligned-EPM-AWB2	Case_IndentWrapConditionNestedOperations.Indent	true	case.nestedConditionIndent	{"enabled":true,"offset":4,"onNewLineOnly":true,"style":"relativeSpaces","transparent":false}	typed_value_with_native_boundary_semantics
Right-aligned-EPM-AWB2	Case_IndentWrapConditionNestedOperations.Size	4	case.nestedConditionIndent	{"enabled":true,"offset":4,"onNewLineOnly":true,"style":"relativeSpaces","transparent":false}	typed_value_with_native_boundary_semantics
Right-aligned-EPM-AWB2	Case_IndentWrapConditionNestedOperations.OnNewLineOnly	true	case.nestedConditionIndent	{"enabled":true,"offset":4,"onNewLineOnly":true,"style":"relativeSpaces","transparent":false}	typed_value_with_native_boundary_semantics
Right-aligned-EPM-AWB2	Case_WrapConditionMode	1	case.wrapCondition	"both"	native_policy_numeric_mode_not_certified
Right-aligned-EPM-AWB2	Case_WrapBeforeOperatorMode	2	case.wrapBeforeOperator	"always"	native_policy_numeric_mode_not_certified
Right-aligned-EPM-AWB2	Case_WrapAfterOperatorMode	1	case.wrapAfterOperator	"never"	native_policy_numeric_mode_not_certified
Right-aligned-EPM-AWB2	Case_LineBreakBeforeThen	false	case.breakBeforeThen	"never"	typed_value_with_native_boundary_semantics
Right-aligned-EPM-AWB2	Case_IndentThenKeyword.Indent	false	case.thenKeywordIndent	{"enabled":false,"offset":0,"onNewLineOnly":true,"style":"relativeSpaces","transparent":false}	typed_value_with_native_boundary_semantics
Right-aligned-EPM-AWB2	Case_IndentThenKeyword.Size	0	case.thenKeywordIndent	{"enabled":false,"offset":0,"onNewLineOnly":true,"style":"relativeSpaces","transparent":false}	typed_value_with_native_boundary_semantics
Right-aligned-EPM-AWB2	Case_IndentThenKeyword.OnNewLineOnly	true	case.thenKeywordIndent	{"enabled":false,"offset":0,"onNewLineOnly":true,"style":"relativeSpaces","transparent":false}	typed_value_with_native_boundary_semantics
Right-aligned-EPM-AWB2	Case_LineBreakAfterThenElse	false	case.breakAfterThenElse	"never"	typed_value_with_native_boundary_semantics
Right-aligned-EPM-AWB2	Case_LineBreakBeforeEnd	true	case.breakBeforeEnd	"always"	typed_value_with_native_boundary_semantics
Right-aligned-EPM-AWB2	Case_IndentCode.Indent	false	case.codeIndent	{"enabled":false,"offset":0,"onNewLineOnly":true,"style":"relativeSpaces","transparent":false}	typed_value_with_native_boundary_semantics
Right-aligned-EPM-AWB2	Case_IndentCode.Size	0	case.codeIndent	{"enabled":false,"offset":0,"onNewLineOnly":true,"style":"relativeSpaces","transparent":false}	typed_value_with_native_boundary_semantics
Right-aligned-EPM-AWB2	Case_IndentCode.OnNewLineOnly	true	case.codeIndent	{"enabled":false,"offset":0,"onNewLineOnly":true,"style":"relativeSpaces","transparent":false}	typed_value_with_native_boundary_semantics
Right-aligned-EPM-AWB2	Code_PlaceEachStatementOnASeparateLine	true	code.separateStatements	"always"	typed_value_with_native_boundary_semantics
Right-aligned-EPM-AWB2	Code_LineBreakAfterBegin	true	code.breakAfterBegin	"always"	typed_value_with_native_boundary_semantics
Right-aligned-EPM-AWB2	Code_LineBreakBeforeEnd	true	code.breakBeforeEnd	"always"	typed_value_with_native_boundary_semantics
Right-aligned-EPM-AWB2	Code_Transaction_IndentTranBody.Indent	false	code.transaction.bodyIndent	{"enabled":false,"offset":0,"onNewLineOnly":true,"style":"relativeSpaces","transparent":false}	typed_value_with_native_boundary_semantics
Right-aligned-EPM-AWB2	Code_Transaction_IndentTranBody.Size	0	code.transaction.bodyIndent	{"enabled":false,"offset":0,"onNewLineOnly":true,"style":"relativeSpaces","transparent":false}	typed_value_with_native_boundary_semantics
Right-aligned-EPM-AWB2	Code_Transaction_IndentTranBody.OnNewLineOnly	true	code.transaction.bodyIndent	{"enabled":false,"offset":0,"onNewLineOnly":true,"style":"relativeSpaces","transparent":false}	typed_value_with_native_boundary_semantics
Right-aligned-EPM-AWB2	Code_AnonymousBlocks_AddEmptyLinesAround	false	code.block.blankLinesAround	false	typed_value_with_native_boundary_semantics
Right-aligned-EPM-AWB2	Code_AnonymousBlocks_LineBreakBeforeBeginCatch	true	code.block.breakBeforeCatch	"always"	typed_value_with_native_boundary_semantics
Right-aligned-EPM-AWB2	Code_AnonymousBlocks_IndentCode.Indent	true	code.block.bodyIndent	{"enabled":true,"offset":0,"onNewLineOnly":true,"style":"relativeSpaces","transparent":false}	typed_value_with_native_boundary_semantics
Right-aligned-EPM-AWB2	Code_AnonymousBlocks_IndentCode.Size	0	code.block.bodyIndent	{"enabled":true,"offset":0,"onNewLineOnly":true,"style":"relativeSpaces","transparent":false}	typed_value_with_native_boundary_semantics
Right-aligned-EPM-AWB2	Code_AnonymousBlocks_IndentCode.OnNewLineOnly	true	code.block.bodyIndent	{"enabled":true,"offset":0,"onNewLineOnly":true,"style":"relativeSpaces","transparent":false}	typed_value_with_native_boundary_semantics
Right-aligned-EPM-AWB2	Code_If_AddEmptyLinesAroundIfStatement	false	code.if.blankLinesAround	false	typed_value_with_native_boundary_semantics
Right-aligned-EPM-AWB2	Code_If_LineBreakAfterCondition	true	code.if.breakAfterCondition	"always"	typed_value_with_native_boundary_semantics
Right-aligned-EPM-AWB2	Code_If_LineBreakBeforeElse	true	code.if.breakBeforeElse	"always"	typed_value_with_native_boundary_semantics
Right-aligned-EPM-AWB2	Code_If_LineBreakAfterElse	true	code.if.breakAfterElse	"always"	typed_value_with_native_boundary_semantics
Right-aligned-EPM-AWB2	Code_If_IndentCondition.Indent	false	code.if.conditionIndent	{"enabled":false,"offset":0,"onNewLineOnly":true,"style":"relativeSpaces","transparent":false}	typed_value_with_native_boundary_semantics
Right-aligned-EPM-AWB2	Code_If_IndentCondition.Size	0	code.if.conditionIndent	{"enabled":false,"offset":0,"onNewLineOnly":true,"style":"relativeSpaces","transparent":false}	typed_value_with_native_boundary_semantics
Right-aligned-EPM-AWB2	Code_If_IndentCondition.OnNewLineOnly	true	code.if.conditionIndent	{"enabled":false,"offset":0,"onNewLineOnly":true,"style":"relativeSpaces","transparent":false}	typed_value_with_native_boundary_semantics
Right-aligned-EPM-AWB2	Code_If_IndentBeginEndKeywords.Indent	false	code.if.keywordIndent	{"enabled":false,"offset":0,"onNewLineOnly":true,"style":"relativeSpaces","transparent":false}	typed_value_with_native_boundary_semantics
Right-aligned-EPM-AWB2	Code_If_IndentBeginEndKeywords.Size	0	code.if.keywordIndent	{"enabled":false,"offset":0,"onNewLineOnly":true,"style":"relativeSpaces","transparent":false}	typed_value_with_native_boundary_semantics
Right-aligned-EPM-AWB2	Code_If_IndentBeginEndKeywords.OnNewLineOnly	true	code.if.keywordIndent	{"enabled":false,"offset":0,"onNewLineOnly":true,"style":"relativeSpaces","transparent":false}	typed_value_with_native_boundary_semantics
Right-aligned-EPM-AWB2	Code_If_IndentCode.Indent	true	code.if.bodyIndent	{"enabled":true,"offset":0,"onNewLineOnly":true,"style":"relativeSpaces","transparent":false}	typed_value_with_native_boundary_semantics
Right-aligned-EPM-AWB2	Code_If_IndentCode.Size	0	code.if.bodyIndent	{"enabled":true,"offset":0,"onNewLineOnly":true,"style":"relativeSpaces","transparent":false}	typed_value_with_native_boundary_semantics
Right-aligned-EPM-AWB2	Code_If_IndentCode.OnNewLineOnly	true	code.if.bodyIndent	{"enabled":true,"offset":0,"onNewLineOnly":true,"style":"relativeSpaces","transparent":false}	typed_value_with_native_boundary_semantics
Right-aligned-EPM-AWB2	Code_If_IndentWrapConditionNestedOperations.Indent	true	code.if.nestedConditionIndent	{"enabled":true,"offset":3,"onNewLineOnly":true,"style":"relativeSpaces","transparent":false}	typed_value_with_native_boundary_semantics
Right-aligned-EPM-AWB2	Code_If_IndentWrapConditionNestedOperations.Size	3	code.if.nestedConditionIndent	{"enabled":true,"offset":3,"onNewLineOnly":true,"style":"relativeSpaces","transparent":false}	typed_value_with_native_boundary_semantics
Right-aligned-EPM-AWB2	Code_If_IndentWrapConditionNestedOperations.OnNewLineOnly	true	code.if.nestedConditionIndent	{"enabled":true,"offset":3,"onNewLineOnly":true,"style":"relativeSpaces","transparent":false}	typed_value_with_native_boundary_semantics
Right-aligned-EPM-AWB2	Code_If_WrapConditionMode	1	code.if.wrapCondition	"both"	native_policy_numeric_mode_not_certified
Right-aligned-EPM-AWB2	Code_If_WrapBeforeOperatorMode	1	code.if.wrapBeforeOperator	"inherit"	native_policy_numeric_mode_not_certified
Right-aligned-EPM-AWB2	Code_If_WrapAfterOperatorMode	1	code.if.wrapAfterOperator	"never"	native_policy_numeric_mode_not_certified
Right-aligned-EPM-AWB2	Code_While_AddEmptyLinesAround	false	code.while.blankLinesAround	false	typed_value_with_native_boundary_semantics
Right-aligned-EPM-AWB2	Code_While_LineBreakAfterCondition	true	code.while.breakAfterCondition	"always"	typed_value_with_native_boundary_semantics
Right-aligned-EPM-AWB2	Code_While_IndentCondition.Indent	true	code.while.conditionIndent	{"enabled":true,"offset":2,"onNewLineOnly":true,"style":"relativeSpaces","transparent":false}	typed_value_with_native_boundary_semantics
Right-aligned-EPM-AWB2	Code_While_IndentCondition.Size	2	code.while.conditionIndent	{"enabled":true,"offset":2,"onNewLineOnly":true,"style":"relativeSpaces","transparent":false}	typed_value_with_native_boundary_semantics
Right-aligned-EPM-AWB2	Code_While_IndentCondition.OnNewLineOnly	true	code.while.conditionIndent	{"enabled":true,"offset":2,"onNewLineOnly":true,"style":"relativeSpaces","transparent":false}	typed_value_with_native_boundary_semantics
Right-aligned-EPM-AWB2	Code_While_IndentBeginEndKeywords.Indent	false	code.while.keywordIndent	{"enabled":false,"offset":0,"onNewLineOnly":true,"style":"relativeSpaces","transparent":false}	typed_value_with_native_boundary_semantics
Right-aligned-EPM-AWB2	Code_While_IndentBeginEndKeywords.Size	0	code.while.keywordIndent	{"enabled":false,"offset":0,"onNewLineOnly":true,"style":"relativeSpaces","transparent":false}	typed_value_with_native_boundary_semantics
Right-aligned-EPM-AWB2	Code_While_IndentBeginEndKeywords.OnNewLineOnly	true	code.while.keywordIndent	{"enabled":false,"offset":0,"onNewLineOnly":true,"style":"relativeSpaces","transparent":false}	typed_value_with_native_boundary_semantics
Right-aligned-EPM-AWB2	Code_While_IndentCode.Indent	true	code.while.bodyIndent	{"enabled":true,"offset":0,"onNewLineOnly":true,"style":"relativeSpaces","transparent":false}	typed_value_with_native_boundary_semantics
Right-aligned-EPM-AWB2	Code_While_IndentCode.Size	0	code.while.bodyIndent	{"enabled":true,"offset":0,"onNewLineOnly":true,"style":"relativeSpaces","transparent":false}	typed_value_with_native_boundary_semantics
Right-aligned-EPM-AWB2	Code_While_IndentCode.OnNewLineOnly	true	code.while.bodyIndent	{"enabled":true,"offset":0,"onNewLineOnly":true,"style":"relativeSpaces","transparent":false}	typed_value_with_native_boundary_semantics
Right-aligned-EPM-AWB2	Code_While_IndentWrapConditionNestedOperations.Indent	true	code.while.nestedConditionIndent	{"enabled":true,"offset":2,"onNewLineOnly":true,"style":"relativeSpaces","transparent":false}	typed_value_with_native_boundary_semantics
Right-aligned-EPM-AWB2	Code_While_IndentWrapConditionNestedOperations.Size	2	code.while.nestedConditionIndent	{"enabled":true,"offset":2,"onNewLineOnly":true,"style":"relativeSpaces","transparent":false}	typed_value_with_native_boundary_semantics
Right-aligned-EPM-AWB2	Code_While_IndentWrapConditionNestedOperations.OnNewLineOnly	true	code.while.nestedConditionIndent	{"enabled":true,"offset":2,"onNewLineOnly":true,"style":"relativeSpaces","transparent":false}	typed_value_with_native_boundary_semantics
Right-aligned-EPM-AWB2	Code_While_WrapConditionMode	1	code.while.wrapCondition	"both"	native_policy_numeric_mode_not_certified
Right-aligned-EPM-AWB2	Code_While_WrapBeforeOperatorMode	1	code.while.wrapBeforeOperator	"inherit"	native_policy_numeric_mode_not_certified
Right-aligned-EPM-AWB2	Code_While_WrapAfterOperatorMode	1	code.while.wrapAfterOperator	"never"	native_policy_numeric_mode_not_certified
Right-aligned-EPM-AWB2	Spacing_Delimiters_InsertSpaceBeforeComma	false	spacing.beforeComma	"remove"	typed_value_with_native_boundary_semantics
Right-aligned-EPM-AWB2	Spacing_Delimiters_InsertSpaceAfterComma	true	spacing.afterComma	"insert"	typed_value_with_native_boundary_semantics
Right-aligned-EPM-AWB2	Spacing_Delimiters_InsertSpaceBeforeDot	false	spacing.beforeDot	"remove"	typed_value_with_native_boundary_semantics
Right-aligned-EPM-AWB2	Spacing_Delimiters_InsertSpaceAfterDot	false	spacing.afterDot	"remove"	typed_value_with_native_boundary_semantics
Right-aligned-EPM-AWB2	Spacing_Delimiters_InsertSpaceBeforeScopeResolutionOperator	false	spacing.beforeScopeResolution	"remove"	typed_value_with_native_boundary_semantics
Right-aligned-EPM-AWB2	Spacing_Delimiters_InsertSpaceAfterScopeResolutionOperator	false	spacing.afterScopeResolution	"remove"	typed_value_with_native_boundary_semantics
Right-aligned-EPM-AWB2	Spacing_ArithmeticalOperators_SpacesAroundBinaryOperators	0	spacing.arithmeticOperators	"insert"	native_policy_numeric_mode_not_certified
Right-aligned-EPM-AWB2	Spacing_FunctionCalls_InsertSpaceBeforeArgumentsList	false	spacing.beforeFunctionArguments	"remove"	typed_value_with_native_boundary_semantics
Right-aligned-EPM-AWB2	Spacing_FunctionCalls_InsertSpacesWithinArgumentsListBraces	false	spacing.withinFunctionArguments	"remove"	typed_value_with_native_boundary_semantics
Right-aligned-EPM-AWB2	Spacing_FunctionCalls_InsertSpaceWithinEmptyArgumentsListBraces	false	spacing.withinEmptyFunctionArguments	"remove"	typed_value_with_native_boundary_semantics
Right-aligned-EPM-AWB2	TextCase_Builtin	0	textCase.builtin	"upper"	native_policy_numeric_mode_not_certified
Right-aligned-EPM-AWB2	TextCase_DataType	0	textCase.dataType	"upper"	native_policy_numeric_mode_not_certified
Right-aligned-EPM-AWB2	TextCase_Identifier	3	textCase.identifier	"preserve"	native_policy_numeric_mode_not_certified
Right-aligned-EPM-AWB2	TextCase_Keyword	0	textCase.keyword	"upper"	native_policy_numeric_mode_not_certified
Right-aligned-EPM-AWB2	TextCase_Variable	3	textCase.variable	"preserve"	native_policy_numeric_mode_not_certified
Right-aligned-EPM-AWB2	TextCase_Alias	3	textCase.alias	"preserve"	native_policy_numeric_mode_not_certified
Right-aligned-EPM-AWB2	TextCase_FormatQuotedIdentifier	true	textCase.formatQuotedIdentifier	true	typed_value_with_native_boundary_semantics
Right-aligned-EPM-AWB2	Misc_AddEmptyLineAfterPackageDelimiter	false	misc.packageDelimiterBlankLine	false	typed_value_with_native_boundary_semantics
Right-aligned-EPM-AWB2	Misc_AddEmptyLineAfterPackageDelimiterMode	0	misc.packageDelimiterBlankLineMode	"after"	native_policy_numeric_mode_not_certified
Right-aligned-EPM-AWB2	Subquery_OptionHints_LineBreakBeforeOption	true	-	-	previous_user_approved_exclusion
Right-aligned-EPM-AWB2	Subquery_OptionHints_LineBreakAfterOption	false	-	-	previous_user_approved_exclusion
Right-aligned-EPM-AWB2	Subquery_OptionHints_IndentOptionKeyword.Indent	false	-	-	previous_user_approved_exclusion
Right-aligned-EPM-AWB2	Subquery_OptionHints_IndentOptionKeyword.Size	0	-	-	previous_user_approved_exclusion
Right-aligned-EPM-AWB2	Subquery_OptionHints_IndentOptionKeyword.OnNewLineOnly	true	-	-	previous_user_approved_exclusion
Right-aligned-EPM-AWB2	Subquery_OptionHints_IndentOptionHints.Indent	false	-	-	previous_user_approved_exclusion
Right-aligned-EPM-AWB2	Subquery_OptionHints_IndentOptionHints.Size	0	-	-	previous_user_approved_exclusion
Right-aligned-EPM-AWB2	Subquery_OptionHints_IndentOptionHints.OnNewLineOnly	true	-	-	previous_user_approved_exclusion
