Path	Type	AV	EPM	Status	NativeSetting	ReadableVertical	CompactQueries	Decision	Evidence	Semantics
Case_IndentCaseOperation.Indent	Boolean	false	true	covered	case.caseIndent	{"enabled":false,"offset":0,"onNewLineOnly":true,"style":"relative","transparent":false}	{"enabled":false,"offset":0,"onNewLineOnly":true,"style":"relative","transparent":false}	native_alternative_not_xml_conversion	CaseAndSetParityTests.Every_case_indent_targets_a_real_boundary	Native indent enabled/offset/onNewLineOnly/style at parsed syntax boundary; XML numeric Style not assumed
Case_IndentCaseOperation.OnNewLineOnly	Boolean	true	true	covered	case.caseIndent	{"enabled":false,"offset":0,"onNewLineOnly":true,"style":"relative","transparent":false}	{"enabled":false,"offset":0,"onNewLineOnly":true,"style":"relative","transparent":false}	native_alternative_not_xml_conversion	CaseAndSetParityTests.Every_case_indent_targets_a_real_boundary	Native indent enabled/offset/onNewLineOnly/style at parsed syntax boundary; XML numeric Style not assumed
Case_IndentCaseOperation.Size	Integer	0	0	covered	case.caseIndent	{"enabled":false,"offset":0,"onNewLineOnly":true,"style":"relative","transparent":false}	{"enabled":false,"offset":0,"onNewLineOnly":true,"style":"relative","transparent":false}	native_alternative_not_xml_conversion	CaseAndSetParityTests.Every_case_indent_targets_a_real_boundary	Native indent enabled/offset/onNewLineOnly/style at parsed syntax boundary; XML numeric Style not assumed
Case_IndentCaseOperation.Style	Integer	3	3	covered	case.caseIndent	{"enabled":false,"offset":0,"onNewLineOnly":true,"style":"relative","transparent":false}	{"enabled":false,"offset":0,"onNewLineOnly":true,"style":"relative","transparent":false}	native_alternative_not_xml_conversion	CaseAndSetParityTests.Every_case_indent_targets_a_real_boundary	Native indent enabled/offset/onNewLineOnly/style at parsed syntax boundary; XML numeric Style not assumed
Case_IndentCode.Indent	Boolean	true	false	covered	case.codeIndent	{"enabled":false,"offset":0,"onNewLineOnly":true,"style":"relative","transparent":false}	{"enabled":false,"offset":0,"onNewLineOnly":true,"style":"relative","transparent":false}	native_alternative_not_xml_conversion	CaseAndSetParityTests.Every_case_indent_targets_a_real_boundary	Native indent enabled/offset/onNewLineOnly/style at parsed syntax boundary; XML numeric Style not assumed
Case_IndentCode.OnNewLineOnly	Boolean	true	true	covered	case.codeIndent	{"enabled":false,"offset":0,"onNewLineOnly":true,"style":"relative","transparent":false}	{"enabled":false,"offset":0,"onNewLineOnly":true,"style":"relative","transparent":false}	native_alternative_not_xml_conversion	CaseAndSetParityTests.Every_case_indent_targets_a_real_boundary	Native indent enabled/offset/onNewLineOnly/style at parsed syntax boundary; XML numeric Style not assumed
Case_IndentCode.Size	Integer	0	0	covered	case.codeIndent	{"enabled":false,"offset":0,"onNewLineOnly":true,"style":"relative","transparent":false}	{"enabled":false,"offset":0,"onNewLineOnly":true,"style":"relative","transparent":false}	native_alternative_not_xml_conversion	CaseAndSetParityTests.Every_case_indent_targets_a_real_boundary	Native indent enabled/offset/onNewLineOnly/style at parsed syntax boundary; XML numeric Style not assumed
Case_IndentInputExpression.Indent	Boolean	false	false	covered	case.inputIndent	{"enabled":false,"offset":0,"onNewLineOnly":true,"style":"relative","transparent":false}	{"enabled":false,"offset":0,"onNewLineOnly":true,"style":"relative","transparent":false}	native_alternative_not_xml_conversion	CaseAndSetParityTests.Every_case_indent_targets_a_real_boundary	Native indent enabled/offset/onNewLineOnly/style at parsed syntax boundary; XML numeric Style not assumed
Case_IndentInputExpression.OnNewLineOnly	Boolean	true	true	covered	case.inputIndent	{"enabled":false,"offset":0,"onNewLineOnly":true,"style":"relative","transparent":false}	{"enabled":false,"offset":0,"onNewLineOnly":true,"style":"relative","transparent":false}	native_alternative_not_xml_conversion	CaseAndSetParityTests.Every_case_indent_targets_a_real_boundary	Native indent enabled/offset/onNewLineOnly/style at parsed syntax boundary; XML numeric Style not assumed
Case_IndentInputExpression.Size	Integer	0	0	covered	case.inputIndent	{"enabled":false,"offset":0,"onNewLineOnly":true,"style":"relative","transparent":false}	{"enabled":false,"offset":0,"onNewLineOnly":true,"style":"relative","transparent":false}	native_alternative_not_xml_conversion	CaseAndSetParityTests.Every_case_indent_targets_a_real_boundary	Native indent enabled/offset/onNewLineOnly/style at parsed syntax boundary; XML numeric Style not assumed
Case_IndentThenKeyword.Indent	Boolean	false	false	covered	case.thenKeywordIndent	{"enabled":false,"offset":0,"onNewLineOnly":true,"style":"relative","transparent":false}	{"enabled":false,"offset":0,"onNewLineOnly":true,"style":"relative","transparent":false}	native_alternative_not_xml_conversion	CaseAndSetParityTests.Every_case_indent_targets_a_real_boundary	Native indent enabled/offset/onNewLineOnly/style at parsed syntax boundary; XML numeric Style not assumed
Case_IndentThenKeyword.OnNewLineOnly	Boolean	true	true	covered	case.thenKeywordIndent	{"enabled":false,"offset":0,"onNewLineOnly":true,"style":"relative","transparent":false}	{"enabled":false,"offset":0,"onNewLineOnly":true,"style":"relative","transparent":false}	native_alternative_not_xml_conversion	CaseAndSetParityTests.Every_case_indent_targets_a_real_boundary	Native indent enabled/offset/onNewLineOnly/style at parsed syntax boundary; XML numeric Style not assumed
Case_IndentThenKeyword.Size	Integer	0	0	covered	case.thenKeywordIndent	{"enabled":false,"offset":0,"onNewLineOnly":true,"style":"relative","transparent":false}	{"enabled":false,"offset":0,"onNewLineOnly":true,"style":"relative","transparent":false}	native_alternative_not_xml_conversion	CaseAndSetParityTests.Every_case_indent_targets_a_real_boundary	Native indent enabled/offset/onNewLineOnly/style at parsed syntax boundary; XML numeric Style not assumed
Case_IndentWhenExpression.Indent	Boolean	true	true	covered	case.whenExpressionIndent	{"enabled":false,"offset":0,"onNewLineOnly":true,"style":"relative","transparent":false}	{"enabled":false,"offset":0,"onNewLineOnly":true,"style":"relative","transparent":false}	native_alternative_not_xml_conversion	CaseAndSetParityTests.Every_case_indent_targets_a_real_boundary	Native indent enabled/offset/onNewLineOnly/style at parsed syntax boundary; XML numeric Style not assumed
Case_IndentWhenExpression.OnNewLineOnly	Boolean	true	true	covered	case.whenExpressionIndent	{"enabled":false,"offset":0,"onNewLineOnly":true,"style":"relative","transparent":false}	{"enabled":false,"offset":0,"onNewLineOnly":true,"style":"relative","transparent":false}	native_alternative_not_xml_conversion	CaseAndSetParityTests.Every_case_indent_targets_a_real_boundary	Native indent enabled/offset/onNewLineOnly/style at parsed syntax boundary; XML numeric Style not assumed
Case_IndentWhenExpression.Size	Integer	0	5	covered	case.whenExpressionIndent	{"enabled":false,"offset":0,"onNewLineOnly":true,"style":"relative","transparent":false}	{"enabled":false,"offset":0,"onNewLineOnly":true,"style":"relative","transparent":false}	native_alternative_not_xml_conversion	CaseAndSetParityTests.Every_case_indent_targets_a_real_boundary	Native indent enabled/offset/onNewLineOnly/style at parsed syntax boundary; XML numeric Style not assumed
Case_IndentWhenKeyword.Indent	Boolean	true	true	covered	case.whenKeywordIndent	{"enabled":false,"offset":0,"onNewLineOnly":true,"style":"relative","transparent":false}	{"enabled":false,"offset":0,"onNewLineOnly":true,"style":"relative","transparent":false}	native_alternative_not_xml_conversion	CaseAndSetParityTests.Every_case_indent_targets_a_real_boundary	Native indent enabled/offset/onNewLineOnly/style at parsed syntax boundary; XML numeric Style not assumed
Case_IndentWhenKeyword.OnNewLineOnly	Boolean	true	true	covered	case.whenKeywordIndent	{"enabled":false,"offset":0,"onNewLineOnly":true,"style":"relative","transparent":false}	{"enabled":false,"offset":0,"onNewLineOnly":true,"style":"relative","transparent":false}	native_alternative_not_xml_conversion	CaseAndSetParityTests.Every_case_indent_targets_a_real_boundary	Native indent enabled/offset/onNewLineOnly/style at parsed syntax boundary; XML numeric Style not assumed
Case_IndentWhenKeyword.Size	Integer	0	5	covered	case.whenKeywordIndent	{"enabled":false,"offset":0,"onNewLineOnly":true,"style":"relative","transparent":false}	{"enabled":false,"offset":0,"onNewLineOnly":true,"style":"relative","transparent":false}	native_alternative_not_xml_conversion	CaseAndSetParityTests.Every_case_indent_targets_a_real_boundary	Native indent enabled/offset/onNewLineOnly/style at parsed syntax boundary; XML numeric Style not assumed
Case_IndentWrapConditionNestedOperations.Indent	Boolean	false	true	covered	case.nestedConditionIndent	{"enabled":false,"offset":0,"onNewLineOnly":true,"style":"relative","transparent":false}	{"enabled":false,"offset":0,"onNewLineOnly":true,"style":"relative","transparent":false}	native_alternative_not_xml_conversion	CaseAndSetParityTests.Every_case_indent_targets_a_real_boundary	Native indent enabled/offset/onNewLineOnly/style at parsed syntax boundary; XML numeric Style not assumed
Case_IndentWrapConditionNestedOperations.OnNewLineOnly	Boolean	true	true	covered	case.nestedConditionIndent	{"enabled":false,"offset":0,"onNewLineOnly":true,"style":"relative","transparent":false}	{"enabled":false,"offset":0,"onNewLineOnly":true,"style":"relative","transparent":false}	native_alternative_not_xml_conversion	CaseAndSetParityTests.Every_case_indent_targets_a_real_boundary	Native indent enabled/offset/onNewLineOnly/style at parsed syntax boundary; XML numeric Style not assumed
Case_IndentWrapConditionNestedOperations.Size	Integer	0	4	covered	case.nestedConditionIndent	{"enabled":false,"offset":0,"onNewLineOnly":true,"style":"relative","transparent":false}	{"enabled":false,"offset":0,"onNewLineOnly":true,"style":"relative","transparent":false}	native_alternative_not_xml_conversion	CaseAndSetParityTests.Every_case_indent_targets_a_real_boundary	Native indent enabled/offset/onNewLineOnly/style at parsed syntax boundary; XML numeric Style not assumed
Case_LineBreakAfterThenElse	Boolean	false	false	covered	case.breakAfterThenElse	"inherit"	"inherit"	native_alternative_not_xml_conversion	CaseAndSetParityTests.Case_boundaries_are_independent	Native inherit/always/never at parsed syntax boundary; XML Boolean maps to optional policy
Case_LineBreakBeforeCase	Boolean	true	false	covered	case.breakBeforeCase	"inherit"	"inherit"	native_alternative_not_xml_conversion	CaseAndSetParityTests.Case_boundaries_are_independent	Native inherit/always/never at parsed syntax boundary; XML Boolean maps to optional policy
Case_LineBreakBeforeEnd	Boolean	true	true	covered	case.breakBeforeEnd	"inherit"	"inherit"	native_alternative_not_xml_conversion	CaseAndSetParityTests.Case_boundaries_are_independent	Native inherit/always/never at parsed syntax boundary; XML Boolean maps to optional policy
Case_LineBreakBeforeInputExpression	Boolean	false	false	covered	case.breakBeforeInput	"inherit"	"inherit"	native_alternative_not_xml_conversion	CaseAndSetParityTests.Simple_case_input_has_a_separate_boundary	Native inherit/always/never at parsed syntax boundary; XML Boolean maps to optional policy
Case_LineBreakBeforeThen	Boolean	false	false	covered	case.breakBeforeThen	"inherit"	"inherit"	native_alternative_not_xml_conversion	CaseAndSetParityTests.Case_boundaries_are_independent	Native inherit/always/never at parsed syntax boundary; XML Boolean maps to optional policy
Case_LineBreakBeforeWhenElse	Boolean	true	true	covered	case.breakBeforeWhenElse	"inherit"	"inherit"	native_alternative_not_xml_conversion	CaseAndSetParityTests.Case_boundaries_are_independent	Native inherit/always/never at parsed syntax boundary; XML Boolean maps to optional policy
Case_WrapAfterOperatorMode	Integer	1	1	covered	case.wrapAfterOperator	"inherit"	"inherit"	native_alternative_not_xml_conversion	CaseAndSetParityTests.Searched_case_boolean_rules_change_only_condition_layout	Native inherit/always/never around parsed CASE AND/OR; XML numeric mode not assumed
Case_WrapBeforeOperatorMode	Integer	1	2	covered	case.wrapBeforeOperator	"inherit"	"inherit"	native_alternative_not_xml_conversion	CaseAndSetParityTests.Searched_case_boolean_rules_change_only_condition_layout	Native inherit/always/never around parsed CASE AND/OR; XML numeric mode not assumed
Case_WrapConditionMode	Integer	2	1	covered	case.wrapCondition	"inherit"	"inherit"	native_alternative_not_xml_conversion	CaseAndSetParityTests.Searched_case_boolean_rules_change_only_condition_layout	Native inherit/none/and/or/both on parsed CASE Boolean conditions; XML numeric mode not assumed
Code_AnonymousBlocks_AddEmptyLinesAround	Boolean	false	false	covered	code.block.blankLinesAround	false	false	native_alternative_not_xml_conversion	CodeParityTests.Blank_lines_surround_only_requested_constructs	Native scoped control-flow layout and lexical balanced transaction body; numeric XML modes not inferred
Code_AnonymousBlocks_IndentCode.Indent	Boolean	true	true	covered	code.block.bodyIndent	{"enabled":false,"offset":0,"onNewLineOnly":true,"style":"relative","transparent":false}	{"enabled":false,"offset":0,"onNewLineOnly":true,"style":"relative","transparent":false}	native_alternative_not_xml_conversion	CodeParityTests.Every_body_keyword_or_nested_indent_honors_native_fields	Native scoped control-flow layout and lexical balanced transaction body; numeric XML modes not inferred
Code_AnonymousBlocks_IndentCode.OnNewLineOnly	Boolean	true	true	covered	code.block.bodyIndent	{"enabled":false,"offset":0,"onNewLineOnly":true,"style":"relative","transparent":false}	{"enabled":false,"offset":0,"onNewLineOnly":true,"style":"relative","transparent":false}	native_alternative_not_xml_conversion	CodeParityTests.Every_body_keyword_or_nested_indent_honors_native_fields	Native scoped control-flow layout and lexical balanced transaction body; numeric XML modes not inferred
Code_AnonymousBlocks_IndentCode.Size	Integer	0	0	covered	code.block.bodyIndent	{"enabled":false,"offset":0,"onNewLineOnly":true,"style":"relative","transparent":false}	{"enabled":false,"offset":0,"onNewLineOnly":true,"style":"relative","transparent":false}	native_alternative_not_xml_conversion	CodeParityTests.Every_body_keyword_or_nested_indent_honors_native_fields	Native scoped control-flow layout and lexical balanced transaction body; numeric XML modes not inferred
Code_AnonymousBlocks_LineBreakBeforeBeginCatch	Boolean	true	true	covered	code.block.breakBeforeCatch	"inherit"	"inherit"	native_alternative_not_xml_conversion	CodeParityTests.Every_boundary_supports_distinct_modes	Native scoped control-flow layout and lexical balanced transaction body; numeric XML modes not inferred
Code_If_AddEmptyLinesAroundIfStatement	Boolean	false	false	covered	code.if.blankLinesAround	false	false	native_alternative_not_xml_conversion	CodeParityTests.Blank_lines_surround_only_requested_constructs	Native scoped control-flow layout and lexical balanced transaction body; numeric XML modes not inferred
Code_If_IndentBeginEndKeywords.Indent	Boolean	false	false	covered	code.if.keywordIndent	{"enabled":false,"offset":0,"onNewLineOnly":true,"style":"relative","transparent":false}	{"enabled":false,"offset":0,"onNewLineOnly":true,"style":"relative","transparent":false}	native_alternative_not_xml_conversion	CodeParityTests.Every_body_keyword_or_nested_indent_honors_native_fields	Native scoped control-flow layout and lexical balanced transaction body; numeric XML modes not inferred
Code_If_IndentBeginEndKeywords.OnNewLineOnly	Boolean	true	true	covered	code.if.keywordIndent	{"enabled":false,"offset":0,"onNewLineOnly":true,"style":"relative","transparent":false}	{"enabled":false,"offset":0,"onNewLineOnly":true,"style":"relative","transparent":false}	native_alternative_not_xml_conversion	CodeParityTests.Every_body_keyword_or_nested_indent_honors_native_fields	Native scoped control-flow layout and lexical balanced transaction body; numeric XML modes not inferred
Code_If_IndentBeginEndKeywords.Size	Integer	0	0	covered	code.if.keywordIndent	{"enabled":false,"offset":0,"onNewLineOnly":true,"style":"relative","transparent":false}	{"enabled":false,"offset":0,"onNewLineOnly":true,"style":"relative","transparent":false}	native_alternative_not_xml_conversion	CodeParityTests.Every_body_keyword_or_nested_indent_honors_native_fields	Native scoped control-flow layout and lexical balanced transaction body; numeric XML modes not inferred
Code_If_IndentCode.Indent	Boolean	true	true	covered	code.if.bodyIndent	{"enabled":false,"offset":0,"onNewLineOnly":true,"style":"relative","transparent":false}	{"enabled":false,"offset":0,"onNewLineOnly":true,"style":"relative","transparent":false}	native_alternative_not_xml_conversion	CodeParityTests.Every_body_keyword_or_nested_indent_honors_native_fields	Native scoped control-flow layout and lexical balanced transaction body; numeric XML modes not inferred
Code_If_IndentCode.OnNewLineOnly	Boolean	true	true	covered	code.if.bodyIndent	{"enabled":false,"offset":0,"onNewLineOnly":true,"style":"relative","transparent":false}	{"enabled":false,"offset":0,"onNewLineOnly":true,"style":"relative","transparent":false}	native_alternative_not_xml_conversion	CodeParityTests.Every_body_keyword_or_nested_indent_honors_native_fields	Native scoped control-flow layout and lexical balanced transaction body; numeric XML modes not inferred
Code_If_IndentCode.Size	Integer	0	0	covered	code.if.bodyIndent	{"enabled":false,"offset":0,"onNewLineOnly":true,"style":"relative","transparent":false}	{"enabled":false,"offset":0,"onNewLineOnly":true,"style":"relative","transparent":false}	native_alternative_not_xml_conversion	CodeParityTests.Every_body_keyword_or_nested_indent_honors_native_fields	Native scoped control-flow layout and lexical balanced transaction body; numeric XML modes not inferred
Code_If_IndentCondition.Indent	Boolean	true	false	covered	code.if.conditionIndent	{"enabled":false,"offset":0,"onNewLineOnly":true,"style":"relative","transparent":false}	{"enabled":false,"offset":0,"onNewLineOnly":true,"style":"relative","transparent":false}	native_alternative_not_xml_conversion	CodeParityTests.Condition_indents_and_boolean_wrapping_are_independent	Native scoped control-flow layout and lexical balanced transaction body; numeric XML modes not inferred
Code_If_IndentCondition.OnNewLineOnly	Boolean	true	true	covered	code.if.conditionIndent	{"enabled":false,"offset":0,"onNewLineOnly":true,"style":"relative","transparent":false}	{"enabled":false,"offset":0,"onNewLineOnly":true,"style":"relative","transparent":false}	native_alternative_not_xml_conversion	CodeParityTests.Condition_indents_and_boolean_wrapping_are_independent	Native scoped control-flow layout and lexical balanced transaction body; numeric XML modes not inferred
Code_If_IndentCondition.Size	Integer	0	0	covered	code.if.conditionIndent	{"enabled":false,"offset":0,"onNewLineOnly":true,"style":"relative","transparent":false}	{"enabled":false,"offset":0,"onNewLineOnly":true,"style":"relative","transparent":false}	native_alternative_not_xml_conversion	CodeParityTests.Condition_indents_and_boolean_wrapping_are_independent	Native scoped control-flow layout and lexical balanced transaction body; numeric XML modes not inferred
Code_If_IndentWrapConditionNestedOperations.Indent	Boolean	false	true	covered	code.if.nestedConditionIndent	{"enabled":false,"offset":0,"onNewLineOnly":true,"style":"relative","transparent":false}	{"enabled":false,"offset":0,"onNewLineOnly":true,"style":"relative","transparent":false}	native_alternative_not_xml_conversion	CodeParityTests.Every_body_keyword_or_nested_indent_honors_native_fields	Native scoped control-flow layout and lexical balanced transaction body; numeric XML modes not inferred
Code_If_IndentWrapConditionNestedOperations.OnNewLineOnly	Boolean	true	true	covered	code.if.nestedConditionIndent	{"enabled":false,"offset":0,"onNewLineOnly":true,"style":"relative","transparent":false}	{"enabled":false,"offset":0,"onNewLineOnly":true,"style":"relative","transparent":false}	native_alternative_not_xml_conversion	CodeParityTests.Every_body_keyword_or_nested_indent_honors_native_fields	Native scoped control-flow layout and lexical balanced transaction body; numeric XML modes not inferred
Code_If_IndentWrapConditionNestedOperations.Size	Integer	0	3	covered	code.if.nestedConditionIndent	{"enabled":false,"offset":0,"onNewLineOnly":true,"style":"relative","transparent":false}	{"enabled":false,"offset":0,"onNewLineOnly":true,"style":"relative","transparent":false}	native_alternative_not_xml_conversion	CodeParityTests.Every_body_keyword_or_nested_indent_honors_native_fields	Native scoped control-flow layout and lexical balanced transaction body; numeric XML modes not inferred
Code_If_LineBreakAfterCondition	Boolean	true	true	covered	code.if.breakAfterCondition	"inherit"	"inherit"	native_alternative_not_xml_conversion	CodeParityTests.Every_boundary_supports_distinct_modes	Native scoped control-flow layout and lexical balanced transaction body; numeric XML modes not inferred
Code_If_LineBreakAfterElse	Boolean	true	true	covered	code.if.breakAfterElse	"inherit"	"inherit"	native_alternative_not_xml_conversion	CodeParityTests.Every_boundary_supports_distinct_modes	Native scoped control-flow layout and lexical balanced transaction body; numeric XML modes not inferred
Code_If_LineBreakBeforeElse	Boolean	true	true	covered	code.if.breakBeforeElse	"inherit"	"inherit"	native_alternative_not_xml_conversion	CodeParityTests.Every_boundary_supports_distinct_modes	Native scoped control-flow layout and lexical balanced transaction body; numeric XML modes not inferred
Code_If_WrapAfterOperatorMode	Integer	1	1	covered	code.if.wrapAfterOperator	"inherit"	"inherit"	native_alternative_not_xml_conversion	CodeParityTests.Every_boundary_supports_distinct_modes	Native scoped control-flow layout and lexical balanced transaction body; numeric XML modes not inferred
Code_If_WrapBeforeOperatorMode	Integer	1	1	covered	code.if.wrapBeforeOperator	"inherit"	"inherit"	native_alternative_not_xml_conversion	CodeParityTests.Every_boundary_supports_distinct_modes	Native scoped control-flow layout and lexical balanced transaction body; numeric XML modes not inferred
Code_If_WrapConditionMode	Integer	1	1	covered	code.if.wrapCondition	"inherit"	"inherit"	native_alternative_not_xml_conversion	CodeParityTests.Condition_indents_and_boolean_wrapping_are_independent	Native scoped control-flow layout and lexical balanced transaction body; numeric XML modes not inferred
Code_LineBreakAfterBegin	Boolean	true	true	covered	code.breakAfterBegin	"inherit"	"inherit"	native_alternative_not_xml_conversion	CodeParityTests.Every_boundary_supports_distinct_modes	Native scoped control-flow layout and lexical balanced transaction body; numeric XML modes not inferred
Code_LineBreakBeforeEnd	Boolean	true	true	covered	code.breakBeforeEnd	"inherit"	"inherit"	native_alternative_not_xml_conversion	CodeParityTests.Every_boundary_supports_distinct_modes	Native scoped control-flow layout and lexical balanced transaction body; numeric XML modes not inferred
Code_PlaceEachStatementOnASeparateLine	Boolean	true	true	covered	code.separateStatements	"inherit"	"inherit"	native_alternative_not_xml_conversion	CodeParityTests.Every_boundary_supports_distinct_modes	Native scoped control-flow layout and lexical balanced transaction body; numeric XML modes not inferred
Code_Transaction_IndentTranBody.Indent	Boolean	false	false	covered	code.transaction.bodyIndent	{"enabled":false,"offset":0,"onNewLineOnly":true,"style":"relative","transparent":false}	{"enabled":false,"offset":0,"onNewLineOnly":true,"style":"relative","transparent":false}	native_alternative_not_xml_conversion	CodeParityTests.Every_body_keyword_or_nested_indent_honors_native_fields	Native scoped control-flow layout and lexical balanced transaction body; numeric XML modes not inferred
Code_Transaction_IndentTranBody.OnNewLineOnly	Boolean	true	true	covered	code.transaction.bodyIndent	{"enabled":false,"offset":0,"onNewLineOnly":true,"style":"relative","transparent":false}	{"enabled":false,"offset":0,"onNewLineOnly":true,"style":"relative","transparent":false}	native_alternative_not_xml_conversion	CodeParityTests.Every_body_keyword_or_nested_indent_honors_native_fields	Native scoped control-flow layout and lexical balanced transaction body; numeric XML modes not inferred
Code_Transaction_IndentTranBody.Size	Integer	0	0	covered	code.transaction.bodyIndent	{"enabled":false,"offset":0,"onNewLineOnly":true,"style":"relative","transparent":false}	{"enabled":false,"offset":0,"onNewLineOnly":true,"style":"relative","transparent":false}	native_alternative_not_xml_conversion	CodeParityTests.Every_body_keyword_or_nested_indent_honors_native_fields	Native scoped control-flow layout and lexical balanced transaction body; numeric XML modes not inferred
Code_While_AddEmptyLinesAround	Boolean	false	false	covered	code.while.blankLinesAround	false	false	native_alternative_not_xml_conversion	CodeParityTests.Blank_lines_surround_only_requested_constructs	Native scoped control-flow layout and lexical balanced transaction body; numeric XML modes not inferred
Code_While_IndentBeginEndKeywords.Indent	Boolean	false	false	covered	code.while.keywordIndent	{"enabled":false,"offset":0,"onNewLineOnly":true,"style":"relative","transparent":false}	{"enabled":false,"offset":0,"onNewLineOnly":true,"style":"relative","transparent":false}	native_alternative_not_xml_conversion	CodeParityTests.Every_body_keyword_or_nested_indent_honors_native_fields	Native scoped control-flow layout and lexical balanced transaction body; numeric XML modes not inferred
Code_While_IndentBeginEndKeywords.OnNewLineOnly	Boolean	true	true	covered	code.while.keywordIndent	{"enabled":false,"offset":0,"onNewLineOnly":true,"style":"relative","transparent":false}	{"enabled":false,"offset":0,"onNewLineOnly":true,"style":"relative","transparent":false}	native_alternative_not_xml_conversion	CodeParityTests.Every_body_keyword_or_nested_indent_honors_native_fields	Native scoped control-flow layout and lexical balanced transaction body; numeric XML modes not inferred
Code_While_IndentBeginEndKeywords.Size	Integer	0	0	covered	code.while.keywordIndent	{"enabled":false,"offset":0,"onNewLineOnly":true,"style":"relative","transparent":false}	{"enabled":false,"offset":0,"onNewLineOnly":true,"style":"relative","transparent":false}	native_alternative_not_xml_conversion	CodeParityTests.Every_body_keyword_or_nested_indent_honors_native_fields	Native scoped control-flow layout and lexical balanced transaction body; numeric XML modes not inferred
Code_While_IndentCode.Indent	Boolean	false	true	covered	code.while.bodyIndent	{"enabled":false,"offset":0,"onNewLineOnly":true,"style":"relative","transparent":false}	{"enabled":false,"offset":0,"onNewLineOnly":true,"style":"relative","transparent":false}	native_alternative_not_xml_conversion	CodeParityTests.Every_body_keyword_or_nested_indent_honors_native_fields	Native scoped control-flow layout and lexical balanced transaction body; numeric XML modes not inferred
Code_While_IndentCode.OnNewLineOnly	Boolean	true	true	covered	code.while.bodyIndent	{"enabled":false,"offset":0,"onNewLineOnly":true,"style":"relative","transparent":false}	{"enabled":false,"offset":0,"onNewLineOnly":true,"style":"relative","transparent":false}	native_alternative_not_xml_conversion	CodeParityTests.Every_body_keyword_or_nested_indent_honors_native_fields	Native scoped control-flow layout and lexical balanced transaction body; numeric XML modes not inferred
Code_While_IndentCode.Size	Integer	0	0	covered	code.while.bodyIndent	{"enabled":false,"offset":0,"onNewLineOnly":true,"style":"relative","transparent":false}	{"enabled":false,"offset":0,"onNewLineOnly":true,"style":"relative","transparent":false}	native_alternative_not_xml_conversion	CodeParityTests.Every_body_keyword_or_nested_indent_honors_native_fields	Native scoped control-flow layout and lexical balanced transaction body; numeric XML modes not inferred
Code_While_IndentCondition.Indent	Boolean	false	true	covered	code.while.conditionIndent	{"enabled":false,"offset":0,"onNewLineOnly":true,"style":"relative","transparent":false}	{"enabled":false,"offset":0,"onNewLineOnly":true,"style":"relative","transparent":false}	native_alternative_not_xml_conversion	CodeParityTests.Condition_indents_and_boolean_wrapping_are_independent	Native scoped control-flow layout and lexical balanced transaction body; numeric XML modes not inferred
Code_While_IndentCondition.OnNewLineOnly	Boolean	true	true	covered	code.while.conditionIndent	{"enabled":false,"offset":0,"onNewLineOnly":true,"style":"relative","transparent":false}	{"enabled":false,"offset":0,"onNewLineOnly":true,"style":"relative","transparent":false}	native_alternative_not_xml_conversion	CodeParityTests.Condition_indents_and_boolean_wrapping_are_independent	Native scoped control-flow layout and lexical balanced transaction body; numeric XML modes not inferred
Code_While_IndentCondition.Size	Integer	0	2	covered	code.while.conditionIndent	{"enabled":false,"offset":0,"onNewLineOnly":true,"style":"relative","transparent":false}	{"enabled":false,"offset":0,"onNewLineOnly":true,"style":"relative","transparent":false}	native_alternative_not_xml_conversion	CodeParityTests.Condition_indents_and_boolean_wrapping_are_independent	Native scoped control-flow layout and lexical balanced transaction body; numeric XML modes not inferred
Code_While_IndentWrapConditionNestedOperations.Indent	Boolean	false	true	covered	code.while.nestedConditionIndent	{"enabled":false,"offset":0,"onNewLineOnly":true,"style":"relative","transparent":false}	{"enabled":false,"offset":0,"onNewLineOnly":true,"style":"relative","transparent":false}	native_alternative_not_xml_conversion	CodeParityTests.Every_body_keyword_or_nested_indent_honors_native_fields	Native scoped control-flow layout and lexical balanced transaction body; numeric XML modes not inferred
Code_While_IndentWrapConditionNestedOperations.OnNewLineOnly	Boolean	true	true	covered	code.while.nestedConditionIndent	{"enabled":false,"offset":0,"onNewLineOnly":true,"style":"relative","transparent":false}	{"enabled":false,"offset":0,"onNewLineOnly":true,"style":"relative","transparent":false}	native_alternative_not_xml_conversion	CodeParityTests.Every_body_keyword_or_nested_indent_honors_native_fields	Native scoped control-flow layout and lexical balanced transaction body; numeric XML modes not inferred
Code_While_IndentWrapConditionNestedOperations.Size	Integer	0	2	covered	code.while.nestedConditionIndent	{"enabled":false,"offset":0,"onNewLineOnly":true,"style":"relative","transparent":false}	{"enabled":false,"offset":0,"onNewLineOnly":true,"style":"relative","transparent":false}	native_alternative_not_xml_conversion	CodeParityTests.Every_body_keyword_or_nested_indent_honors_native_fields	Native scoped control-flow layout and lexical balanced transaction body; numeric XML modes not inferred
Code_While_LineBreakAfterCondition	Boolean	true	true	covered	code.while.breakAfterCondition	"inherit"	"inherit"	native_alternative_not_xml_conversion	CodeParityTests.Every_boundary_supports_distinct_modes	Native scoped control-flow layout and lexical balanced transaction body; numeric XML modes not inferred
Code_While_WrapAfterOperatorMode	Integer	1	1	covered	code.while.wrapAfterOperator	"inherit"	"inherit"	native_alternative_not_xml_conversion	CodeParityTests.Every_boundary_supports_distinct_modes	Native scoped control-flow layout and lexical balanced transaction body; numeric XML modes not inferred
Code_While_WrapBeforeOperatorMode	Integer	1	1	covered	code.while.wrapBeforeOperator	"inherit"	"inherit"	native_alternative_not_xml_conversion	CodeParityTests.Every_boundary_supports_distinct_modes	Native scoped control-flow layout and lexical balanced transaction body; numeric XML modes not inferred
Code_While_WrapConditionMode	Integer	1	1	covered	code.while.wrapCondition	"inherit"	"inherit"	native_alternative_not_xml_conversion	CodeParityTests.Condition_indents_and_boolean_wrapping_are_independent	Native scoped control-flow layout and lexical balanced transaction body; numeric XML modes not inferred
CreateTable_AddEmptyLinesAroundStatement	Boolean	false	true	covered	createTable.blankLinesAround	false	false	native_alternative_not_xml_conversion	CreateTableParityTests.Blank_lines_and_storage_clauses_have_real_effects	Native AST-scoped CREATE TABLE definition and storage gap policies; XML numeric modes not inferred
CreateTable_IndentColumnList.Indent	Boolean	true	true	covered	createTable.columns.listIndent	{"enabled":false,"offset":0,"onNewLineOnly":true,"style":"relative","transparent":false}	{"enabled":false,"offset":0,"onNewLineOnly":true,"style":"relative","transparent":false}	native_alternative_not_xml_conversion	CreateTableParityTests.Every_indent_honors_native_fields	Native AST-scoped CREATE TABLE definition and storage gap policies; XML numeric modes not inferred
CreateTable_IndentColumnList.OnNewLineOnly	Boolean	true	true	covered	createTable.columns.listIndent	{"enabled":false,"offset":0,"onNewLineOnly":true,"style":"relative","transparent":false}	{"enabled":false,"offset":0,"onNewLineOnly":true,"style":"relative","transparent":false}	native_alternative_not_xml_conversion	CreateTableParityTests.Every_indent_honors_native_fields	Native AST-scoped CREATE TABLE definition and storage gap policies; XML numeric modes not inferred
CreateTable_IndentColumnList.Size	Integer	0	0	covered	createTable.columns.listIndent	{"enabled":false,"offset":0,"onNewLineOnly":true,"style":"relative","transparent":false}	{"enabled":false,"offset":0,"onNewLineOnly":true,"style":"relative","transparent":false}	native_alternative_not_xml_conversion	CreateTableParityTests.Every_indent_honors_native_fields	Native AST-scoped CREATE TABLE definition and storage gap policies; XML numeric modes not inferred
CreateTable_IndentColumnListBraces.Indent	Boolean	false	false	covered	createTable.columns.braceIndent	{"enabled":false,"offset":0,"onNewLineOnly":true,"style":"relative","transparent":false}	{"enabled":false,"offset":0,"onNewLineOnly":true,"style":"relative","transparent":false}	native_alternative_not_xml_conversion	CreateTableParityTests.Every_indent_honors_native_fields	Native AST-scoped CREATE TABLE definition and storage gap policies; XML numeric modes not inferred
CreateTable_IndentColumnListBraces.OnNewLineOnly	Boolean	true	true	covered	createTable.columns.braceIndent	{"enabled":false,"offset":0,"onNewLineOnly":true,"style":"relative","transparent":false}	{"enabled":false,"offset":0,"onNewLineOnly":true,"style":"relative","transparent":false}	native_alternative_not_xml_conversion	CreateTableParityTests.Every_indent_honors_native_fields	Native AST-scoped CREATE TABLE definition and storage gap policies; XML numeric modes not inferred
CreateTable_IndentColumnListBraces.Size	Integer	0	4	covered	createTable.columns.braceIndent	{"enabled":false,"offset":0,"onNewLineOnly":true,"style":"relative","transparent":false}	{"enabled":false,"offset":0,"onNewLineOnly":true,"style":"relative","transparent":false}	native_alternative_not_xml_conversion	CreateTableParityTests.Every_indent_honors_native_fields	Native AST-scoped CREATE TABLE definition and storage gap policies; XML numeric modes not inferred
CreateTable_IndentStorageOptions.Indent	Boolean	false	false	covered	createTable.storage.listIndent	{"enabled":false,"offset":0,"onNewLineOnly":true,"style":"relative","transparent":false}	{"enabled":false,"offset":0,"onNewLineOnly":true,"style":"relative","transparent":false}	native_alternative_not_xml_conversion	CreateTableParityTests.Every_indent_honors_native_fields	Native AST-scoped CREATE TABLE definition and storage gap policies; XML numeric modes not inferred
CreateTable_IndentStorageOptions.OnNewLineOnly	Boolean	true	true	covered	createTable.storage.listIndent	{"enabled":false,"offset":0,"onNewLineOnly":true,"style":"relative","transparent":false}	{"enabled":false,"offset":0,"onNewLineOnly":true,"style":"relative","transparent":false}	native_alternative_not_xml_conversion	CreateTableParityTests.Every_indent_honors_native_fields	Native AST-scoped CREATE TABLE definition and storage gap policies; XML numeric modes not inferred
CreateTable_IndentStorageOptions.Size	Integer	0	0	covered	createTable.storage.listIndent	{"enabled":false,"offset":0,"onNewLineOnly":true,"style":"relative","transparent":false}	{"enabled":false,"offset":0,"onNewLineOnly":true,"style":"relative","transparent":false}	native_alternative_not_xml_conversion	CreateTableParityTests.Every_indent_honors_native_fields	Native AST-scoped CREATE TABLE definition and storage gap policies; XML numeric modes not inferred
CreateTable_InsertSpaceBeforeColumnsList	Boolean	true	false	covered	createTable.columns.spaceBeforeOpen	"inherit"	"inherit"	native_alternative_not_xml_conversion	CreateTableParityTests.Spaces_are_scoped_to_definition_braces	Native AST-scoped CREATE TABLE definition and storage gap policies; XML numeric modes not inferred
CreateTable_InsertSpacesWithinColumnsListBraces	Boolean	false	true	covered	createTable.columns.spaceWithin	"inherit"	"inherit"	native_alternative_not_xml_conversion	CreateTableParityTests.Spaces_are_scoped_to_definition_braces	Native AST-scoped CREATE TABLE definition and storage gap policies; XML numeric modes not inferred
CreateTable_LineBreakAfterOpenBrace	Boolean	true	true	covered	createTable.columns.breakAfterOpen	"always"	"never"	native_alternative_not_xml_conversion	CreateTableParityTests.Every_boundary_supports_distinct_modes	Native AST-scoped CREATE TABLE definition and storage gap policies; XML numeric modes not inferred
CreateTable_LineBreakBeforeClosingBrace	Boolean	true	true	covered	createTable.columns.breakBeforeClose	"inherit"	"inherit"	native_alternative_not_xml_conversion	CreateTableParityTests.Every_boundary_supports_distinct_modes	Native AST-scoped CREATE TABLE definition and storage gap policies; XML numeric modes not inferred
CreateTable_LineBreakBeforeOpenBrace	Boolean	true	false	covered	createTable.columns.breakBeforeOpen	"inherit"	"inherit"	native_alternative_not_xml_conversion	CreateTableParityTests.Every_boundary_supports_distinct_modes	Native AST-scoped CREATE TABLE definition and storage gap policies; XML numeric modes not inferred
CreateTable_LineBreakBeforeStorageOptions	Boolean	false	false	covered	createTable.storage.breakBefore	"inherit"	"inherit"	native_alternative_not_xml_conversion	CreateTableParityTests.Every_boundary_supports_distinct_modes	Native AST-scoped CREATE TABLE definition and storage gap policies; XML numeric modes not inferred
CreateTable_StackColumnsList	Boolean	true	true	covered	createTable.columns.stackList	"on"	"off"	native_alternative_not_xml_conversion	CreateTableParityTests.Lists_stack_compact_auto_and_preserve_inner_commas	Native AST-scoped CREATE TABLE definition and storage gap policies; XML numeric modes not inferred
CreateTable_StackColumnsListStyle	Integer	2	2	covered	createTable.columns.stackMode	"onePerLine"	"onePerLine"	native_alternative_not_xml_conversion	CreateTableParityTests.Lists_stack_compact_auto_and_preserve_inner_commas	Native AST-scoped CREATE TABLE definition and storage gap policies; XML numeric modes not inferred
CreateTable_StackStorageOptions	Boolean	true	true	covered	createTable.storage.stackList	"on"	"off"	native_alternative_not_xml_conversion	CreateTableParityTests.Lists_stack_compact_auto_and_preserve_inner_commas	Native AST-scoped CREATE TABLE definition and storage gap policies; XML numeric modes not inferred
CreateTable_StackStorageOptionsMode	Integer	8	8	covered	createTable.storage.stackMode	"onePerLine"	"onePerLine"	native_alternative_not_xml_conversion	CreateTableParityTests.Lists_stack_compact_auto_and_preserve_inner_commas	Native AST-scoped CREATE TABLE definition and storage gap policies; XML numeric modes not inferred
Declare_Cursors_IndentCursorKeyword.Indent	Boolean	false	false	covered	declare.cursor.keywordIndent	{"enabled":false,"offset":0,"onNewLineOnly":true,"style":"relative","transparent":false}	{"enabled":false,"offset":0,"onNewLineOnly":true,"style":"relative","transparent":false}	native_alternative_not_xml_conversion	DeclareParityTests.Every_indent_supports_enabled_offset_newline_style_and_transparency	Native DECLARE variable/table/cursor boundaries, lists or compactness; XML numeric styles not inferred
Declare_Cursors_IndentCursorKeyword.OnNewLineOnly	Boolean	true	true	covered	declare.cursor.keywordIndent	{"enabled":false,"offset":0,"onNewLineOnly":true,"style":"relative","transparent":false}	{"enabled":false,"offset":0,"onNewLineOnly":true,"style":"relative","transparent":false}	native_alternative_not_xml_conversion	DeclareParityTests.Every_indent_supports_enabled_offset_newline_style_and_transparency	Native DECLARE variable/table/cursor boundaries, lists or compactness; XML numeric styles not inferred
Declare_Cursors_IndentCursorKeyword.Size	Integer	0	0	covered	declare.cursor.keywordIndent	{"enabled":false,"offset":0,"onNewLineOnly":true,"style":"relative","transparent":false}	{"enabled":false,"offset":0,"onNewLineOnly":true,"style":"relative","transparent":false}	native_alternative_not_xml_conversion	DeclareParityTests.Every_indent_supports_enabled_offset_newline_style_and_transparency	Native DECLARE variable/table/cursor boundaries, lists or compactness; XML numeric styles not inferred
Declare_Cursors_IndentForKeyword.Indent	Boolean	false	false	covered	declare.cursor.forIndent	{"enabled":false,"offset":0,"onNewLineOnly":true,"style":"relative","transparent":false}	{"enabled":false,"offset":0,"onNewLineOnly":true,"style":"relative","transparent":false}	native_alternative_not_xml_conversion	DeclareParityTests.Every_indent_supports_enabled_offset_newline_style_and_transparency	Native DECLARE variable/table/cursor boundaries, lists or compactness; XML numeric styles not inferred
Declare_Cursors_IndentForKeyword.OnNewLineOnly	Boolean	true	true	covered	declare.cursor.forIndent	{"enabled":false,"offset":0,"onNewLineOnly":true,"style":"relative","transparent":false}	{"enabled":false,"offset":0,"onNewLineOnly":true,"style":"relative","transparent":false}	native_alternative_not_xml_conversion	DeclareParityTests.Every_indent_supports_enabled_offset_newline_style_and_transparency	Native DECLARE variable/table/cursor boundaries, lists or compactness; XML numeric styles not inferred
Declare_Cursors_IndentForKeyword.Size	Integer	0	0	covered	declare.cursor.forIndent	{"enabled":false,"offset":0,"onNewLineOnly":true,"style":"relative","transparent":false}	{"enabled":false,"offset":0,"onNewLineOnly":true,"style":"relative","transparent":false}	native_alternative_not_xml_conversion	DeclareParityTests.Every_indent_supports_enabled_offset_newline_style_and_transparency	Native DECLARE variable/table/cursor boundaries, lists or compactness; XML numeric styles not inferred
Declare_Cursors_IndentSubquery.Indent	Boolean	false	false	covered	declare.cursor.queryIndent	{"enabled":false,"offset":0,"onNewLineOnly":true,"style":"relative","transparent":false}	{"enabled":false,"offset":0,"onNewLineOnly":true,"style":"relative","transparent":false}	native_alternative_not_xml_conversion	DeclareParityTests.Every_indent_supports_enabled_offset_newline_style_and_transparency	Native DECLARE variable/table/cursor boundaries, lists or compactness; XML numeric styles not inferred
Declare_Cursors_IndentSubquery.OnNewLineOnly	Boolean	true	true	covered	declare.cursor.queryIndent	{"enabled":false,"offset":0,"onNewLineOnly":true,"style":"relative","transparent":false}	{"enabled":false,"offset":0,"onNewLineOnly":true,"style":"relative","transparent":false}	native_alternative_not_xml_conversion	DeclareParityTests.Every_indent_supports_enabled_offset_newline_style_and_transparency	Native DECLARE variable/table/cursor boundaries, lists or compactness; XML numeric styles not inferred
Declare_Cursors_IndentSubquery.Size	Integer	0	0	covered	declare.cursor.queryIndent	{"enabled":false,"offset":0,"onNewLineOnly":true,"style":"relative","transparent":false}	{"enabled":false,"offset":0,"onNewLineOnly":true,"style":"relative","transparent":false}	native_alternative_not_xml_conversion	DeclareParityTests.Every_indent_supports_enabled_offset_newline_style_and_transparency	Native DECLARE variable/table/cursor boundaries, lists or compactness; XML numeric styles not inferred
Declare_Cursors_LineBreakBeforeCursor	Boolean	false	false	covered	declare.cursor.breakBefore	"inherit"	"inherit"	native_alternative_not_xml_conversion	DeclareParityTests.Every_boundary_supports_all_modes	Native DECLARE variable/table/cursor boundaries, lists or compactness; XML numeric styles not inferred
Declare_Cursors_LineBreakBeforeFor	Boolean	false	false	covered	declare.cursor.breakBeforeFor	"inherit"	"inherit"	native_alternative_not_xml_conversion	DeclareParityTests.Every_boundary_supports_all_modes	Native DECLARE variable/table/cursor boundaries, lists or compactness; XML numeric styles not inferred
Declare_Cursors_LineBreakBeforeSubquery	Boolean	false	false	covered	declare.cursor.breakBeforeQuery	"inherit"	"inherit"	native_alternative_not_xml_conversion	DeclareParityTests.Every_boundary_supports_all_modes	Native DECLARE variable/table/cursor boundaries, lists or compactness; XML numeric styles not inferred
Declare_Cursors_SingleLine_AnyQuery	Boolean	false	false	covered	declare.cursor.singleLine.any	false	false	native_alternative_not_xml_conversion	DeclareParityTests.Query_indent_shifts_all_lines_and_compaction_has_independent_thresholds	Native DECLARE variable/table/cursor boundaries, lists or compactness; XML numeric styles not inferred
Declare_Cursors_SingleLine_WhenQueryContainsLessThanXWords.Checked	Boolean	false	false	covered	declare.cursor.singleLine.maxWords	{"enabled":false,"value":10}	{"enabled":false,"value":10}	native_alternative_not_xml_conversion	DeclareParityTests.Query_indent_shifts_all_lines_and_compaction_has_independent_thresholds	Native DECLARE variable/table/cursor boundaries, lists or compactness; XML numeric styles not inferred
Declare_Cursors_SingleLine_WhenQueryContainsLessThanXWords.Value	Integer	10	10	covered	declare.cursor.singleLine.maxWords	{"enabled":false,"value":10}	{"enabled":false,"value":10}	native_alternative_not_xml_conversion	DeclareParityTests.Query_indent_shifts_all_lines_and_compaction_has_independent_thresholds	Native DECLARE variable/table/cursor boundaries, lists or compactness; XML numeric styles not inferred
Declare_Cursors_SingleLine_WhenQueryIsShorterThanXCharacters.Checked	Boolean	false	false	covered	declare.cursor.singleLine.maxCharacters	{"enabled":false,"value":50}	{"enabled":false,"value":50}	native_alternative_not_xml_conversion	DeclareParityTests.Query_indent_shifts_all_lines_and_compaction_has_independent_thresholds	Native DECLARE variable/table/cursor boundaries, lists or compactness; XML numeric styles not inferred
Declare_Cursors_SingleLine_WhenQueryIsShorterThanXCharacters.Value	Integer	50	50	covered	declare.cursor.singleLine.maxCharacters	{"enabled":false,"value":50}	{"enabled":false,"value":50}	native_alternative_not_xml_conversion	DeclareParityTests.Query_indent_shifts_all_lines_and_compaction_has_independent_thresholds	Native DECLARE variable/table/cursor boundaries, lists or compactness; XML numeric styles not inferred
Declare_Cursors_SingleLine_WhenRightMarginIsNotExceeded	Boolean	false	false	covered	declare.cursor.singleLine.whenFitsMargin	false	true	native_alternative_not_xml_conversion	DeclareParityTests.Query_indent_shifts_all_lines_and_compaction_has_independent_thresholds	Native DECLARE variable/table/cursor boundaries, lists or compactness; XML numeric styles not inferred
Declare_Variables_IndentDeclarations.Indent	Boolean	false	false	covered	declare.variables.listIndent	{"enabled":false,"offset":0,"onNewLineOnly":true,"style":"relative","transparent":false}	{"enabled":false,"offset":0,"onNewLineOnly":true,"style":"relative","transparent":false}	native_alternative_not_xml_conversion	DeclareParityTests.Every_indent_supports_enabled_offset_newline_style_and_transparency	Native DECLARE variable/table/cursor boundaries, lists or compactness; XML numeric styles not inferred
Declare_Variables_IndentDeclarations.OnNewLineOnly	Boolean	true	true	covered	declare.variables.listIndent	{"enabled":false,"offset":0,"onNewLineOnly":true,"style":"relative","transparent":false}	{"enabled":false,"offset":0,"onNewLineOnly":true,"style":"relative","transparent":false}	native_alternative_not_xml_conversion	DeclareParityTests.Every_indent_supports_enabled_offset_newline_style_and_transparency	Native DECLARE variable/table/cursor boundaries, lists or compactness; XML numeric styles not inferred
Declare_Variables_IndentDeclarations.Size	Integer	0	0	covered	declare.variables.listIndent	{"enabled":false,"offset":0,"onNewLineOnly":true,"style":"relative","transparent":false}	{"enabled":false,"offset":0,"onNewLineOnly":true,"style":"relative","transparent":false}	native_alternative_not_xml_conversion	DeclareParityTests.Every_indent_supports_enabled_offset_newline_style_and_transparency	Native DECLARE variable/table/cursor boundaries, lists or compactness; XML numeric styles not inferred
Declare_Variables_IndentTableKeyword.Indent	Boolean	false	false	covered	declare.variables.tableIndent	{"enabled":false,"offset":0,"onNewLineOnly":true,"style":"relative","transparent":false}	{"enabled":false,"offset":0,"onNewLineOnly":true,"style":"relative","transparent":false}	native_alternative_not_xml_conversion	DeclareParityTests.Every_indent_supports_enabled_offset_newline_style_and_transparency	Native DECLARE variable/table/cursor boundaries, lists or compactness; XML numeric styles not inferred
Declare_Variables_IndentTableKeyword.OnNewLineOnly	Boolean	true	true	covered	declare.variables.tableIndent	{"enabled":false,"offset":0,"onNewLineOnly":true,"style":"relative","transparent":false}	{"enabled":false,"offset":0,"onNewLineOnly":true,"style":"relative","transparent":false}	native_alternative_not_xml_conversion	DeclareParityTests.Every_indent_supports_enabled_offset_newline_style_and_transparency	Native DECLARE variable/table/cursor boundaries, lists or compactness; XML numeric styles not inferred
Declare_Variables_IndentTableKeyword.Size	Integer	0	0	covered	declare.variables.tableIndent	{"enabled":false,"offset":0,"onNewLineOnly":true,"style":"relative","transparent":false}	{"enabled":false,"offset":0,"onNewLineOnly":true,"style":"relative","transparent":false}	native_alternative_not_xml_conversion	DeclareParityTests.Every_indent_supports_enabled_offset_newline_style_and_transparency	Native DECLARE variable/table/cursor boundaries, lists or compactness; XML numeric styles not inferred
Declare_Variables_LineBreakAfterDeclare	Boolean	false	false	covered	declare.variables.breakAfter	"always"	"never"	native_alternative_not_xml_conversion	DeclareParityTests.Every_boundary_supports_all_modes	Native DECLARE variable/table/cursor boundaries, lists or compactness; XML numeric styles not inferred
Declare_Variables_LineBreakBeforeTableKeyword	Boolean	false	false	covered	declare.variables.breakBeforeTable	"inherit"	"inherit"	native_alternative_not_xml_conversion	DeclareParityTests.Every_boundary_supports_all_modes	Native DECLARE variable/table/cursor boundaries, lists or compactness; XML numeric styles not inferred
Declare_Variables_StackVariablesList	Boolean	true	true	covered	declare.variables.stackList	"on"	"off"	native_alternative_not_xml_conversion	DeclareParityTests.Variable_lists_preserve_alignment_when_vertical_and_compact_when_requested	Native DECLARE variable/table/cursor boundaries, lists or compactness; XML numeric styles not inferred
Declare_Variables_StackVariablesListStyle	Integer	2	2	covered	declare.variables.stackMode	"onePerLine"	"onePerLine"	native_alternative_not_xml_conversion	DeclareParityTests.Variable_lists_preserve_alignment_when_vertical_and_compact_when_requested	Native DECLARE variable/table/cursor boundaries, lists or compactness; XML numeric styles not inferred
Delete_From_IndentFromKeyword.Indent	Boolean	true	true	covered	delete.from.keywordIndent	{"enabled":false,"offset":0,"onNewLineOnly":true,"style":"relative","transparent":false}	{"enabled":false,"offset":0,"onNewLineOnly":true,"style":"relative","transparent":false}	native_alternative_not_xml_conversion	UpdateDeleteParityTests.Every_indent_targets_a_real_boundary_and_honors_enabled_offset_and_newline	Native indent enabled/offset/onNewLineOnly at parsed syntax boundary; offsets measured in configured indent units
Delete_From_IndentFromKeyword.OnNewLineOnly	Boolean	true	true	covered	delete.from.keywordIndent	{"enabled":false,"offset":0,"onNewLineOnly":true,"style":"relative","transparent":false}	{"enabled":false,"offset":0,"onNewLineOnly":true,"style":"relative","transparent":false}	native_alternative_not_xml_conversion	UpdateDeleteParityTests.Every_indent_targets_a_real_boundary_and_honors_enabled_offset_and_newline	Native indent enabled/offset/onNewLineOnly at parsed syntax boundary; offsets measured in configured indent units
Delete_From_IndentFromKeyword.Size	Integer	0	2	covered	delete.from.keywordIndent	{"enabled":false,"offset":0,"onNewLineOnly":true,"style":"relative","transparent":false}	{"enabled":false,"offset":0,"onNewLineOnly":true,"style":"relative","transparent":false}	native_alternative_not_xml_conversion	UpdateDeleteParityTests.Every_indent_targets_a_real_boundary_and_honors_enabled_offset_and_newline	Native indent enabled/offset/onNewLineOnly at parsed syntax boundary; offsets measured in configured indent units
Delete_From_IndentFromList.Indent	Boolean	false	true	covered	delete.from.listIndent	{"enabled":false,"offset":0,"onNewLineOnly":true,"style":"relative","transparent":false}	{"enabled":false,"offset":0,"onNewLineOnly":true,"style":"relative","transparent":false}	native_alternative_not_xml_conversion	UpdateDeleteParityTests.Every_indent_targets_a_real_boundary_and_honors_enabled_offset_and_newline	Native indent enabled/offset/onNewLineOnly at parsed syntax boundary; offsets measured in configured indent units
Delete_From_IndentFromList.OnNewLineOnly	Boolean	true	false	covered	delete.from.listIndent	{"enabled":false,"offset":0,"onNewLineOnly":true,"style":"relative","transparent":false}	{"enabled":false,"offset":0,"onNewLineOnly":true,"style":"relative","transparent":false}	native_alternative_not_xml_conversion	UpdateDeleteParityTests.Every_indent_targets_a_real_boundary_and_honors_enabled_offset_and_newline	Native indent enabled/offset/onNewLineOnly at parsed syntax boundary; offsets measured in configured indent units
Delete_From_IndentFromList.Size	Integer	0	10	covered	delete.from.listIndent	{"enabled":false,"offset":0,"onNewLineOnly":true,"style":"relative","transparent":false}	{"enabled":false,"offset":0,"onNewLineOnly":true,"style":"relative","transparent":false}	native_alternative_not_xml_conversion	UpdateDeleteParityTests.Every_indent_targets_a_real_boundary_and_honors_enabled_offset_and_newline	Native indent enabled/offset/onNewLineOnly at parsed syntax boundary; offsets measured in configured indent units
Delete_From_Join_IndentJoinKeyword.Indent	Boolean	false	true	covered	delete.join.keywordIndent	{"enabled":false,"offset":0,"onNewLineOnly":true,"style":"relative","transparent":false}	{"enabled":false,"offset":0,"onNewLineOnly":true,"style":"relative","transparent":false}	native_alternative_not_xml_conversion	UpdateDeleteParityTests.Every_indent_targets_a_real_boundary_and_honors_enabled_offset_and_newline	Native indent enabled/offset/onNewLineOnly at parsed syntax boundary; offsets measured in configured indent units
Delete_From_Join_IndentJoinKeyword.OnNewLineOnly	Boolean	true	true	covered	delete.join.keywordIndent	{"enabled":false,"offset":0,"onNewLineOnly":true,"style":"relative","transparent":false}	{"enabled":false,"offset":0,"onNewLineOnly":true,"style":"relative","transparent":false}	native_alternative_not_xml_conversion	UpdateDeleteParityTests.Every_indent_targets_a_real_boundary_and_honors_enabled_offset_and_newline	Native indent enabled/offset/onNewLineOnly at parsed syntax boundary; offsets measured in configured indent units
Delete_From_Join_IndentJoinKeyword.Size	Integer	0	4	covered	delete.join.keywordIndent	{"enabled":false,"offset":0,"onNewLineOnly":true,"style":"relative","transparent":false}	{"enabled":false,"offset":0,"onNewLineOnly":true,"style":"relative","transparent":false}	native_alternative_not_xml_conversion	UpdateDeleteParityTests.Every_indent_targets_a_real_boundary_and_honors_enabled_offset_and_newline	Native indent enabled/offset/onNewLineOnly at parsed syntax boundary; offsets measured in configured indent units
Delete_From_Join_IndentJoinKeyword.Style	Integer	-	4	covered	delete.join.keywordIndent	{"enabled":false,"offset":0,"onNewLineOnly":true,"style":"relative","transparent":false}	{"enabled":false,"offset":0,"onNewLineOnly":true,"style":"relative","transparent":false}	native_alternative_not_xml_conversion	UpdateDeleteParityTests.Nested_not_predicates_and_relative_absolute_transparent_indents_are_stable	Native relative/absolute style and transparent indentation; XML numeric Style not assumed
Delete_From_Join_IndentJoinKeyword.Transparent	Boolean	true	true	covered	delete.join.keywordIndent	{"enabled":false,"offset":0,"onNewLineOnly":true,"style":"relative","transparent":false}	{"enabled":false,"offset":0,"onNewLineOnly":true,"style":"relative","transparent":false}	native_alternative_not_xml_conversion	UpdateDeleteParityTests.Nested_not_predicates_and_relative_absolute_transparent_indents_are_stable	Native relative/absolute style and transparent indentation; XML numeric Style not assumed
Delete_From_Join_IndentOnCondition.Indent	Boolean	false	true	covered	delete.join.onConditionIndent	{"enabled":false,"offset":0,"onNewLineOnly":true,"style":"relative","transparent":false}	{"enabled":false,"offset":0,"onNewLineOnly":true,"style":"relative","transparent":false}	native_alternative_not_xml_conversion	UpdateDeleteParityTests.Every_indent_targets_a_real_boundary_and_honors_enabled_offset_and_newline	Native indent enabled/offset/onNewLineOnly at parsed syntax boundary; offsets measured in configured indent units
Delete_From_Join_IndentOnCondition.OnNewLineOnly	Boolean	true	true	covered	delete.join.onConditionIndent	{"enabled":false,"offset":0,"onNewLineOnly":true,"style":"relative","transparent":false}	{"enabled":false,"offset":0,"onNewLineOnly":true,"style":"relative","transparent":false}	native_alternative_not_xml_conversion	UpdateDeleteParityTests.Every_indent_targets_a_real_boundary_and_honors_enabled_offset_and_newline	Native indent enabled/offset/onNewLineOnly at parsed syntax boundary; offsets measured in configured indent units
Delete_From_Join_IndentOnCondition.Size	Integer	0	-1	covered	delete.join.onConditionIndent	{"enabled":false,"offset":0,"onNewLineOnly":true,"style":"relative","transparent":false}	{"enabled":false,"offset":0,"onNewLineOnly":true,"style":"relative","transparent":false}	native_alternative_not_xml_conversion	UpdateDeleteParityTests.Every_indent_targets_a_real_boundary_and_honors_enabled_offset_and_newline	Native indent enabled/offset/onNewLineOnly at parsed syntax boundary; offsets measured in configured indent units
Delete_From_Join_IndentOnKeyword.Indent	Boolean	true	true	covered	delete.join.onKeywordIndent	{"enabled":false,"offset":0,"onNewLineOnly":true,"style":"relative","transparent":false}	{"enabled":false,"offset":0,"onNewLineOnly":true,"style":"relative","transparent":false}	native_alternative_not_xml_conversion	UpdateDeleteParityTests.Every_indent_targets_a_real_boundary_and_honors_enabled_offset_and_newline	Native indent enabled/offset/onNewLineOnly at parsed syntax boundary; offsets measured in configured indent units
Delete_From_Join_IndentOnKeyword.OnNewLineOnly	Boolean	true	true	covered	delete.join.onKeywordIndent	{"enabled":false,"offset":0,"onNewLineOnly":true,"style":"relative","transparent":false}	{"enabled":false,"offset":0,"onNewLineOnly":true,"style":"relative","transparent":false}	native_alternative_not_xml_conversion	UpdateDeleteParityTests.Every_indent_targets_a_real_boundary_and_honors_enabled_offset_and_newline	Native indent enabled/offset/onNewLineOnly at parsed syntax boundary; offsets measured in configured indent units
Delete_From_Join_IndentOnKeyword.Size	Integer	0	2	covered	delete.join.onKeywordIndent	{"enabled":false,"offset":0,"onNewLineOnly":true,"style":"relative","transparent":false}	{"enabled":false,"offset":0,"onNewLineOnly":true,"style":"relative","transparent":false}	native_alternative_not_xml_conversion	UpdateDeleteParityTests.Every_indent_targets_a_real_boundary_and_honors_enabled_offset_and_newline	Native indent enabled/offset/onNewLineOnly at parsed syntax boundary; offsets measured in configured indent units
Delete_From_Join_IndentTableAfterJoin.Indent	Boolean	false	false	covered	delete.join.tableIndent	{"enabled":false,"offset":0,"onNewLineOnly":true,"style":"relative","transparent":false}	{"enabled":false,"offset":0,"onNewLineOnly":true,"style":"relative","transparent":false}	native_alternative_not_xml_conversion	UpdateDeleteParityTests.Every_indent_targets_a_real_boundary_and_honors_enabled_offset_and_newline	Native indent enabled/offset/onNewLineOnly at parsed syntax boundary; offsets measured in configured indent units
Delete_From_Join_IndentTableAfterJoin.OnNewLineOnly	Boolean	true	true	covered	delete.join.tableIndent	{"enabled":false,"offset":0,"onNewLineOnly":true,"style":"relative","transparent":false}	{"enabled":false,"offset":0,"onNewLineOnly":true,"style":"relative","transparent":false}	native_alternative_not_xml_conversion	UpdateDeleteParityTests.Every_indent_targets_a_real_boundary_and_honors_enabled_offset_and_newline	Native indent enabled/offset/onNewLineOnly at parsed syntax boundary; offsets measured in configured indent units
Delete_From_Join_IndentTableAfterJoin.Size	Integer	0	0	covered	delete.join.tableIndent	{"enabled":false,"offset":0,"onNewLineOnly":true,"style":"relative","transparent":false}	{"enabled":false,"offset":0,"onNewLineOnly":true,"style":"relative","transparent":false}	native_alternative_not_xml_conversion	UpdateDeleteParityTests.Every_indent_targets_a_real_boundary_and_honors_enabled_offset_and_newline	Native indent enabled/offset/onNewLineOnly at parsed syntax boundary; offsets measured in configured indent units
Delete_From_Join_IndentWrapConditionNestedOperations.Indent	Boolean	false	true	covered	delete.join.nestedConditionIndent	{"enabled":false,"offset":0,"onNewLineOnly":true,"style":"relative","transparent":false}	{"enabled":false,"offset":0,"onNewLineOnly":true,"style":"relative","transparent":false}	native_alternative_not_xml_conversion	UpdateDeleteParityTests.Every_indent_targets_a_real_boundary_and_honors_enabled_offset_and_newline	Native indent enabled/offset/onNewLineOnly at parsed syntax boundary; offsets measured in configured indent units
Delete_From_Join_IndentWrapConditionNestedOperations.OnNewLineOnly	Boolean	true	true	covered	delete.join.nestedConditionIndent	{"enabled":false,"offset":0,"onNewLineOnly":true,"style":"relative","transparent":false}	{"enabled":false,"offset":0,"onNewLineOnly":true,"style":"relative","transparent":false}	native_alternative_not_xml_conversion	UpdateDeleteParityTests.Every_indent_targets_a_real_boundary_and_honors_enabled_offset_and_newline	Native indent enabled/offset/onNewLineOnly at parsed syntax boundary; offsets measured in configured indent units
Delete_From_Join_IndentWrapConditionNestedOperations.Size	Integer	0	2	covered	delete.join.nestedConditionIndent	{"enabled":false,"offset":0,"onNewLineOnly":true,"style":"relative","transparent":false}	{"enabled":false,"offset":0,"onNewLineOnly":true,"style":"relative","transparent":false}	native_alternative_not_xml_conversion	UpdateDeleteParityTests.Every_indent_targets_a_real_boundary_and_honors_enabled_offset_and_newline	Native indent enabled/offset/onNewLineOnly at parsed syntax boundary; offsets measured in configured indent units
Delete_From_Join_LineBreakAfterJoin	Boolean	false	false	covered	delete.join.breakAfter	"inherit"	"inherit"	native_alternative_not_xml_conversion	UpdateDeleteParityTests.Every_boundary_offers_always_never_and_inherit	Native inherit/always/never whitespace boundary with AST scope; header FROM distinct from source FROM
Delete_From_Join_LineBreakAfterOn	Boolean	false	false	covered	delete.join.onBreakAfter	"inherit"	"inherit"	native_alternative_not_xml_conversion	UpdateDeleteParityTests.Every_boundary_offers_always_never_and_inherit	Native inherit/always/never whitespace boundary with AST scope; header FROM distinct from source FROM
Delete_From_Join_LineBreakBeforeJoin	Boolean	true	true	covered	delete.join.breakBefore	"inherit"	"inherit"	native_alternative_not_xml_conversion	UpdateDeleteParityTests.Every_boundary_offers_always_never_and_inherit	Native inherit/always/never whitespace boundary with AST scope; header FROM distinct from source FROM
Delete_From_Join_LineBreakBeforeOn	Boolean	true	true	covered	delete.join.onBreakBefore	"inherit"	"inherit"	native_alternative_not_xml_conversion	UpdateDeleteParityTests.Every_boundary_offers_always_never_and_inherit	Native inherit/always/never whitespace boundary with AST scope; header FROM distinct from source FROM
Delete_From_Join_WrapAfterOperatorMode	Integer	1	1	covered	delete.join.wrapAfterOperator	"inherit"	"inherit"	native_alternative_not_xml_conversion	UpdateDeleteParityTests.Boolean_modes_and_operator_sides_are_independent	Native inherit/none/and/or/both and independent inherit/always/never operator sides; XML numeric modes not assumed
Delete_From_Join_WrapBeforeOperatorMode	Integer	1	1	covered	delete.join.wrapBeforeOperator	"inherit"	"inherit"	native_alternative_not_xml_conversion	UpdateDeleteParityTests.Boolean_modes_and_operator_sides_are_independent	Native inherit/none/and/or/both and independent inherit/always/never operator sides; XML numeric modes not assumed
Delete_From_Join_WrapConditionMode	Integer	1	1	covered	delete.join.wrapCondition	"inherit"	"inherit"	native_alternative_not_xml_conversion	UpdateDeleteParityTests.Boolean_modes_and_operator_sides_are_independent	Native inherit/none/and/or/both and independent inherit/always/never operator sides; XML numeric modes not assumed
Delete_From_LineBreakAfterFrom	Boolean	false	false	covered	delete.from.breakAfter	"inherit"	"inherit"	native_alternative_not_xml_conversion	UpdateDeleteParityTests.Every_boundary_offers_always_never_and_inherit	Native inherit/always/never whitespace boundary with AST scope; header FROM distinct from source FROM
Delete_From_LineBreakBeforeFrom	Boolean	true	true	covered	delete.from.breakBefore	"inherit"	"inherit"	native_alternative_not_xml_conversion	UpdateDeleteParityTests.Every_boundary_offers_always_never_and_inherit	Native inherit/always/never whitespace boundary with AST scope; header FROM distinct from source FROM
Delete_From_StackFromList	Boolean	false	true	covered	delete.from.stackList	"on"	"off"	native_alternative_not_xml_conversion	UpdateDeleteParityTests.Each_list_supports_stacking_compaction_auto_and_global_commas	Native inherit/on/off list and onePerLine/auto modes with margin and global comma policy; XML numeric mode not assumed
Delete_From_StackFromListMode	Integer	1	1	covered	delete.from.stackMode	"onePerLine"	"onePerLine"	native_alternative_not_xml_conversion	UpdateDeleteParityTests.Each_list_supports_stacking_compaction_auto_and_global_commas	Native inherit/on/off list and onePerLine/auto modes with margin and global comma policy; XML numeric mode not assumed
Delete_From_UseSameFormattingAsInSelect	Boolean	false	false	covered	delete.from.useSelectFormatting	false	false	native_alternative_not_xml_conversion	UpdateDeleteParityTests.From_inheritance_uses_select_from_and_join_only_when_enabled	Native Boolean enables SELECT FROM/JOIN rules and ignores local FROM/JOIN overrides; WHERE remains independent
Delete_IndentFromKeyword.Indent	Boolean	false	false	covered	delete.target.fromKeywordIndent	{"enabled":false,"offset":0,"onNewLineOnly":true,"style":"relative","transparent":false}	{"enabled":false,"offset":0,"onNewLineOnly":true,"style":"relative","transparent":false}	native_alternative_not_xml_conversion	UpdateDeleteParityTests.Every_indent_targets_a_real_boundary_and_honors_enabled_offset_and_newline	Native indent enabled/offset/onNewLineOnly at parsed syntax boundary; offsets measured in configured indent units
Delete_IndentFromKeyword.OnNewLineOnly	Boolean	true	true	covered	delete.target.fromKeywordIndent	{"enabled":false,"offset":0,"onNewLineOnly":true,"style":"relative","transparent":false}	{"enabled":false,"offset":0,"onNewLineOnly":true,"style":"relative","transparent":false}	native_alternative_not_xml_conversion	UpdateDeleteParityTests.Every_indent_targets_a_real_boundary_and_honors_enabled_offset_and_newline	Native indent enabled/offset/onNewLineOnly at parsed syntax boundary; offsets measured in configured indent units
Delete_IndentFromKeyword.Size	Integer	0	0	covered	delete.target.fromKeywordIndent	{"enabled":false,"offset":0,"onNewLineOnly":true,"style":"relative","transparent":false}	{"enabled":false,"offset":0,"onNewLineOnly":true,"style":"relative","transparent":false}	native_alternative_not_xml_conversion	UpdateDeleteParityTests.Every_indent_targets_a_real_boundary_and_honors_enabled_offset_and_newline	Native indent enabled/offset/onNewLineOnly at parsed syntax boundary; offsets measured in configured indent units
Delete_IndentTable.Indent	Boolean	false	false	covered	delete.target.indent	{"enabled":false,"offset":0,"onNewLineOnly":true,"style":"relative","transparent":false}	{"enabled":false,"offset":0,"onNewLineOnly":true,"style":"relative","transparent":false}	native_alternative_not_xml_conversion	UpdateDeleteParityTests.Every_indent_targets_a_real_boundary_and_honors_enabled_offset_and_newline	Native indent enabled/offset/onNewLineOnly at parsed syntax boundary; offsets measured in configured indent units
Delete_IndentTable.OnNewLineOnly	Boolean	true	true	covered	delete.target.indent	{"enabled":false,"offset":0,"onNewLineOnly":true,"style":"relative","transparent":false}	{"enabled":false,"offset":0,"onNewLineOnly":true,"style":"relative","transparent":false}	native_alternative_not_xml_conversion	UpdateDeleteParityTests.Every_indent_targets_a_real_boundary_and_honors_enabled_offset_and_newline	Native indent enabled/offset/onNewLineOnly at parsed syntax boundary; offsets measured in configured indent units
Delete_IndentTable.Size	Integer	0	0	covered	delete.target.indent	{"enabled":false,"offset":0,"onNewLineOnly":true,"style":"relative","transparent":false}	{"enabled":false,"offset":0,"onNewLineOnly":true,"style":"relative","transparent":false}	native_alternative_not_xml_conversion	UpdateDeleteParityTests.Every_indent_targets_a_real_boundary_and_honors_enabled_offset_and_newline	Native indent enabled/offset/onNewLineOnly at parsed syntax boundary; offsets measured in configured indent units
Delete_LineBreakBeforeFrom	Boolean	false	false	covered	delete.target.breakBeforeFrom	"inherit"	"inherit"	native_alternative_not_xml_conversion	UpdateDeleteParityTests.Every_boundary_offers_always_never_and_inherit	Native inherit/always/never whitespace boundary with AST scope; header FROM distinct from source FROM
Delete_LineBreakBeforeMainTable	Boolean	false	false	covered	delete.target.breakBefore	"inherit"	"inherit"	native_alternative_not_xml_conversion	UpdateDeleteParityTests.Every_boundary_offers_always_never_and_inherit	Native inherit/always/never whitespace boundary with AST scope; header FROM distinct from source FROM
Delete_OptionHints_IndentOptionHints.Indent	Boolean	false	false	covered	delete.option.hintsIndent	{"enabled":false,"offset":0,"onNewLineOnly":true,"style":"relative","transparent":false}	{"enabled":false,"offset":0,"onNewLineOnly":true,"style":"relative","transparent":false}	native_alternative_not_xml_conversion	UpdateDeleteParityTests.Every_indent_targets_a_real_boundary_and_honors_enabled_offset_and_newline	Native indent enabled/offset/onNewLineOnly at parsed syntax boundary; offsets measured in configured indent units
Delete_OptionHints_IndentOptionHints.OnNewLineOnly	Boolean	true	true	covered	delete.option.hintsIndent	{"enabled":false,"offset":0,"onNewLineOnly":true,"style":"relative","transparent":false}	{"enabled":false,"offset":0,"onNewLineOnly":true,"style":"relative","transparent":false}	native_alternative_not_xml_conversion	UpdateDeleteParityTests.Every_indent_targets_a_real_boundary_and_honors_enabled_offset_and_newline	Native indent enabled/offset/onNewLineOnly at parsed syntax boundary; offsets measured in configured indent units
Delete_OptionHints_IndentOptionHints.Size	Integer	0	0	covered	delete.option.hintsIndent	{"enabled":false,"offset":0,"onNewLineOnly":true,"style":"relative","transparent":false}	{"enabled":false,"offset":0,"onNewLineOnly":true,"style":"relative","transparent":false}	native_alternative_not_xml_conversion	UpdateDeleteParityTests.Every_indent_targets_a_real_boundary_and_honors_enabled_offset_and_newline	Native indent enabled/offset/onNewLineOnly at parsed syntax boundary; offsets measured in configured indent units
Delete_OptionHints_IndentOptionKeyword.Indent	Boolean	false	false	covered	delete.option.keywordIndent	{"enabled":false,"offset":0,"onNewLineOnly":true,"style":"relative","transparent":false}	{"enabled":false,"offset":0,"onNewLineOnly":true,"style":"relative","transparent":false}	native_alternative_not_xml_conversion	UpdateDeleteParityTests.Every_indent_targets_a_real_boundary_and_honors_enabled_offset_and_newline	Native indent enabled/offset/onNewLineOnly at parsed syntax boundary; offsets measured in configured indent units
Delete_OptionHints_IndentOptionKeyword.OnNewLineOnly	Boolean	true	true	covered	delete.option.keywordIndent	{"enabled":false,"offset":0,"onNewLineOnly":true,"style":"relative","transparent":false}	{"enabled":false,"offset":0,"onNewLineOnly":true,"style":"relative","transparent":false}	native_alternative_not_xml_conversion	UpdateDeleteParityTests.Every_indent_targets_a_real_boundary_and_honors_enabled_offset_and_newline	Native indent enabled/offset/onNewLineOnly at parsed syntax boundary; offsets measured in configured indent units
Delete_OptionHints_IndentOptionKeyword.Size	Integer	0	0	covered	delete.option.keywordIndent	{"enabled":false,"offset":0,"onNewLineOnly":true,"style":"relative","transparent":false}	{"enabled":false,"offset":0,"onNewLineOnly":true,"style":"relative","transparent":false}	native_alternative_not_xml_conversion	UpdateDeleteParityTests.Every_indent_targets_a_real_boundary_and_honors_enabled_offset_and_newline	Native indent enabled/offset/onNewLineOnly at parsed syntax boundary; offsets measured in configured indent units
Delete_OptionHints_LineBreakAfterOption	Boolean	false	false	covered	delete.option.breakAfter	"inherit"	"inherit"	native_alternative_not_xml_conversion	UpdateDeleteParityTests.Every_boundary_offers_always_never_and_inherit	Native inherit/always/never whitespace boundary with AST scope; header FROM distinct from source FROM
Delete_OptionHints_LineBreakBeforeOption	Boolean	true	true	covered	delete.option.breakBefore	"inherit"	"inherit"	native_alternative_not_xml_conversion	UpdateDeleteParityTests.Every_boundary_offers_always_never_and_inherit	Native inherit/always/never whitespace boundary with AST scope; header FROM distinct from source FROM
Delete_OutputClause_IndentOutputKeyword.Indent	Boolean	false	false	covered	delete.output.keywordIndent	{"enabled":false,"offset":0,"onNewLineOnly":true,"style":"relative","transparent":false}	{"enabled":false,"offset":0,"onNewLineOnly":true,"style":"relative","transparent":false}	native_alternative_not_xml_conversion	UpdateDeleteParityTests.Every_indent_targets_a_real_boundary_and_honors_enabled_offset_and_newline	Native indent enabled/offset/onNewLineOnly at parsed syntax boundary; offsets measured in configured indent units
Delete_OutputClause_IndentOutputKeyword.OnNewLineOnly	Boolean	true	true	covered	delete.output.keywordIndent	{"enabled":false,"offset":0,"onNewLineOnly":true,"style":"relative","transparent":false}	{"enabled":false,"offset":0,"onNewLineOnly":true,"style":"relative","transparent":false}	native_alternative_not_xml_conversion	UpdateDeleteParityTests.Every_indent_targets_a_real_boundary_and_honors_enabled_offset_and_newline	Native indent enabled/offset/onNewLineOnly at parsed syntax boundary; offsets measured in configured indent units
Delete_OutputClause_IndentOutputKeyword.Size	Integer	0	0	covered	delete.output.keywordIndent	{"enabled":false,"offset":0,"onNewLineOnly":true,"style":"relative","transparent":false}	{"enabled":false,"offset":0,"onNewLineOnly":true,"style":"relative","transparent":false}	native_alternative_not_xml_conversion	UpdateDeleteParityTests.Every_indent_targets_a_real_boundary_and_honors_enabled_offset_and_newline	Native indent enabled/offset/onNewLineOnly at parsed syntax boundary; offsets measured in configured indent units
Delete_OutputClause_IndentOutputParameters.Indent	Boolean	false	false	covered	delete.output.listIndent	{"enabled":false,"offset":0,"onNewLineOnly":true,"style":"relative","transparent":false}	{"enabled":false,"offset":0,"onNewLineOnly":true,"style":"relative","transparent":false}	native_alternative_not_xml_conversion	UpdateDeleteParityTests.Every_indent_targets_a_real_boundary_and_honors_enabled_offset_and_newline	Native indent enabled/offset/onNewLineOnly at parsed syntax boundary; offsets measured in configured indent units
Delete_OutputClause_IndentOutputParameters.OnNewLineOnly	Boolean	true	true	covered	delete.output.listIndent	{"enabled":false,"offset":0,"onNewLineOnly":true,"style":"relative","transparent":false}	{"enabled":false,"offset":0,"onNewLineOnly":true,"style":"relative","transparent":false}	native_alternative_not_xml_conversion	UpdateDeleteParityTests.Every_indent_targets_a_real_boundary_and_honors_enabled_offset_and_newline	Native indent enabled/offset/onNewLineOnly at parsed syntax boundary; offsets measured in configured indent units
Delete_OutputClause_IndentOutputParameters.Size	Integer	0	0	covered	delete.output.listIndent	{"enabled":false,"offset":0,"onNewLineOnly":true,"style":"relative","transparent":false}	{"enabled":false,"offset":0,"onNewLineOnly":true,"style":"relative","transparent":false}	native_alternative_not_xml_conversion	UpdateDeleteParityTests.Every_indent_targets_a_real_boundary_and_honors_enabled_offset_and_newline	Native indent enabled/offset/onNewLineOnly at parsed syntax boundary; offsets measured in configured indent units
Delete_OutputClause_LineBreakAfterOutput	Boolean	false	false	covered	delete.output.breakAfter	"inherit"	"inherit"	native_alternative_not_xml_conversion	UpdateDeleteParityTests.Every_boundary_offers_always_never_and_inherit	Native inherit/always/never whitespace boundary with AST scope; header FROM distinct from source FROM
Delete_OutputClause_LineBreakBeforeOutput	Boolean	true	true	covered	delete.output.breakBefore	"inherit"	"inherit"	native_alternative_not_xml_conversion	UpdateDeleteParityTests.Every_boundary_offers_always_never_and_inherit	Native inherit/always/never whitespace boundary with AST scope; header FROM distinct from source FROM
Delete_OutputClause_StackDmlColumnsList	Boolean	false	true	covered	delete.output.stackList	"on"	"off"	native_alternative_not_xml_conversion	UpdateDeleteParityTests.Each_list_supports_stacking_compaction_auto_and_global_commas	Native inherit/on/off list and onePerLine/auto modes with margin and global comma policy; XML numeric mode not assumed
Delete_OutputClause_StackDmlColumnsListMode	Integer	1	1	covered	delete.output.stackMode	"onePerLine"	"onePerLine"	native_alternative_not_xml_conversion	UpdateDeleteParityTests.Each_list_supports_stacking_compaction_auto_and_global_commas	Native inherit/on/off list and onePerLine/auto modes with margin and global comma policy; XML numeric mode not assumed
Delete_Where_IndentWhereCondition.Indent	Boolean	true	true	covered	delete.where.conditionIndent	{"enabled":false,"offset":0,"onNewLineOnly":true,"style":"relative","transparent":false}	{"enabled":false,"offset":0,"onNewLineOnly":true,"style":"relative","transparent":false}	native_alternative_not_xml_conversion	UpdateDeleteParityTests.Every_indent_targets_a_real_boundary_and_honors_enabled_offset_and_newline	Native indent enabled/offset/onNewLineOnly at parsed syntax boundary; offsets measured in configured indent units
Delete_Where_IndentWhereCondition.OnNewLineOnly	Boolean	true	false	covered	delete.where.conditionIndent	{"enabled":false,"offset":0,"onNewLineOnly":true,"style":"relative","transparent":false}	{"enabled":false,"offset":0,"onNewLineOnly":true,"style":"relative","transparent":false}	native_alternative_not_xml_conversion	UpdateDeleteParityTests.Every_indent_targets_a_real_boundary_and_honors_enabled_offset_and_newline	Native indent enabled/offset/onNewLineOnly at parsed syntax boundary; offsets measured in configured indent units
Delete_Where_IndentWhereCondition.Size	Integer	0	2	covered	delete.where.conditionIndent	{"enabled":false,"offset":0,"onNewLineOnly":true,"style":"relative","transparent":false}	{"enabled":false,"offset":0,"onNewLineOnly":true,"style":"relative","transparent":false}	native_alternative_not_xml_conversion	UpdateDeleteParityTests.Every_indent_targets_a_real_boundary_and_honors_enabled_offset_and_newline	Native indent enabled/offset/onNewLineOnly at parsed syntax boundary; offsets measured in configured indent units
Delete_Where_IndentWhereKeyword.Indent	Boolean	false	true	covered	delete.where.keywordIndent	{"enabled":false,"offset":0,"onNewLineOnly":true,"style":"relative","transparent":false}	{"enabled":false,"offset":0,"onNewLineOnly":true,"style":"relative","transparent":false}	native_alternative_not_xml_conversion	UpdateDeleteParityTests.Every_indent_targets_a_real_boundary_and_honors_enabled_offset_and_newline	Native indent enabled/offset/onNewLineOnly at parsed syntax boundary; offsets measured in configured indent units
Delete_Where_IndentWhereKeyword.OnNewLineOnly	Boolean	true	true	covered	delete.where.keywordIndent	{"enabled":false,"offset":0,"onNewLineOnly":true,"style":"relative","transparent":false}	{"enabled":false,"offset":0,"onNewLineOnly":true,"style":"relative","transparent":false}	native_alternative_not_xml_conversion	UpdateDeleteParityTests.Every_indent_targets_a_real_boundary_and_honors_enabled_offset_and_newline	Native indent enabled/offset/onNewLineOnly at parsed syntax boundary; offsets measured in configured indent units
Delete_Where_IndentWhereKeyword.Size	Integer	0	1	covered	delete.where.keywordIndent	{"enabled":false,"offset":0,"onNewLineOnly":true,"style":"relative","transparent":false}	{"enabled":false,"offset":0,"onNewLineOnly":true,"style":"relative","transparent":false}	native_alternative_not_xml_conversion	UpdateDeleteParityTests.Every_indent_targets_a_real_boundary_and_honors_enabled_offset_and_newline	Native indent enabled/offset/onNewLineOnly at parsed syntax boundary; offsets measured in configured indent units
Delete_Where_IndentWrapConditionNestedOperations.Indent	Boolean	false	true	covered	delete.where.nestedConditionIndent	{"enabled":false,"offset":0,"onNewLineOnly":true,"style":"relative","transparent":false}	{"enabled":false,"offset":0,"onNewLineOnly":true,"style":"relative","transparent":false}	native_alternative_not_xml_conversion	UpdateDeleteParityTests.Every_indent_targets_a_real_boundary_and_honors_enabled_offset_and_newline	Native indent enabled/offset/onNewLineOnly at parsed syntax boundary; offsets measured in configured indent units
Delete_Where_IndentWrapConditionNestedOperations.OnNewLineOnly	Boolean	true	true	covered	delete.where.nestedConditionIndent	{"enabled":false,"offset":0,"onNewLineOnly":true,"style":"relative","transparent":false}	{"enabled":false,"offset":0,"onNewLineOnly":true,"style":"relative","transparent":false}	native_alternative_not_xml_conversion	UpdateDeleteParityTests.Every_indent_targets_a_real_boundary_and_honors_enabled_offset_and_newline	Native indent enabled/offset/onNewLineOnly at parsed syntax boundary; offsets measured in configured indent units
Delete_Where_IndentWrapConditionNestedOperations.Size	Integer	0	2	covered	delete.where.nestedConditionIndent	{"enabled":false,"offset":0,"onNewLineOnly":true,"style":"relative","transparent":false}	{"enabled":false,"offset":0,"onNewLineOnly":true,"style":"relative","transparent":false}	native_alternative_not_xml_conversion	UpdateDeleteParityTests.Every_indent_targets_a_real_boundary_and_honors_enabled_offset_and_newline	Native indent enabled/offset/onNewLineOnly at parsed syntax boundary; offsets measured in configured indent units
Delete_Where_LineBreakAfterWhere	Boolean	false	false	covered	delete.where.breakAfter	"inherit"	"inherit"	native_alternative_not_xml_conversion	UpdateDeleteParityTests.Every_boundary_offers_always_never_and_inherit	Native inherit/always/never whitespace boundary with AST scope; header FROM distinct from source FROM
Delete_Where_LineBreakBeforeWhere	Boolean	true	true	covered	delete.where.breakBefore	"inherit"	"inherit"	native_alternative_not_xml_conversion	UpdateDeleteParityTests.Every_boundary_offers_always_never_and_inherit	Native inherit/always/never whitespace boundary with AST scope; header FROM distinct from source FROM
Delete_Where_WrapAfterOperatorMode	Integer	1	1	covered	delete.where.wrapAfterOperator	"inherit"	"inherit"	native_alternative_not_xml_conversion	UpdateDeleteParityTests.Boolean_modes_and_operator_sides_are_independent	Native inherit/none/and/or/both and independent inherit/always/never operator sides; XML numeric modes not assumed
Delete_Where_WrapBeforeOperatorMode	Integer	1	1	covered	delete.where.wrapBeforeOperator	"inherit"	"inherit"	native_alternative_not_xml_conversion	UpdateDeleteParityTests.Boolean_modes_and_operator_sides_are_independent	Native inherit/none/and/or/both and independent inherit/always/never operator sides; XML numeric modes not assumed
Delete_Where_WrapConditionMode	Integer	1	1	covered	delete.where.wrapCondition	"inherit"	"inherit"	native_alternative_not_xml_conversion	UpdateDeleteParityTests.Boolean_modes_and_operator_sides_are_independent	Native inherit/none/and/or/both and independent inherit/always/never operator sides; XML numeric modes not assumed
Execute_IndentParameters.Indent	Boolean	false	false	covered	execute.parameters.listIndent	{"enabled":false,"offset":0,"onNewLineOnly":true,"style":"relative","transparent":false}	{"enabled":false,"offset":0,"onNewLineOnly":true,"style":"relative","transparent":false}	native_alternative_not_xml_conversion	ExecuteLabelParityTests.Indents_honor_enabled_offset_newline_style_and_transparency	Native EXECUTE parameter list or label/next-statement boundary; relative/absolute label indent, XML numeric style not inferred
Execute_IndentParameters.OnNewLineOnly	Boolean	true	true	covered	execute.parameters.listIndent	{"enabled":false,"offset":0,"onNewLineOnly":true,"style":"relative","transparent":false}	{"enabled":false,"offset":0,"onNewLineOnly":true,"style":"relative","transparent":false}	native_alternative_not_xml_conversion	ExecuteLabelParityTests.Indents_honor_enabled_offset_newline_style_and_transparency	Native EXECUTE parameter list or label/next-statement boundary; relative/absolute label indent, XML numeric style not inferred
Execute_IndentParameters.Size	Integer	0	0	covered	execute.parameters.listIndent	{"enabled":false,"offset":0,"onNewLineOnly":true,"style":"relative","transparent":false}	{"enabled":false,"offset":0,"onNewLineOnly":true,"style":"relative","transparent":false}	native_alternative_not_xml_conversion	ExecuteLabelParityTests.Indents_honor_enabled_offset_newline_style_and_transparency	Native EXECUTE parameter list or label/next-statement boundary; relative/absolute label indent, XML numeric style not inferred
Execute_LineBreakBeforeParametersList	Boolean	false	false	covered	execute.parameters.breakBefore	"always"	"never"	native_alternative_not_xml_conversion	ExecuteLabelParityTests.Boundaries_have_distinct_modes	Native EXECUTE parameter list or label/next-statement boundary; relative/absolute label indent, XML numeric style not inferred
Execute_StackParametersList	Boolean	true	true	covered	execute.parameters.stackList	"on"	"off"	native_alternative_not_xml_conversion	ExecuteLabelParityTests.Execute_lists_support_all_modes_and_do_not_rewrite_dynamic_sql_literals	Native EXECUTE parameter list or label/next-statement boundary; relative/absolute label indent, XML numeric style not inferred
Execute_StackParametersListMode	Integer	8	1	covered	execute.parameters.stackMode	"onePerLine"	"onePerLine"	native_alternative_not_xml_conversion	ExecuteLabelParityTests.Execute_lists_support_all_modes_and_do_not_rewrite_dynamic_sql_literals	Native EXECUTE parameter list or label/next-statement boundary; relative/absolute label indent, XML numeric style not inferred
Insert_ColumnList_IndentColumnList.Indent	Boolean	false	false	covered	insert.columns.listIndent	{"enabled":false,"offset":0,"onNewLineOnly":true,"style":"relative","transparent":false}	{"enabled":false,"offset":0,"onNewLineOnly":true,"style":"relative","transparent":false}	native_alternative_not_xml_conversion	InsertParityTests.Indentation_changes_its_own_boundary	Native local indent enabled/offset/onNewLineOnly; statement or list anchor; source indent shifts its complete SELECT body
Insert_ColumnList_IndentColumnList.OnNewLineOnly	Boolean	true	true	covered	insert.columns.listIndent	{"enabled":false,"offset":0,"onNewLineOnly":true,"style":"relative","transparent":false}	{"enabled":false,"offset":0,"onNewLineOnly":true,"style":"relative","transparent":false}	native_alternative_not_xml_conversion	InsertParityTests.Indentation_changes_its_own_boundary	Native local indent enabled/offset/onNewLineOnly; statement or list anchor; source indent shifts its complete SELECT body
Insert_ColumnList_IndentColumnList.Size	Integer	0	0	covered	insert.columns.listIndent	{"enabled":false,"offset":0,"onNewLineOnly":true,"style":"relative","transparent":false}	{"enabled":false,"offset":0,"onNewLineOnly":true,"style":"relative","transparent":false}	native_alternative_not_xml_conversion	InsertParityTests.Indentation_changes_its_own_boundary	Native local indent enabled/offset/onNewLineOnly; statement or list anchor; source indent shifts its complete SELECT body
Insert_ColumnList_IndentColumnListBraces.Indent	Boolean	false	true	covered	insert.columns.braceIndent	{"enabled":false,"offset":0,"onNewLineOnly":true,"style":"relative","transparent":false}	{"enabled":false,"offset":0,"onNewLineOnly":true,"style":"relative","transparent":false}	native_alternative_not_xml_conversion	InsertParityTests.Indentation_changes_its_own_boundary	Native local indent enabled/offset/onNewLineOnly; statement or list anchor; source indent shifts its complete SELECT body
Insert_ColumnList_IndentColumnListBraces.OnNewLineOnly	Boolean	true	true	covered	insert.columns.braceIndent	{"enabled":false,"offset":0,"onNewLineOnly":true,"style":"relative","transparent":false}	{"enabled":false,"offset":0,"onNewLineOnly":true,"style":"relative","transparent":false}	native_alternative_not_xml_conversion	InsertParityTests.Indentation_changes_its_own_boundary	Native local indent enabled/offset/onNewLineOnly; statement or list anchor; source indent shifts its complete SELECT body
Insert_ColumnList_IndentColumnListBraces.Size	Integer	0	7	covered	insert.columns.braceIndent	{"enabled":false,"offset":0,"onNewLineOnly":true,"style":"relative","transparent":false}	{"enabled":false,"offset":0,"onNewLineOnly":true,"style":"relative","transparent":false}	native_alternative_not_xml_conversion	InsertParityTests.Indentation_changes_its_own_boundary	Native local indent enabled/offset/onNewLineOnly; statement or list anchor; source indent shifts its complete SELECT body
Insert_ColumnList_InsertSpaceBeforeColumnsList	Boolean	true	true	covered	insert.columns.spaceBeforeOpen	"inherit"	"inherit"	native_alternative_not_xml_conversion	InsertParityTests.Local_spaces_do_not_change_other_parentheses	Native inherit/insert/remove on inline gaps only; explicit newlines take precedence
Insert_ColumnList_InsertSpacesWithinColumnsListBraces	Boolean	false	false	covered	insert.columns.spaceWithin	"inherit"	"inherit"	native_alternative_not_xml_conversion	InsertParityTests.Local_spaces_do_not_change_other_parentheses	Native inherit/insert/remove on inline gaps only; explicit newlines take precedence
Insert_ColumnList_LineBreakAfterOpenBrace	Boolean	false	true	covered	insert.columns.breakAfterOpen	"inherit"	"inherit"	native_alternative_not_xml_conversion	InsertParityTests.Boundaries_offer_distinct_always_and_never_policies	Native inherit/always/never at AST-identified INSERT boundary; comments are not crossed
Insert_ColumnList_LineBreakBeforeClosingBrace	Boolean	false	false	covered	insert.columns.breakBeforeClose	"inherit"	"inherit"	native_alternative_not_xml_conversion	InsertParityTests.Boundaries_offer_distinct_always_and_never_policies	Native inherit/always/never at AST-identified INSERT boundary; comments are not crossed
Insert_ColumnList_LineBreakBeforeOpenBrace	Boolean	false	false	covered	insert.columns.breakBeforeOpen	"inherit"	"inherit"	native_alternative_not_xml_conversion	InsertParityTests.Boundaries_offer_distinct_always_and_never_policies	Native inherit/always/never at AST-identified INSERT boundary; comments are not crossed
Insert_ColumnList_StackColumnsList	Boolean	false	true	covered	insert.columns.stackList	"on"	"off"	native_alternative_not_xml_conversion	InsertParityTests.Each_list_can_be_stacked_compact_or_automatic	Native inherit/on/off list policy; INSERT-scoped lists and row separators are independent
Insert_ColumnList_StackColumnsListMode	Integer	1	1	covered	insert.columns.stackMode	"onePerLine"	"onePerLine"	native_alternative_not_xml_conversion	InsertParityTests.Each_list_can_be_stacked_compact_or_automatic	Native onePerLine/auto list policy; XML numeric mode not assumed or imported
Insert_Into_IndentIntoKeyword.Indent	Boolean	false	false	covered	insert.into.keywordIndent	{"enabled":false,"offset":0,"onNewLineOnly":true,"style":"relative","transparent":false}	{"enabled":false,"offset":0,"onNewLineOnly":true,"style":"relative","transparent":false}	native_alternative_not_xml_conversion	InsertParityTests.Indentation_changes_its_own_boundary	Native local indent enabled/offset/onNewLineOnly; statement or list anchor; source indent shifts its complete SELECT body
Insert_Into_IndentIntoKeyword.OnNewLineOnly	Boolean	true	true	covered	insert.into.keywordIndent	{"enabled":false,"offset":0,"onNewLineOnly":true,"style":"relative","transparent":false}	{"enabled":false,"offset":0,"onNewLineOnly":true,"style":"relative","transparent":false}	native_alternative_not_xml_conversion	InsertParityTests.Indentation_changes_its_own_boundary	Native local indent enabled/offset/onNewLineOnly; statement or list anchor; source indent shifts its complete SELECT body
Insert_Into_IndentIntoKeyword.Size	Integer	0	0	covered	insert.into.keywordIndent	{"enabled":false,"offset":0,"onNewLineOnly":true,"style":"relative","transparent":false}	{"enabled":false,"offset":0,"onNewLineOnly":true,"style":"relative","transparent":false}	native_alternative_not_xml_conversion	InsertParityTests.Indentation_changes_its_own_boundary	Native local indent enabled/offset/onNewLineOnly; statement or list anchor; source indent shifts its complete SELECT body
Insert_Into_IndentTable.Indent	Boolean	false	false	covered	insert.into.tableIndent	{"enabled":false,"offset":0,"onNewLineOnly":true,"style":"relative","transparent":false}	{"enabled":false,"offset":0,"onNewLineOnly":true,"style":"relative","transparent":false}	native_alternative_not_xml_conversion	InsertParityTests.Indentation_changes_its_own_boundary	Native local indent enabled/offset/onNewLineOnly; statement or list anchor; source indent shifts its complete SELECT body
Insert_Into_IndentTable.OnNewLineOnly	Boolean	true	true	covered	insert.into.tableIndent	{"enabled":false,"offset":0,"onNewLineOnly":true,"style":"relative","transparent":false}	{"enabled":false,"offset":0,"onNewLineOnly":true,"style":"relative","transparent":false}	native_alternative_not_xml_conversion	InsertParityTests.Indentation_changes_its_own_boundary	Native local indent enabled/offset/onNewLineOnly; statement or list anchor; source indent shifts its complete SELECT body
Insert_Into_IndentTable.Size	Integer	0	0	covered	insert.into.tableIndent	{"enabled":false,"offset":0,"onNewLineOnly":true,"style":"relative","transparent":false}	{"enabled":false,"offset":0,"onNewLineOnly":true,"style":"relative","transparent":false}	native_alternative_not_xml_conversion	InsertParityTests.Indentation_changes_its_own_boundary	Native local indent enabled/offset/onNewLineOnly; statement or list anchor; source indent shifts its complete SELECT body
Insert_Into_LineBreakBeforeInto	Boolean	false	false	covered	insert.into.breakBefore	"inherit"	"inherit"	native_alternative_not_xml_conversion	InsertParityTests.Boundaries_offer_distinct_always_and_never_policies	Native inherit/always/never at AST-identified INSERT boundary; comments are not crossed
Insert_Into_LineBreakBeforeTable	Boolean	false	false	covered	insert.into.breakBeforeTable	"inherit"	"inherit"	native_alternative_not_xml_conversion	InsertParityTests.Boundaries_offer_distinct_always_and_never_policies	Native inherit/always/never at AST-identified INSERT boundary; comments are not crossed
Insert_OutputClause_IndentOutputKeyword.Indent	Boolean	false	false	covered	insert.output.keywordIndent	{"enabled":false,"offset":0,"onNewLineOnly":true,"style":"relative","transparent":false}	{"enabled":false,"offset":0,"onNewLineOnly":true,"style":"relative","transparent":false}	native_alternative_not_xml_conversion	InsertParityTests.Indentation_changes_its_own_boundary	Native local indent enabled/offset/onNewLineOnly; statement or list anchor; source indent shifts its complete SELECT body
Insert_OutputClause_IndentOutputKeyword.OnNewLineOnly	Boolean	true	true	covered	insert.output.keywordIndent	{"enabled":false,"offset":0,"onNewLineOnly":true,"style":"relative","transparent":false}	{"enabled":false,"offset":0,"onNewLineOnly":true,"style":"relative","transparent":false}	native_alternative_not_xml_conversion	InsertParityTests.Indentation_changes_its_own_boundary	Native local indent enabled/offset/onNewLineOnly; statement or list anchor; source indent shifts its complete SELECT body
Insert_OutputClause_IndentOutputKeyword.Size	Integer	0	0	covered	insert.output.keywordIndent	{"enabled":false,"offset":0,"onNewLineOnly":true,"style":"relative","transparent":false}	{"enabled":false,"offset":0,"onNewLineOnly":true,"style":"relative","transparent":false}	native_alternative_not_xml_conversion	InsertParityTests.Indentation_changes_its_own_boundary	Native local indent enabled/offset/onNewLineOnly; statement or list anchor; source indent shifts its complete SELECT body
Insert_OutputClause_IndentOutputParameters.Indent	Boolean	false	false	covered	insert.output.listIndent	{"enabled":false,"offset":0,"onNewLineOnly":true,"style":"relative","transparent":false}	{"enabled":false,"offset":0,"onNewLineOnly":true,"style":"relative","transparent":false}	native_alternative_not_xml_conversion	InsertParityTests.Indentation_changes_its_own_boundary	Native local indent enabled/offset/onNewLineOnly; statement or list anchor; source indent shifts its complete SELECT body
Insert_OutputClause_IndentOutputParameters.OnNewLineOnly	Boolean	true	true	covered	insert.output.listIndent	{"enabled":false,"offset":0,"onNewLineOnly":true,"style":"relative","transparent":false}	{"enabled":false,"offset":0,"onNewLineOnly":true,"style":"relative","transparent":false}	native_alternative_not_xml_conversion	InsertParityTests.Indentation_changes_its_own_boundary	Native local indent enabled/offset/onNewLineOnly; statement or list anchor; source indent shifts its complete SELECT body
Insert_OutputClause_IndentOutputParameters.Size	Integer	0	0	covered	insert.output.listIndent	{"enabled":false,"offset":0,"onNewLineOnly":true,"style":"relative","transparent":false}	{"enabled":false,"offset":0,"onNewLineOnly":true,"style":"relative","transparent":false}	native_alternative_not_xml_conversion	InsertParityTests.Indentation_changes_its_own_boundary	Native local indent enabled/offset/onNewLineOnly; statement or list anchor; source indent shifts its complete SELECT body
Insert_OutputClause_LineBreakAfterOutput	Boolean	false	false	covered	insert.output.breakAfter	"inherit"	"inherit"	native_alternative_not_xml_conversion	InsertParityTests.Boundaries_offer_distinct_always_and_never_policies	Native inherit/always/never at AST-identified INSERT boundary; comments are not crossed
Insert_OutputClause_LineBreakBeforeOutput	Boolean	true	true	covered	insert.output.breakBefore	"inherit"	"inherit"	native_alternative_not_xml_conversion	InsertParityTests.Boundaries_offer_distinct_always_and_never_policies	Native inherit/always/never at AST-identified INSERT boundary; comments are not crossed
Insert_OutputClause_StackDmlColumnsList	Boolean	false	true	covered	insert.output.stackList	"on"	"off"	native_alternative_not_xml_conversion	InsertParityTests.Each_list_can_be_stacked_compact_or_automatic	Native inherit/on/off list policy; INSERT-scoped lists and row separators are independent
Insert_OutputClause_StackDmlColumnsListMode	Integer	1	1	covered	insert.output.stackMode	"onePerLine"	"onePerLine"	native_alternative_not_xml_conversion	InsertParityTests.Each_list_can_be_stacked_compact_or_automatic	Native onePerLine/auto list policy; XML numeric mode not assumed or imported
Insert_Subquery_IndentSubquery.Indent	Boolean	true	false	covered	insert.source.indent	{"enabled":false,"offset":0,"onNewLineOnly":true,"style":"relative","transparent":false}	{"enabled":false,"offset":0,"onNewLineOnly":true,"style":"relative","transparent":false}	native_alternative_not_xml_conversion	InsertParityTests.Source_indent_shifts_the_complete_select_body	Native local indent enabled/offset/onNewLineOnly; statement or list anchor; source indent shifts its complete SELECT body
Insert_Subquery_IndentSubquery.OnNewLineOnly	Boolean	true	true	covered	insert.source.indent	{"enabled":false,"offset":0,"onNewLineOnly":true,"style":"relative","transparent":false}	{"enabled":false,"offset":0,"onNewLineOnly":true,"style":"relative","transparent":false}	native_alternative_not_xml_conversion	InsertParityTests.Source_indent_shifts_the_complete_select_body	Native local indent enabled/offset/onNewLineOnly; statement or list anchor; source indent shifts its complete SELECT body
Insert_Subquery_IndentSubquery.Size	Integer	0	0	covered	insert.source.indent	{"enabled":false,"offset":0,"onNewLineOnly":true,"style":"relative","transparent":false}	{"enabled":false,"offset":0,"onNewLineOnly":true,"style":"relative","transparent":false}	native_alternative_not_xml_conversion	InsertParityTests.Source_indent_shifts_the_complete_select_body	Native local indent enabled/offset/onNewLineOnly; statement or list anchor; source indent shifts its complete SELECT body
Insert_Subquery_LineBreakBeforeSubquery	Boolean	true	true	covered	insert.source.breakBefore	"inherit"	"inherit"	native_alternative_not_xml_conversion	InsertParityTests.Boundaries_offer_distinct_always_and_never_policies	Native inherit/always/never at AST-identified INSERT boundary; comments are not crossed
Insert_Subquery_SingleLine_AnySubquery	Boolean	false	false	covered	insert.source.singleLine.any	false	false	native_alternative_not_xml_conversion	InsertParityTests.Source_compactness_has_four_independent_conditions	Native OR-combined compactness conditions; strict word/character thresholds; comment-free SELECT source; margin includes prefix and suffix
Insert_Subquery_SingleLine_WhenRightMarginIsNotExceeded	Boolean	false	false	covered	insert.source.singleLine.whenFitsMargin	false	true	native_alternative_not_xml_conversion	InsertParityTests.Source_compactness_has_four_independent_conditions	Native OR-combined compactness conditions; strict word/character thresholds; comment-free SELECT source; margin includes prefix and suffix
Insert_Subquery_SingleLine_WhenSubqueryContainsLessThanXWords.Checked	Boolean	false	false	covered	insert.source.singleLine.maxWords	{"enabled":false,"value":10}	{"enabled":false,"value":10}	native_alternative_not_xml_conversion	InsertParityTests.Source_compactness_has_four_independent_conditions	Native OR-combined compactness conditions; strict word/character thresholds; comment-free SELECT source; margin includes prefix and suffix
Insert_Subquery_SingleLine_WhenSubqueryContainsLessThanXWords.Value	Integer	10	10	covered	insert.source.singleLine.maxWords	{"enabled":false,"value":10}	{"enabled":false,"value":10}	native_alternative_not_xml_conversion	InsertParityTests.Source_compactness_has_four_independent_conditions	Native OR-combined compactness conditions; strict word/character thresholds; comment-free SELECT source; margin includes prefix and suffix
Insert_Subquery_SingleLine_WhenSubqueryIsShorterThanXCharacters.Checked	Boolean	false	false	covered	insert.source.singleLine.maxCharacters	{"enabled":false,"value":50}	{"enabled":false,"value":50}	native_alternative_not_xml_conversion	InsertParityTests.Source_compactness_has_four_independent_conditions	Native OR-combined compactness conditions; strict word/character thresholds; comment-free SELECT source; margin includes prefix and suffix
Insert_Subquery_SingleLine_WhenSubqueryIsShorterThanXCharacters.Value	Integer	50	50	covered	insert.source.singleLine.maxCharacters	{"enabled":false,"value":50}	{"enabled":false,"value":50}	native_alternative_not_xml_conversion	InsertParityTests.Source_compactness_has_four_independent_conditions	Native OR-combined compactness conditions; strict word/character thresholds; comment-free SELECT source; margin includes prefix and suffix
Insert_Values_IndentValuesExpressionsList.Indent	Boolean	false	true	covered	insert.values.listIndent	{"enabled":false,"offset":0,"onNewLineOnly":true,"style":"relative","transparent":false}	{"enabled":false,"offset":0,"onNewLineOnly":true,"style":"relative","transparent":false}	native_alternative_not_xml_conversion	InsertParityTests.Indentation_changes_its_own_boundary	Native local indent enabled/offset/onNewLineOnly; statement or list anchor; source indent shifts its complete SELECT body
Insert_Values_IndentValuesExpressionsList.OnNewLineOnly	Boolean	true	true	covered	insert.values.listIndent	{"enabled":false,"offset":0,"onNewLineOnly":true,"style":"relative","transparent":false}	{"enabled":false,"offset":0,"onNewLineOnly":true,"style":"relative","transparent":false}	native_alternative_not_xml_conversion	InsertParityTests.Indentation_changes_its_own_boundary	Native local indent enabled/offset/onNewLineOnly; statement or list anchor; source indent shifts its complete SELECT body
Insert_Values_IndentValuesExpressionsList.Size	Integer	0	0	covered	insert.values.listIndent	{"enabled":false,"offset":0,"onNewLineOnly":true,"style":"relative","transparent":false}	{"enabled":false,"offset":0,"onNewLineOnly":true,"style":"relative","transparent":false}	native_alternative_not_xml_conversion	InsertParityTests.Indentation_changes_its_own_boundary	Native local indent enabled/offset/onNewLineOnly; statement or list anchor; source indent shifts its complete SELECT body
Insert_Values_IndentValuesExpressionsListBraces.Indent	Boolean	false	true	covered	insert.values.braceIndent	{"enabled":false,"offset":0,"onNewLineOnly":true,"style":"relative","transparent":false}	{"enabled":false,"offset":0,"onNewLineOnly":true,"style":"relative","transparent":false}	native_alternative_not_xml_conversion	InsertParityTests.Indentation_changes_its_own_boundary	Native local indent enabled/offset/onNewLineOnly; statement or list anchor; source indent shifts its complete SELECT body
Insert_Values_IndentValuesExpressionsListBraces.OnNewLineOnly	Boolean	true	true	covered	insert.values.braceIndent	{"enabled":false,"offset":0,"onNewLineOnly":true,"style":"relative","transparent":false}	{"enabled":false,"offset":0,"onNewLineOnly":true,"style":"relative","transparent":false}	native_alternative_not_xml_conversion	InsertParityTests.Indentation_changes_its_own_boundary	Native local indent enabled/offset/onNewLineOnly; statement or list anchor; source indent shifts its complete SELECT body
Insert_Values_IndentValuesExpressionsListBraces.Size	Integer	0	4	covered	insert.values.braceIndent	{"enabled":false,"offset":0,"onNewLineOnly":true,"style":"relative","transparent":false}	{"enabled":false,"offset":0,"onNewLineOnly":true,"style":"relative","transparent":false}	native_alternative_not_xml_conversion	InsertParityTests.Indentation_changes_its_own_boundary	Native local indent enabled/offset/onNewLineOnly; statement or list anchor; source indent shifts its complete SELECT body
Insert_Values_IndentValuesKeyword.Indent	Boolean	true	false	covered	insert.values.keywordIndent	{"enabled":false,"offset":0,"onNewLineOnly":true,"style":"relative","transparent":false}	{"enabled":false,"offset":0,"onNewLineOnly":true,"style":"relative","transparent":false}	native_alternative_not_xml_conversion	InsertParityTests.Indentation_changes_its_own_boundary	Native local indent enabled/offset/onNewLineOnly; statement or list anchor; source indent shifts its complete SELECT body
Insert_Values_IndentValuesKeyword.OnNewLineOnly	Boolean	true	true	covered	insert.values.keywordIndent	{"enabled":false,"offset":0,"onNewLineOnly":true,"style":"relative","transparent":false}	{"enabled":false,"offset":0,"onNewLineOnly":true,"style":"relative","transparent":false}	native_alternative_not_xml_conversion	InsertParityTests.Indentation_changes_its_own_boundary	Native local indent enabled/offset/onNewLineOnly; statement or list anchor; source indent shifts its complete SELECT body
Insert_Values_IndentValuesKeyword.Size	Integer	0	1	covered	insert.values.keywordIndent	{"enabled":false,"offset":0,"onNewLineOnly":true,"style":"relative","transparent":false}	{"enabled":false,"offset":0,"onNewLineOnly":true,"style":"relative","transparent":false}	native_alternative_not_xml_conversion	InsertParityTests.Indentation_changes_its_own_boundary	Native local indent enabled/offset/onNewLineOnly; statement or list anchor; source indent shifts its complete SELECT body
Insert_Values_InsertSpaceAfterValuesKeyword	Boolean	true	true	covered	insert.values.spaceAfterKeyword	"inherit"	"inherit"	native_alternative_not_xml_conversion	InsertParityTests.Values_keyword_spacing_respects_the_line_break_policy	Native inherit/insert/remove on inline gaps only; explicit newlines take precedence
Insert_Values_InsertSpacesWithinValuesExpressionsListBraces	Boolean	false	false	covered	insert.values.spaceWithin	"inherit"	"inherit"	native_alternative_not_xml_conversion	InsertParityTests.Local_spaces_do_not_change_other_parentheses	Native inherit/insert/remove on inline gaps only; explicit newlines take precedence
Insert_Values_LineBreakAfterOpenBrace	Boolean	false	true	covered	insert.values.breakAfterOpen	"inherit"	"inherit"	native_alternative_not_xml_conversion	InsertParityTests.Boundaries_offer_distinct_always_and_never_policies	Native inherit/always/never at AST-identified INSERT boundary; comments are not crossed
Insert_Values_LineBreakAfterValues	Boolean	false	false	covered	insert.values.breakAfterKeyword	"inherit"	"inherit"	native_alternative_not_xml_conversion	InsertParityTests.Boundaries_offer_distinct_always_and_never_policies	Native inherit/always/never at AST-identified INSERT boundary; comments are not crossed
Insert_Values_LineBreakBeforeClosingBrace	Boolean	false	false	covered	insert.values.breakBeforeClose	"inherit"	"inherit"	native_alternative_not_xml_conversion	InsertParityTests.Boundaries_offer_distinct_always_and_never_policies	Native inherit/always/never at AST-identified INSERT boundary; comments are not crossed
Insert_Values_LineBreakBeforeValues	Boolean	true	true	covered	insert.values.breakBeforeKeyword	"inherit"	"inherit"	native_alternative_not_xml_conversion	InsertParityTests.Boundaries_offer_distinct_always_and_never_policies	Native inherit/always/never at AST-identified INSERT boundary; comments are not crossed
Insert_Values_StackValuesExpressionsList	Boolean	true	true	covered	insert.values.stackList	"on"	"off"	native_alternative_not_xml_conversion	InsertParityTests.Each_list_can_be_stacked_compact_or_automatic	Native inherit/on/off list policy; INSERT-scoped lists and row separators are independent
Insert_Values_StackValuesExpressionsListMode	Integer	1	1	covered	insert.values.stackMode	"onePerLine"	"onePerLine"	native_alternative_not_xml_conversion	InsertParityTests.Each_list_can_be_stacked_compact_or_automatic	Native onePerLine/auto list policy; XML numeric mode not assumed or imported
Insert_Values_StackValuesExpressionsRowsList	Boolean	false	true	covered	insert.values.stackRows	"on"	"off"	native_alternative_not_xml_conversion	InsertParityTests.Row_stacking_is_independent_from_expression_stacking	Native inherit/on/off list policy; INSERT-scoped lists and row separators are independent
Insert_Values_StackValuesExpressionsRowsListMode	Integer	1	1	covered	insert.values.stackRowsMode	"onePerLine"	"onePerLine"	native_alternative_not_xml_conversion	InsertParityTests.Row_stacking_is_independent_from_expression_stacking	Native onePerLine/auto list policy; XML numeric mode not assumed or imported
Labels_AddEmptyLinesAroundLabeledBlock	Boolean	false	false	covered	labels.blankLinesAround	false	false	native_alternative_not_xml_conversion	ExecuteLabelParityTests.Label_start_absolute_relative_blank_lines_and_following_block_are_stable	Native EXECUTE parameter list or label/next-statement boundary; relative/absolute label indent, XML numeric style not inferred
Labels_IndentLabel.Indent	Boolean	true	false	covered	labels.indent	{"enabled":false,"offset":0,"onNewLineOnly":true,"style":"relative","transparent":false}	{"enabled":false,"offset":0,"onNewLineOnly":true,"style":"relative","transparent":false}	native_alternative_not_xml_conversion	ExecuteLabelParityTests.Indents_honor_enabled_offset_newline_style_and_transparency	Native EXECUTE parameter list or label/next-statement boundary; relative/absolute label indent, XML numeric style not inferred
Labels_IndentLabel.OnNewLineOnly	Boolean	true	true	covered	labels.indent	{"enabled":false,"offset":0,"onNewLineOnly":true,"style":"relative","transparent":false}	{"enabled":false,"offset":0,"onNewLineOnly":true,"style":"relative","transparent":false}	native_alternative_not_xml_conversion	ExecuteLabelParityTests.Indents_honor_enabled_offset_newline_style_and_transparency	Native EXECUTE parameter list or label/next-statement boundary; relative/absolute label indent, XML numeric style not inferred
Labels_IndentLabel.Size	Integer	0	0	covered	labels.indent	{"enabled":false,"offset":0,"onNewLineOnly":true,"style":"relative","transparent":false}	{"enabled":false,"offset":0,"onNewLineOnly":true,"style":"relative","transparent":false}	native_alternative_not_xml_conversion	ExecuteLabelParityTests.Indents_honor_enabled_offset_newline_style_and_transparency	Native EXECUTE parameter list or label/next-statement boundary; relative/absolute label indent, XML numeric style not inferred
Labels_IndentLabel.Style	Integer	2	2	covered	labels.indent	{"enabled":false,"offset":0,"onNewLineOnly":true,"style":"relative","transparent":false}	{"enabled":false,"offset":0,"onNewLineOnly":true,"style":"relative","transparent":false}	native_alternative_not_xml_conversion	ExecuteLabelParityTests.Indents_honor_enabled_offset_newline_style_and_transparency	Native EXECUTE parameter list or label/next-statement boundary; relative/absolute label indent, XML numeric style not inferred
Labels_LineBreakAfterLabel	Boolean	true	true	covered	labels.breakAfter	"always"	"inherit"	native_alternative_not_xml_conversion	ExecuteLabelParityTests.Boundaries_have_distinct_modes	Native EXECUTE parameter list or label/next-statement boundary; relative/absolute label indent, XML numeric style not inferred
Merge_Into_IndentIntoKeyword.Indent	Boolean	false	false	covered	merge.into.keywordIndent	{"enabled":false,"offset":0,"onNewLineOnly":true,"style":"relative","transparent":false}	{"enabled":false,"offset":0,"onNewLineOnly":true,"style":"relative","transparent":false}	native_alternative_not_xml_conversion	MergeHeaderParityTests.Every_indent_targets_a_real_boundary_and_honors_enabled_offset_and_newline	Native indent enabled/offset/onNewLineOnly at parsed MERGE header/source boundary; signed offset in configured indent units
Merge_Into_IndentIntoKeyword.OnNewLineOnly	Boolean	true	true	covered	merge.into.keywordIndent	{"enabled":false,"offset":0,"onNewLineOnly":true,"style":"relative","transparent":false}	{"enabled":false,"offset":0,"onNewLineOnly":true,"style":"relative","transparent":false}	native_alternative_not_xml_conversion	MergeHeaderParityTests.Every_indent_targets_a_real_boundary_and_honors_enabled_offset_and_newline	Native indent enabled/offset/onNewLineOnly at parsed MERGE header/source boundary; signed offset in configured indent units
Merge_Into_IndentIntoKeyword.Size	Integer	0	0	covered	merge.into.keywordIndent	{"enabled":false,"offset":0,"onNewLineOnly":true,"style":"relative","transparent":false}	{"enabled":false,"offset":0,"onNewLineOnly":true,"style":"relative","transparent":false}	native_alternative_not_xml_conversion	MergeHeaderParityTests.Every_indent_targets_a_real_boundary_and_honors_enabled_offset_and_newline	Native indent enabled/offset/onNewLineOnly at parsed MERGE header/source boundary; signed offset in configured indent units
Merge_Into_IndentTable.Indent	Boolean	false	false	covered	merge.into.tableIndent	{"enabled":false,"offset":0,"onNewLineOnly":true,"style":"relative","transparent":false}	{"enabled":false,"offset":0,"onNewLineOnly":true,"style":"relative","transparent":false}	native_alternative_not_xml_conversion	MergeHeaderParityTests.Every_indent_targets_a_real_boundary_and_honors_enabled_offset_and_newline	Native indent enabled/offset/onNewLineOnly at parsed MERGE header/source boundary; signed offset in configured indent units
Merge_Into_IndentTable.OnNewLineOnly	Boolean	true	true	covered	merge.into.tableIndent	{"enabled":false,"offset":0,"onNewLineOnly":true,"style":"relative","transparent":false}	{"enabled":false,"offset":0,"onNewLineOnly":true,"style":"relative","transparent":false}	native_alternative_not_xml_conversion	MergeHeaderParityTests.Every_indent_targets_a_real_boundary_and_honors_enabled_offset_and_newline	Native indent enabled/offset/onNewLineOnly at parsed MERGE header/source boundary; signed offset in configured indent units
Merge_Into_IndentTable.Size	Integer	0	0	covered	merge.into.tableIndent	{"enabled":false,"offset":0,"onNewLineOnly":true,"style":"relative","transparent":false}	{"enabled":false,"offset":0,"onNewLineOnly":true,"style":"relative","transparent":false}	native_alternative_not_xml_conversion	MergeHeaderParityTests.Every_indent_targets_a_real_boundary_and_honors_enabled_offset_and_newline	Native indent enabled/offset/onNewLineOnly at parsed MERGE header/source boundary; signed offset in configured indent units
Merge_Into_LineBreakBeforeInto	Boolean	true	false	covered	merge.into.breakBefore	"inherit"	"inherit"	native_alternative_not_xml_conversion	MergeHeaderParityTests.Every_boundary_supports_always_never_and_inherit	Native inherit/always/never whitespace boundary scoped to MERGE header/source; actions and trailing clauses are outside this policy
Merge_Into_LineBreakBeforeTable	Boolean	false	false	covered	merge.into.breakBeforeTable	"inherit"	"inherit"	native_alternative_not_xml_conversion	MergeHeaderParityTests.Every_boundary_supports_always_never_and_inherit	Native inherit/always/never whitespace boundary scoped to MERGE header/source; actions and trailing clauses are outside this policy
Merge_Into_With_IndentMergeHint.Indent	Boolean	false	false	covered	merge.hints.listIndent	{"enabled":false,"offset":0,"onNewLineOnly":true,"style":"relative","transparent":false}	{"enabled":false,"offset":0,"onNewLineOnly":true,"style":"relative","transparent":false}	native_alternative_not_xml_conversion	MergeHeaderParityTests.Every_indent_targets_a_real_boundary_and_honors_enabled_offset_and_newline	Native indent enabled/offset/onNewLineOnly at parsed MERGE header/source boundary; signed offset in configured indent units
Merge_Into_With_IndentMergeHint.OnNewLineOnly	Boolean	true	true	covered	merge.hints.listIndent	{"enabled":false,"offset":0,"onNewLineOnly":true,"style":"relative","transparent":false}	{"enabled":false,"offset":0,"onNewLineOnly":true,"style":"relative","transparent":false}	native_alternative_not_xml_conversion	MergeHeaderParityTests.Every_indent_targets_a_real_boundary_and_honors_enabled_offset_and_newline	Native indent enabled/offset/onNewLineOnly at parsed MERGE header/source boundary; signed offset in configured indent units
Merge_Into_With_IndentMergeHint.Size	Integer	0	0	covered	merge.hints.listIndent	{"enabled":false,"offset":0,"onNewLineOnly":true,"style":"relative","transparent":false}	{"enabled":false,"offset":0,"onNewLineOnly":true,"style":"relative","transparent":false}	native_alternative_not_xml_conversion	MergeHeaderParityTests.Every_indent_targets_a_real_boundary_and_honors_enabled_offset_and_newline	Native indent enabled/offset/onNewLineOnly at parsed MERGE header/source boundary; signed offset in configured indent units
Merge_Into_With_IndentMergeHintBraces.Indent	Boolean	false	false	covered	merge.hints.braceIndent	{"enabled":false,"offset":0,"onNewLineOnly":true,"style":"relative","transparent":false}	{"enabled":false,"offset":0,"onNewLineOnly":true,"style":"relative","transparent":false}	native_alternative_not_xml_conversion	MergeHeaderParityTests.Every_indent_targets_a_real_boundary_and_honors_enabled_offset_and_newline	Native indent enabled/offset/onNewLineOnly at parsed MERGE header/source boundary; signed offset in configured indent units
Merge_Into_With_IndentMergeHintBraces.OnNewLineOnly	Boolean	true	true	covered	merge.hints.braceIndent	{"enabled":false,"offset":0,"onNewLineOnly":true,"style":"relative","transparent":false}	{"enabled":false,"offset":0,"onNewLineOnly":true,"style":"relative","transparent":false}	native_alternative_not_xml_conversion	MergeHeaderParityTests.Every_indent_targets_a_real_boundary_and_honors_enabled_offset_and_newline	Native indent enabled/offset/onNewLineOnly at parsed MERGE header/source boundary; signed offset in configured indent units
Merge_Into_With_IndentMergeHintBraces.Size	Integer	0	0	covered	merge.hints.braceIndent	{"enabled":false,"offset":0,"onNewLineOnly":true,"style":"relative","transparent":false}	{"enabled":false,"offset":0,"onNewLineOnly":true,"style":"relative","transparent":false}	native_alternative_not_xml_conversion	MergeHeaderParityTests.Every_indent_targets_a_real_boundary_and_honors_enabled_offset_and_newline	Native indent enabled/offset/onNewLineOnly at parsed MERGE header/source boundary; signed offset in configured indent units
Merge_Into_With_IndentWithKeyword.Indent	Boolean	false	false	covered	merge.hints.keywordIndent	{"enabled":false,"offset":0,"onNewLineOnly":true,"style":"relative","transparent":false}	{"enabled":false,"offset":0,"onNewLineOnly":true,"style":"relative","transparent":false}	native_alternative_not_xml_conversion	MergeHeaderParityTests.Every_indent_targets_a_real_boundary_and_honors_enabled_offset_and_newline	Native indent enabled/offset/onNewLineOnly at parsed MERGE header/source boundary; signed offset in configured indent units
Merge_Into_With_IndentWithKeyword.OnNewLineOnly	Boolean	true	true	covered	merge.hints.keywordIndent	{"enabled":false,"offset":0,"onNewLineOnly":true,"style":"relative","transparent":false}	{"enabled":false,"offset":0,"onNewLineOnly":true,"style":"relative","transparent":false}	native_alternative_not_xml_conversion	MergeHeaderParityTests.Every_indent_targets_a_real_boundary_and_honors_enabled_offset_and_newline	Native indent enabled/offset/onNewLineOnly at parsed MERGE header/source boundary; signed offset in configured indent units
Merge_Into_With_IndentWithKeyword.Size	Integer	0	0	covered	merge.hints.keywordIndent	{"enabled":false,"offset":0,"onNewLineOnly":true,"style":"relative","transparent":false}	{"enabled":false,"offset":0,"onNewLineOnly":true,"style":"relative","transparent":false}	native_alternative_not_xml_conversion	MergeHeaderParityTests.Every_indent_targets_a_real_boundary_and_honors_enabled_offset_and_newline	Native indent enabled/offset/onNewLineOnly at parsed MERGE header/source boundary; signed offset in configured indent units
Merge_Into_With_InsertSpaceBeforeMergeHint	Boolean	true	true	covered	merge.hints.spaceBeforeOpen	"inherit"	"inherit"	native_alternative_not_xml_conversion	MergeHeaderParityTests.Local_spaces_change_only_the_requested_source_or_hint_gap	Native inherit/insert/remove gaps around hint parentheses or USING VALUES; explicit newlines take precedence
Merge_Into_With_InsertSpacesWithinMergeHintBraces	Boolean	false	false	covered	merge.hints.spaceWithin	"inherit"	"inherit"	native_alternative_not_xml_conversion	MergeHeaderParityTests.Local_spaces_change_only_the_requested_source_or_hint_gap	Native inherit/insert/remove gaps around hint parentheses or USING VALUES; explicit newlines take precedence
Merge_Into_With_LineBreakAfterOpeningBrace	Boolean	false	false	covered	merge.hints.breakAfterOpen	"inherit"	"inherit"	native_alternative_not_xml_conversion	MergeHeaderParityTests.Every_boundary_supports_always_never_and_inherit	Native inherit/always/never whitespace boundary scoped to MERGE header/source; actions and trailing clauses are outside this policy
Merge_Into_With_LineBreakBeforeClosingBrace	Boolean	false	false	covered	merge.hints.breakBeforeClose	"inherit"	"inherit"	native_alternative_not_xml_conversion	MergeHeaderParityTests.Every_boundary_supports_always_never_and_inherit	Native inherit/always/never whitespace boundary scoped to MERGE header/source; actions and trailing clauses are outside this policy
Merge_Into_With_LineBreakBeforeOpeningBrace	Boolean	false	false	covered	merge.hints.breakBeforeOpen	"inherit"	"inherit"	native_alternative_not_xml_conversion	MergeHeaderParityTests.Every_boundary_supports_always_never_and_inherit	Native inherit/always/never whitespace boundary scoped to MERGE header/source; actions and trailing clauses are outside this policy
Merge_Into_With_LineBreakBeforeWith	Boolean	false	false	covered	merge.hints.breakBefore	"inherit"	"inherit"	native_alternative_not_xml_conversion	MergeHeaderParityTests.Every_boundary_supports_always_never_and_inherit	Native inherit/always/never whitespace boundary scoped to MERGE header/source; actions and trailing clauses are outside this policy
Merge_On_IndentOnConditions.Indent	Boolean	true	false	covered	merge.on.conditionIndent	{"enabled":false,"offset":0,"onNewLineOnly":true,"style":"relative","transparent":false}	{"enabled":false,"offset":0,"onNewLineOnly":true,"style":"relative","transparent":false}	native_alternative_not_xml_conversion	MergeHeaderParityTests.Every_indent_targets_a_real_boundary_and_honors_enabled_offset_and_newline	Native indent enabled/offset/onNewLineOnly at parsed MERGE header/source boundary; signed offset in configured indent units
Merge_On_IndentOnConditions.OnNewLineOnly	Boolean	true	true	covered	merge.on.conditionIndent	{"enabled":false,"offset":0,"onNewLineOnly":true,"style":"relative","transparent":false}	{"enabled":false,"offset":0,"onNewLineOnly":true,"style":"relative","transparent":false}	native_alternative_not_xml_conversion	MergeHeaderParityTests.Every_indent_targets_a_real_boundary_and_honors_enabled_offset_and_newline	Native indent enabled/offset/onNewLineOnly at parsed MERGE header/source boundary; signed offset in configured indent units
Merge_On_IndentOnConditions.Size	Integer	0	0	covered	merge.on.conditionIndent	{"enabled":false,"offset":0,"onNewLineOnly":true,"style":"relative","transparent":false}	{"enabled":false,"offset":0,"onNewLineOnly":true,"style":"relative","transparent":false}	native_alternative_not_xml_conversion	MergeHeaderParityTests.Every_indent_targets_a_real_boundary_and_honors_enabled_offset_and_newline	Native indent enabled/offset/onNewLineOnly at parsed MERGE header/source boundary; signed offset in configured indent units
Merge_On_IndentOnKeyword.Indent	Boolean	false	true	covered	merge.on.keywordIndent	{"enabled":false,"offset":0,"onNewLineOnly":true,"style":"relative","transparent":false}	{"enabled":false,"offset":0,"onNewLineOnly":true,"style":"relative","transparent":false}	native_alternative_not_xml_conversion	MergeHeaderParityTests.Every_indent_targets_a_real_boundary_and_honors_enabled_offset_and_newline	Native indent enabled/offset/onNewLineOnly at parsed MERGE header/source boundary; signed offset in configured indent units
Merge_On_IndentOnKeyword.OnNewLineOnly	Boolean	true	true	covered	merge.on.keywordIndent	{"enabled":false,"offset":0,"onNewLineOnly":true,"style":"relative","transparent":false}	{"enabled":false,"offset":0,"onNewLineOnly":true,"style":"relative","transparent":false}	native_alternative_not_xml_conversion	MergeHeaderParityTests.Every_indent_targets_a_real_boundary_and_honors_enabled_offset_and_newline	Native indent enabled/offset/onNewLineOnly at parsed MERGE header/source boundary; signed offset in configured indent units
Merge_On_IndentOnKeyword.Size	Integer	0	3	covered	merge.on.keywordIndent	{"enabled":false,"offset":0,"onNewLineOnly":true,"style":"relative","transparent":false}	{"enabled":false,"offset":0,"onNewLineOnly":true,"style":"relative","transparent":false}	native_alternative_not_xml_conversion	MergeHeaderParityTests.Every_indent_targets_a_real_boundary_and_honors_enabled_offset_and_newline	Native indent enabled/offset/onNewLineOnly at parsed MERGE header/source boundary; signed offset in configured indent units
Merge_On_IndentWrapConditionNestedOperations.Indent	Boolean	false	true	covered	merge.on.nestedConditionIndent	{"enabled":false,"offset":0,"onNewLineOnly":true,"style":"relative","transparent":false}	{"enabled":false,"offset":0,"onNewLineOnly":true,"style":"relative","transparent":false}	native_alternative_not_xml_conversion	MergeHeaderParityTests.Every_indent_targets_a_real_boundary_and_honors_enabled_offset_and_newline	Native indent enabled/offset/onNewLineOnly at parsed MERGE header/source boundary; signed offset in configured indent units
Merge_On_IndentWrapConditionNestedOperations.OnNewLineOnly	Boolean	true	true	covered	merge.on.nestedConditionIndent	{"enabled":false,"offset":0,"onNewLineOnly":true,"style":"relative","transparent":false}	{"enabled":false,"offset":0,"onNewLineOnly":true,"style":"relative","transparent":false}	native_alternative_not_xml_conversion	MergeHeaderParityTests.Every_indent_targets_a_real_boundary_and_honors_enabled_offset_and_newline	Native indent enabled/offset/onNewLineOnly at parsed MERGE header/source boundary; signed offset in configured indent units
Merge_On_IndentWrapConditionNestedOperations.Size	Integer	0	2	covered	merge.on.nestedConditionIndent	{"enabled":false,"offset":0,"onNewLineOnly":true,"style":"relative","transparent":false}	{"enabled":false,"offset":0,"onNewLineOnly":true,"style":"relative","transparent":false}	native_alternative_not_xml_conversion	MergeHeaderParityTests.Every_indent_targets_a_real_boundary_and_honors_enabled_offset_and_newline	Native indent enabled/offset/onNewLineOnly at parsed MERGE header/source boundary; signed offset in configured indent units
Merge_On_LineBreakAfterOn	Boolean	false	false	covered	merge.on.breakAfter	"inherit"	"inherit"	native_alternative_not_xml_conversion	MergeHeaderParityTests.Every_boundary_supports_always_never_and_inherit	Native inherit/always/never whitespace boundary scoped to MERGE header/source; actions and trailing clauses are outside this policy
Merge_On_LineBreakBeforeOn	Boolean	true	true	covered	merge.on.breakBefore	"inherit"	"inherit"	native_alternative_not_xml_conversion	MergeHeaderParityTests.Every_boundary_supports_always_never_and_inherit	Native inherit/always/never whitespace boundary scoped to MERGE header/source; actions and trailing clauses are outside this policy
Merge_On_WrapAfterOperatorMode	Integer	1	1	covered	merge.on.wrapAfterOperator	"inherit"	"inherit"	native_alternative_not_xml_conversion	MergeHeaderParityTests.Boolean_modes_and_operator_sides_are_independent	Native inherit/none/and/or/both and independent inherit/always/never sides at outer ON or source JOIN ON; XML numeric modes not assumed
Merge_On_WrapBeforeOperatorMode	Integer	1	1	covered	merge.on.wrapBeforeOperator	"inherit"	"inherit"	native_alternative_not_xml_conversion	MergeHeaderParityTests.Boolean_modes_and_operator_sides_are_independent	Native inherit/none/and/or/both and independent inherit/always/never sides at outer ON or source JOIN ON; XML numeric modes not assumed
Merge_On_WrapConditionMode	Integer	1	1	covered	merge.on.wrapCondition	"inherit"	"inherit"	native_alternative_not_xml_conversion	MergeHeaderParityTests.Boolean_modes_and_operator_sides_are_independent	Native inherit/none/and/or/both and independent inherit/always/never sides at outer ON or source JOIN ON; XML numeric modes not assumed
Merge_OptionHints_IndentOptionHints.Indent	Boolean	false	false	covered	merge.option.hintsIndent	{"enabled":false,"offset":0,"onNewLineOnly":true,"style":"relative","transparent":false}	{"enabled":false,"offset":0,"onNewLineOnly":true,"style":"relative","transparent":false}	native_alternative_not_xml_conversion	MergeTailParityTests.Every_indent_honors_all_native_fields	Native MERGE TOP/OUTPUT/OPTION whitespace policy; explicit named modes, no XML enum interpretation
Merge_OptionHints_IndentOptionHints.OnNewLineOnly	Boolean	true	true	covered	merge.option.hintsIndent	{"enabled":false,"offset":0,"onNewLineOnly":true,"style":"relative","transparent":false}	{"enabled":false,"offset":0,"onNewLineOnly":true,"style":"relative","transparent":false}	native_alternative_not_xml_conversion	MergeTailParityTests.Every_indent_honors_all_native_fields	Native MERGE TOP/OUTPUT/OPTION whitespace policy; explicit named modes, no XML enum interpretation
Merge_OptionHints_IndentOptionHints.Size	Integer	0	0	covered	merge.option.hintsIndent	{"enabled":false,"offset":0,"onNewLineOnly":true,"style":"relative","transparent":false}	{"enabled":false,"offset":0,"onNewLineOnly":true,"style":"relative","transparent":false}	native_alternative_not_xml_conversion	MergeTailParityTests.Every_indent_honors_all_native_fields	Native MERGE TOP/OUTPUT/OPTION whitespace policy; explicit named modes, no XML enum interpretation
Merge_OptionHints_IndentOptionKeyword.Indent	Boolean	false	false	covered	merge.option.keywordIndent	{"enabled":false,"offset":0,"onNewLineOnly":true,"style":"relative","transparent":false}	{"enabled":false,"offset":0,"onNewLineOnly":true,"style":"relative","transparent":false}	native_alternative_not_xml_conversion	MergeTailParityTests.Every_indent_honors_all_native_fields	Native MERGE TOP/OUTPUT/OPTION whitespace policy; explicit named modes, no XML enum interpretation
Merge_OptionHints_IndentOptionKeyword.OnNewLineOnly	Boolean	true	true	covered	merge.option.keywordIndent	{"enabled":false,"offset":0,"onNewLineOnly":true,"style":"relative","transparent":false}	{"enabled":false,"offset":0,"onNewLineOnly":true,"style":"relative","transparent":false}	native_alternative_not_xml_conversion	MergeTailParityTests.Every_indent_honors_all_native_fields	Native MERGE TOP/OUTPUT/OPTION whitespace policy; explicit named modes, no XML enum interpretation
Merge_OptionHints_IndentOptionKeyword.Size	Integer	0	0	covered	merge.option.keywordIndent	{"enabled":false,"offset":0,"onNewLineOnly":true,"style":"relative","transparent":false}	{"enabled":false,"offset":0,"onNewLineOnly":true,"style":"relative","transparent":false}	native_alternative_not_xml_conversion	MergeTailParityTests.Every_indent_honors_all_native_fields	Native MERGE TOP/OUTPUT/OPTION whitespace policy; explicit named modes, no XML enum interpretation
Merge_OptionHints_LineBreakAfterOption	Boolean	false	false	covered	merge.option.breakAfter	"inherit"	"inherit"	native_alternative_not_xml_conversion	MergeTailParityTests.Every_boundary_has_distinct_always_never_and_inherit_modes	Native MERGE TOP/OUTPUT/OPTION whitespace policy; explicit named modes, no XML enum interpretation
Merge_OptionHints_LineBreakBeforeOption	Boolean	true	true	covered	merge.option.breakBefore	"inherit"	"inherit"	native_alternative_not_xml_conversion	MergeTailParityTests.Every_boundary_has_distinct_always_never_and_inherit_modes	Native MERGE TOP/OUTPUT/OPTION whitespace policy; explicit named modes, no XML enum interpretation
Merge_Output_IndentOutputKeyword.Indent	Boolean	false	false	covered	merge.output.keywordIndent	{"enabled":false,"offset":0,"onNewLineOnly":true,"style":"relative","transparent":false}	{"enabled":false,"offset":0,"onNewLineOnly":true,"style":"relative","transparent":false}	native_alternative_not_xml_conversion	MergeTailParityTests.Every_indent_honors_all_native_fields	Native MERGE TOP/OUTPUT/OPTION whitespace policy; explicit named modes, no XML enum interpretation
Merge_Output_IndentOutputKeyword.OnNewLineOnly	Boolean	true	true	covered	merge.output.keywordIndent	{"enabled":false,"offset":0,"onNewLineOnly":true,"style":"relative","transparent":false}	{"enabled":false,"offset":0,"onNewLineOnly":true,"style":"relative","transparent":false}	native_alternative_not_xml_conversion	MergeTailParityTests.Every_indent_honors_all_native_fields	Native MERGE TOP/OUTPUT/OPTION whitespace policy; explicit named modes, no XML enum interpretation
Merge_Output_IndentOutputKeyword.Size	Integer	0	0	covered	merge.output.keywordIndent	{"enabled":false,"offset":0,"onNewLineOnly":true,"style":"relative","transparent":false}	{"enabled":false,"offset":0,"onNewLineOnly":true,"style":"relative","transparent":false}	native_alternative_not_xml_conversion	MergeTailParityTests.Every_indent_honors_all_native_fields	Native MERGE TOP/OUTPUT/OPTION whitespace policy; explicit named modes, no XML enum interpretation
Merge_Output_IndentOutputParameters.Indent	Boolean	false	false	covered	merge.output.listIndent	{"enabled":false,"offset":0,"onNewLineOnly":true,"style":"relative","transparent":false}	{"enabled":false,"offset":0,"onNewLineOnly":true,"style":"relative","transparent":false}	native_alternative_not_xml_conversion	MergeTailParityTests.Every_indent_honors_all_native_fields	Native MERGE TOP/OUTPUT/OPTION whitespace policy; explicit named modes, no XML enum interpretation
Merge_Output_IndentOutputParameters.OnNewLineOnly	Boolean	true	true	covered	merge.output.listIndent	{"enabled":false,"offset":0,"onNewLineOnly":true,"style":"relative","transparent":false}	{"enabled":false,"offset":0,"onNewLineOnly":true,"style":"relative","transparent":false}	native_alternative_not_xml_conversion	MergeTailParityTests.Every_indent_honors_all_native_fields	Native MERGE TOP/OUTPUT/OPTION whitespace policy; explicit named modes, no XML enum interpretation
Merge_Output_IndentOutputParameters.Size	Integer	0	0	covered	merge.output.listIndent	{"enabled":false,"offset":0,"onNewLineOnly":true,"style":"relative","transparent":false}	{"enabled":false,"offset":0,"onNewLineOnly":true,"style":"relative","transparent":false}	native_alternative_not_xml_conversion	MergeTailParityTests.Every_indent_honors_all_native_fields	Native MERGE TOP/OUTPUT/OPTION whitespace policy; explicit named modes, no XML enum interpretation
Merge_Output_LineBreakAfterOutput	Boolean	false	false	covered	merge.output.breakAfter	"inherit"	"inherit"	native_alternative_not_xml_conversion	MergeTailParityTests.Every_boundary_has_distinct_always_never_and_inherit_modes	Native MERGE TOP/OUTPUT/OPTION whitespace policy; explicit named modes, no XML enum interpretation
Merge_Output_LineBreakBeforeOutput	Boolean	true	true	covered	merge.output.breakBefore	"inherit"	"inherit"	native_alternative_not_xml_conversion	MergeTailParityTests.Every_boundary_has_distinct_always_never_and_inherit_modes	Native MERGE TOP/OUTPUT/OPTION whitespace policy; explicit named modes, no XML enum interpretation
Merge_Output_StackColumns	Boolean	true	true	covered	merge.output.stackList	"on"	"off"	native_alternative_not_xml_conversion	MergeTailParityTests.Output_lists_support_both_clauses_auto_and_leading_commas	Native MERGE TOP/OUTPUT/OPTION whitespace policy; explicit named modes, no XML enum interpretation
Merge_Output_StackColumnsMode	Integer	1	1	covered	merge.output.stackMode	"onePerLine"	"onePerLine"	native_alternative_not_xml_conversion	MergeTailParityTests.Output_lists_support_both_clauses_auto_and_leading_commas	Native MERGE TOP/OUTPUT/OPTION whitespace policy; explicit named modes, no XML enum interpretation
Merge_Then_IndentThen.Indent	Boolean	true	false	covered	merge.then.keywordIndent	{"enabled":false,"offset":0,"onNewLineOnly":true,"style":"relative","transparent":false}	{"enabled":false,"offset":0,"onNewLineOnly":true,"style":"relative","transparent":false}	native_alternative_not_xml_conversion	MergeBranchParityTests.Every_indent_honors_enabled_offset_newline_style_and_transparency	Native AST-scoped branch layout; enabled/offset/newline/style or named modes, XML numeric enums not inferred
Merge_Then_IndentThen.OnNewLineOnly	Boolean	true	true	covered	merge.then.keywordIndent	{"enabled":false,"offset":0,"onNewLineOnly":true,"style":"relative","transparent":false}	{"enabled":false,"offset":0,"onNewLineOnly":true,"style":"relative","transparent":false}	native_alternative_not_xml_conversion	MergeBranchParityTests.Every_indent_honors_enabled_offset_newline_style_and_transparency	Native AST-scoped branch layout; enabled/offset/newline/style or named modes, XML numeric enums not inferred
Merge_Then_IndentThen.Size	Integer	0	4	covered	merge.then.keywordIndent	{"enabled":false,"offset":0,"onNewLineOnly":true,"style":"relative","transparent":false}	{"enabled":false,"offset":0,"onNewLineOnly":true,"style":"relative","transparent":false}	native_alternative_not_xml_conversion	MergeBranchParityTests.Every_indent_honors_enabled_offset_newline_style_and_transparency	Native AST-scoped branch layout; enabled/offset/newline/style or named modes, XML numeric enums not inferred
Merge_Then_IndentThenActions.Indent	Boolean	true	true	covered	merge.then.actionIndent	{"enabled":false,"offset":0,"onNewLineOnly":true,"style":"relative","transparent":false}	{"enabled":false,"offset":0,"onNewLineOnly":true,"style":"relative","transparent":false}	native_alternative_not_xml_conversion	MergeBranchParityTests.Every_indent_honors_enabled_offset_newline_style_and_transparency	Native AST-scoped branch layout; enabled/offset/newline/style or named modes, XML numeric enums not inferred
Merge_Then_IndentThenActions.OnNewLineOnly	Boolean	true	true	covered	merge.then.actionIndent	{"enabled":false,"offset":0,"onNewLineOnly":true,"style":"relative","transparent":false}	{"enabled":false,"offset":0,"onNewLineOnly":true,"style":"relative","transparent":false}	native_alternative_not_xml_conversion	MergeBranchParityTests.Every_indent_honors_enabled_offset_newline_style_and_transparency	Native AST-scoped branch layout; enabled/offset/newline/style or named modes, XML numeric enums not inferred
Merge_Then_IndentThenActions.Size	Integer	0	0	covered	merge.then.actionIndent	{"enabled":false,"offset":0,"onNewLineOnly":true,"style":"relative","transparent":false}	{"enabled":false,"offset":0,"onNewLineOnly":true,"style":"relative","transparent":false}	native_alternative_not_xml_conversion	MergeBranchParityTests.Every_indent_honors_enabled_offset_newline_style_and_transparency	Native AST-scoped branch layout; enabled/offset/newline/style or named modes, XML numeric enums not inferred
Merge_Then_Insert_ColumnList_IndentColumnList.Indent	Boolean	false	false	covered	merge.insert.columns.listIndent	{"enabled":false,"offset":0,"onNewLineOnly":true,"style":"relative","transparent":false}	{"enabled":false,"offset":0,"onNewLineOnly":true,"style":"relative","transparent":false}	native_alternative_not_xml_conversion	MergeBranchParityTests.Every_indent_honors_enabled_offset_newline_style_and_transparency	Native AST-scoped branch layout; enabled/offset/newline/style or named modes, XML numeric enums not inferred
Merge_Then_Insert_ColumnList_IndentColumnList.OnNewLineOnly	Boolean	true	true	covered	merge.insert.columns.listIndent	{"enabled":false,"offset":0,"onNewLineOnly":true,"style":"relative","transparent":false}	{"enabled":false,"offset":0,"onNewLineOnly":true,"style":"relative","transparent":false}	native_alternative_not_xml_conversion	MergeBranchParityTests.Every_indent_honors_enabled_offset_newline_style_and_transparency	Native AST-scoped branch layout; enabled/offset/newline/style or named modes, XML numeric enums not inferred
Merge_Then_Insert_ColumnList_IndentColumnList.Size	Integer	0	0	covered	merge.insert.columns.listIndent	{"enabled":false,"offset":0,"onNewLineOnly":true,"style":"relative","transparent":false}	{"enabled":false,"offset":0,"onNewLineOnly":true,"style":"relative","transparent":false}	native_alternative_not_xml_conversion	MergeBranchParityTests.Every_indent_honors_enabled_offset_newline_style_and_transparency	Native AST-scoped branch layout; enabled/offset/newline/style or named modes, XML numeric enums not inferred
Merge_Then_Insert_ColumnList_IndentColumnListBraces.Indent	Boolean	false	false	covered	merge.insert.columns.braceIndent	{"enabled":false,"offset":0,"onNewLineOnly":true,"style":"relative","transparent":false}	{"enabled":false,"offset":0,"onNewLineOnly":true,"style":"relative","transparent":false}	native_alternative_not_xml_conversion	MergeBranchParityTests.Every_indent_honors_enabled_offset_newline_style_and_transparency	Native AST-scoped branch layout; enabled/offset/newline/style or named modes, XML numeric enums not inferred
Merge_Then_Insert_ColumnList_IndentColumnListBraces.OnNewLineOnly	Boolean	true	true	covered	merge.insert.columns.braceIndent	{"enabled":false,"offset":0,"onNewLineOnly":true,"style":"relative","transparent":false}	{"enabled":false,"offset":0,"onNewLineOnly":true,"style":"relative","transparent":false}	native_alternative_not_xml_conversion	MergeBranchParityTests.Every_indent_honors_enabled_offset_newline_style_and_transparency	Native AST-scoped branch layout; enabled/offset/newline/style or named modes, XML numeric enums not inferred
Merge_Then_Insert_ColumnList_IndentColumnListBraces.Size	Integer	0	0	covered	merge.insert.columns.braceIndent	{"enabled":false,"offset":0,"onNewLineOnly":true,"style":"relative","transparent":false}	{"enabled":false,"offset":0,"onNewLineOnly":true,"style":"relative","transparent":false}	native_alternative_not_xml_conversion	MergeBranchParityTests.Every_indent_honors_enabled_offset_newline_style_and_transparency	Native AST-scoped branch layout; enabled/offset/newline/style or named modes, XML numeric enums not inferred
Merge_Then_Insert_ColumnList_InsertSpaceBeforeColumnsList	Boolean	false	true	covered	merge.insert.columns.spaceBeforeOpen	"inherit"	"inherit"	native_alternative_not_xml_conversion	MergeBranchParityTests.Every_space_policy_is_local_and_preserves_literal_contents	Native AST-scoped branch layout; enabled/offset/newline/style or named modes, XML numeric enums not inferred
Merge_Then_Insert_ColumnList_InsertSpacesWithinColumnsListBraces	Boolean	false	false	covered	merge.insert.columns.spaceWithin	"inherit"	"inherit"	native_alternative_not_xml_conversion	MergeBranchParityTests.Every_space_policy_is_local_and_preserves_literal_contents	Native AST-scoped branch layout; enabled/offset/newline/style or named modes, XML numeric enums not inferred
Merge_Then_Insert_ColumnList_LineBreakAfterOpenBrace	Boolean	false	false	covered	merge.insert.columns.breakAfterOpen	"inherit"	"inherit"	native_alternative_not_xml_conversion	MergeBranchParityTests.Every_boundary_has_distinct_always_never_and_inherit_modes	Native AST-scoped branch layout; enabled/offset/newline/style or named modes, XML numeric enums not inferred
Merge_Then_Insert_ColumnList_LineBreakBeforeClosingBrace	Boolean	false	false	covered	merge.insert.columns.breakBeforeClose	"inherit"	"inherit"	native_alternative_not_xml_conversion	MergeBranchParityTests.Every_boundary_has_distinct_always_never_and_inherit_modes	Native AST-scoped branch layout; enabled/offset/newline/style or named modes, XML numeric enums not inferred
Merge_Then_Insert_ColumnList_LineBreakBeforeOpenBrace	Boolean	false	false	covered	merge.insert.columns.breakBeforeOpen	"inherit"	"inherit"	native_alternative_not_xml_conversion	MergeBranchParityTests.Every_boundary_has_distinct_always_never_and_inherit_modes	Native AST-scoped branch layout; enabled/offset/newline/style or named modes, XML numeric enums not inferred
Merge_Then_Insert_ColumnList_StackColumnsList	Boolean	false	true	covered	merge.insert.columns.stackList	"on"	"off"	native_alternative_not_xml_conversion	MergeBranchParityTests.Every_list_supports_on_off_auto_and_leading_commas	Native AST-scoped branch layout; enabled/offset/newline/style or named modes, XML numeric enums not inferred
Merge_Then_Insert_ColumnList_StackColumnsListMode	Integer	1	1	covered	merge.insert.columns.stackMode	"onePerLine"	"onePerLine"	native_alternative_not_xml_conversion	MergeBranchParityTests.Every_list_supports_on_off_auto_and_leading_commas	Native AST-scoped branch layout; enabled/offset/newline/style or named modes, XML numeric enums not inferred
Merge_Then_Insert_UseSameFormattingAsInInsert	Boolean	true	true	covered	merge.insert.useStatementFormatting	false	false	native_alternative_not_xml_conversion	MergeBranchParityTests.Conditions_inheritance_and_combined_nested_anchors_are_stable	Native AST-scoped branch layout; enabled/offset/newline/style or named modes, XML numeric enums not inferred
Merge_Then_Insert_Values_IndentValuesExpressionsList.Indent	Boolean	false	false	covered	merge.insert.values.listIndent	{"enabled":false,"offset":0,"onNewLineOnly":true,"style":"relative","transparent":false}	{"enabled":false,"offset":0,"onNewLineOnly":true,"style":"relative","transparent":false}	native_alternative_not_xml_conversion	MergeBranchParityTests.Every_indent_honors_enabled_offset_newline_style_and_transparency	Native AST-scoped branch layout; enabled/offset/newline/style or named modes, XML numeric enums not inferred
Merge_Then_Insert_Values_IndentValuesExpressionsList.OnNewLineOnly	Boolean	true	true	covered	merge.insert.values.listIndent	{"enabled":false,"offset":0,"onNewLineOnly":true,"style":"relative","transparent":false}	{"enabled":false,"offset":0,"onNewLineOnly":true,"style":"relative","transparent":false}	native_alternative_not_xml_conversion	MergeBranchParityTests.Every_indent_honors_enabled_offset_newline_style_and_transparency	Native AST-scoped branch layout; enabled/offset/newline/style or named modes, XML numeric enums not inferred
Merge_Then_Insert_Values_IndentValuesExpressionsList.Size	Integer	0	0	covered	merge.insert.values.listIndent	{"enabled":false,"offset":0,"onNewLineOnly":true,"style":"relative","transparent":false}	{"enabled":false,"offset":0,"onNewLineOnly":true,"style":"relative","transparent":false}	native_alternative_not_xml_conversion	MergeBranchParityTests.Every_indent_honors_enabled_offset_newline_style_and_transparency	Native AST-scoped branch layout; enabled/offset/newline/style or named modes, XML numeric enums not inferred
Merge_Then_Insert_Values_IndentValuesExpressionsListBraces.Indent	Boolean	false	false	covered	merge.insert.values.braceIndent	{"enabled":false,"offset":0,"onNewLineOnly":true,"style":"relative","transparent":false}	{"enabled":false,"offset":0,"onNewLineOnly":true,"style":"relative","transparent":false}	native_alternative_not_xml_conversion	MergeBranchParityTests.Every_indent_honors_enabled_offset_newline_style_and_transparency	Native AST-scoped branch layout; enabled/offset/newline/style or named modes, XML numeric enums not inferred
Merge_Then_Insert_Values_IndentValuesExpressionsListBraces.OnNewLineOnly	Boolean	true	true	covered	merge.insert.values.braceIndent	{"enabled":false,"offset":0,"onNewLineOnly":true,"style":"relative","transparent":false}	{"enabled":false,"offset":0,"onNewLineOnly":true,"style":"relative","transparent":false}	native_alternative_not_xml_conversion	MergeBranchParityTests.Every_indent_honors_enabled_offset_newline_style_and_transparency	Native AST-scoped branch layout; enabled/offset/newline/style or named modes, XML numeric enums not inferred
Merge_Then_Insert_Values_IndentValuesExpressionsListBraces.Size	Integer	0	0	covered	merge.insert.values.braceIndent	{"enabled":false,"offset":0,"onNewLineOnly":true,"style":"relative","transparent":false}	{"enabled":false,"offset":0,"onNewLineOnly":true,"style":"relative","transparent":false}	native_alternative_not_xml_conversion	MergeBranchParityTests.Every_indent_honors_enabled_offset_newline_style_and_transparency	Native AST-scoped branch layout; enabled/offset/newline/style or named modes, XML numeric enums not inferred
Merge_Then_Insert_Values_IndentValuesKeyword.Indent	Boolean	false	false	covered	merge.insert.values.keywordIndent	{"enabled":false,"offset":0,"onNewLineOnly":true,"style":"relative","transparent":false}	{"enabled":false,"offset":0,"onNewLineOnly":true,"style":"relative","transparent":false}	native_alternative_not_xml_conversion	MergeBranchParityTests.Every_indent_honors_enabled_offset_newline_style_and_transparency	Native AST-scoped branch layout; enabled/offset/newline/style or named modes, XML numeric enums not inferred
Merge_Then_Insert_Values_IndentValuesKeyword.OnNewLineOnly	Boolean	true	true	covered	merge.insert.values.keywordIndent	{"enabled":false,"offset":0,"onNewLineOnly":true,"style":"relative","transparent":false}	{"enabled":false,"offset":0,"onNewLineOnly":true,"style":"relative","transparent":false}	native_alternative_not_xml_conversion	MergeBranchParityTests.Every_indent_honors_enabled_offset_newline_style_and_transparency	Native AST-scoped branch layout; enabled/offset/newline/style or named modes, XML numeric enums not inferred
Merge_Then_Insert_Values_IndentValuesKeyword.Size	Integer	0	0	covered	merge.insert.values.keywordIndent	{"enabled":false,"offset":0,"onNewLineOnly":true,"style":"relative","transparent":false}	{"enabled":false,"offset":0,"onNewLineOnly":true,"style":"relative","transparent":false}	native_alternative_not_xml_conversion	MergeBranchParityTests.Every_indent_honors_enabled_offset_newline_style_and_transparency	Native AST-scoped branch layout; enabled/offset/newline/style or named modes, XML numeric enums not inferred
Merge_Then_Insert_Values_InsertSpaceAfterValuesKeyword	Boolean	false	true	covered	merge.insert.values.spaceAfterKeyword	"inherit"	"inherit"	native_alternative_not_xml_conversion	MergeBranchParityTests.Every_space_policy_is_local_and_preserves_literal_contents	Native AST-scoped branch layout; enabled/offset/newline/style or named modes, XML numeric enums not inferred
Merge_Then_Insert_Values_InsertSpacesWithinValuesExpressionsListBraces	Boolean	false	false	covered	merge.insert.values.spaceWithin	"inherit"	"inherit"	native_alternative_not_xml_conversion	MergeBranchParityTests.Every_space_policy_is_local_and_preserves_literal_contents	Native AST-scoped branch layout; enabled/offset/newline/style or named modes, XML numeric enums not inferred
Merge_Then_Insert_Values_LineBreakAfterOpenBrace	Boolean	false	false	covered	merge.insert.values.breakAfterOpen	"inherit"	"inherit"	native_alternative_not_xml_conversion	MergeBranchParityTests.Every_boundary_has_distinct_always_never_and_inherit_modes	Native AST-scoped branch layout; enabled/offset/newline/style or named modes, XML numeric enums not inferred
Merge_Then_Insert_Values_LineBreakAfterValues	Boolean	false	false	covered	merge.insert.values.breakAfterKeyword	"inherit"	"inherit"	native_alternative_not_xml_conversion	MergeBranchParityTests.Every_boundary_has_distinct_always_never_and_inherit_modes	Native AST-scoped branch layout; enabled/offset/newline/style or named modes, XML numeric enums not inferred
Merge_Then_Insert_Values_LineBreakBeforeClosingBrace	Boolean	false	false	covered	merge.insert.values.breakBeforeClose	"inherit"	"inherit"	native_alternative_not_xml_conversion	MergeBranchParityTests.Every_boundary_has_distinct_always_never_and_inherit_modes	Native AST-scoped branch layout; enabled/offset/newline/style or named modes, XML numeric enums not inferred
Merge_Then_Insert_Values_LineBreakBeforeValues	Boolean	false	true	covered	merge.insert.values.breakBeforeKeyword	"inherit"	"inherit"	native_alternative_not_xml_conversion	MergeBranchParityTests.Every_boundary_has_distinct_always_never_and_inherit_modes	Native AST-scoped branch layout; enabled/offset/newline/style or named modes, XML numeric enums not inferred
Merge_Then_Insert_Values_StackValuesExpressionsList	Boolean	false	true	covered	merge.insert.values.stackList	"on"	"off"	native_alternative_not_xml_conversion	MergeBranchParityTests.Every_list_supports_on_off_auto_and_leading_commas	Native AST-scoped branch layout; enabled/offset/newline/style or named modes, XML numeric enums not inferred
Merge_Then_Insert_Values_StackValuesExpressionsListMode	Integer	1	8	covered	merge.insert.values.stackMode	"onePerLine"	"onePerLine"	native_alternative_not_xml_conversion	MergeBranchParityTests.Every_list_supports_on_off_auto_and_leading_commas	Native AST-scoped branch layout; enabled/offset/newline/style or named modes, XML numeric enums not inferred
Merge_Then_LineBreakAfterThen	Boolean	false	false	covered	merge.then.breakAfter	"inherit"	"inherit"	native_alternative_not_xml_conversion	MergeBranchParityTests.Every_boundary_has_distinct_always_never_and_inherit_modes	Native AST-scoped branch layout; enabled/offset/newline/style or named modes, XML numeric enums not inferred
Merge_Then_LineBreakBeforeThen	Boolean	true	false	covered	merge.then.breakBefore	"inherit"	"inherit"	native_alternative_not_xml_conversion	MergeBranchParityTests.Every_boundary_has_distinct_always_never_and_inherit_modes	Native AST-scoped branch layout; enabled/offset/newline/style or named modes, XML numeric enums not inferred
Merge_Then_Update_SetClause_IndentColumnAssignmentsList.Indent	Boolean	false	false	covered	merge.update.set.listIndent	{"enabled":false,"offset":0,"onNewLineOnly":true,"style":"relative","transparent":false}	{"enabled":false,"offset":0,"onNewLineOnly":true,"style":"relative","transparent":false}	native_alternative_not_xml_conversion	MergeBranchParityTests.Every_indent_honors_enabled_offset_newline_style_and_transparency	Native AST-scoped branch layout; enabled/offset/newline/style or named modes, XML numeric enums not inferred
Merge_Then_Update_SetClause_IndentColumnAssignmentsList.OnNewLineOnly	Boolean	true	true	covered	merge.update.set.listIndent	{"enabled":false,"offset":0,"onNewLineOnly":true,"style":"relative","transparent":false}	{"enabled":false,"offset":0,"onNewLineOnly":true,"style":"relative","transparent":false}	native_alternative_not_xml_conversion	MergeBranchParityTests.Every_indent_honors_enabled_offset_newline_style_and_transparency	Native AST-scoped branch layout; enabled/offset/newline/style or named modes, XML numeric enums not inferred
Merge_Then_Update_SetClause_IndentColumnAssignmentsList.Size	Integer	0	0	covered	merge.update.set.listIndent	{"enabled":false,"offset":0,"onNewLineOnly":true,"style":"relative","transparent":false}	{"enabled":false,"offset":0,"onNewLineOnly":true,"style":"relative","transparent":false}	native_alternative_not_xml_conversion	MergeBranchParityTests.Every_indent_honors_enabled_offset_newline_style_and_transparency	Native AST-scoped branch layout; enabled/offset/newline/style or named modes, XML numeric enums not inferred
Merge_Then_Update_SetClause_IndentSetKeyword.Indent	Boolean	false	false	covered	merge.update.set.keywordIndent	{"enabled":false,"offset":0,"onNewLineOnly":true,"style":"relative","transparent":false}	{"enabled":false,"offset":0,"onNewLineOnly":true,"style":"relative","transparent":false}	native_alternative_not_xml_conversion	MergeBranchParityTests.Every_indent_honors_enabled_offset_newline_style_and_transparency	Native AST-scoped branch layout; enabled/offset/newline/style or named modes, XML numeric enums not inferred
Merge_Then_Update_SetClause_IndentSetKeyword.OnNewLineOnly	Boolean	true	true	covered	merge.update.set.keywordIndent	{"enabled":false,"offset":0,"onNewLineOnly":true,"style":"relative","transparent":false}	{"enabled":false,"offset":0,"onNewLineOnly":true,"style":"relative","transparent":false}	native_alternative_not_xml_conversion	MergeBranchParityTests.Every_indent_honors_enabled_offset_newline_style_and_transparency	Native AST-scoped branch layout; enabled/offset/newline/style or named modes, XML numeric enums not inferred
Merge_Then_Update_SetClause_IndentSetKeyword.Size	Integer	0	0	covered	merge.update.set.keywordIndent	{"enabled":false,"offset":0,"onNewLineOnly":true,"style":"relative","transparent":false}	{"enabled":false,"offset":0,"onNewLineOnly":true,"style":"relative","transparent":false}	native_alternative_not_xml_conversion	MergeBranchParityTests.Every_indent_honors_enabled_offset_newline_style_and_transparency	Native AST-scoped branch layout; enabled/offset/newline/style or named modes, XML numeric enums not inferred
Merge_Then_Update_SetClause_LineBreakAfterSet	Boolean	false	false	covered	merge.update.set.breakAfter	"inherit"	"inherit"	native_alternative_not_xml_conversion	MergeBranchParityTests.Every_boundary_has_distinct_always_never_and_inherit_modes	Native AST-scoped branch layout; enabled/offset/newline/style or named modes, XML numeric enums not inferred
Merge_Then_Update_SetClause_LineBreakBeforeSet	Boolean	false	false	covered	merge.update.set.breakBefore	"inherit"	"inherit"	native_alternative_not_xml_conversion	MergeBranchParityTests.Every_boundary_has_distinct_always_never_and_inherit_modes	Native AST-scoped branch layout; enabled/offset/newline/style or named modes, XML numeric enums not inferred
Merge_Then_Update_SetClause_StackColumnAssignmentsList	Boolean	false	true	covered	merge.update.set.stackList	"on"	"off"	native_alternative_not_xml_conversion	MergeBranchParityTests.Every_list_supports_on_off_auto_and_leading_commas	Native AST-scoped branch layout; enabled/offset/newline/style or named modes, XML numeric enums not inferred
Merge_Then_Update_SetClause_StackColumnAssignmentsListMode	Integer	2	1	covered	merge.update.set.stackMode	"onePerLine"	"onePerLine"	native_alternative_not_xml_conversion	MergeBranchParityTests.Every_list_supports_on_off_auto_and_leading_commas	Native AST-scoped branch layout; enabled/offset/newline/style or named modes, XML numeric enums not inferred
Merge_Then_Update_UseSameFormattingAsInUpdate	Boolean	true	true	covered	merge.update.useStatementFormatting	false	false	native_alternative_not_xml_conversion	MergeBranchParityTests.Conditions_inheritance_and_combined_nested_anchors_are_stable	Native AST-scoped branch layout; enabled/offset/newline/style or named modes, XML numeric enums not inferred
Merge_TopClause_IndentPercentKeyword.Indent	Boolean	false	false	covered	merge.top.percentIndent	{"enabled":false,"offset":0,"onNewLineOnly":true,"style":"relative","transparent":false}	{"enabled":false,"offset":0,"onNewLineOnly":true,"style":"relative","transparent":false}	native_alternative_not_xml_conversion	MergeTailParityTests.Every_indent_honors_all_native_fields	Native MERGE TOP/OUTPUT/OPTION whitespace policy; explicit named modes, no XML enum interpretation
Merge_TopClause_IndentPercentKeyword.OnNewLineOnly	Boolean	true	true	covered	merge.top.percentIndent	{"enabled":false,"offset":0,"onNewLineOnly":true,"style":"relative","transparent":false}	{"enabled":false,"offset":0,"onNewLineOnly":true,"style":"relative","transparent":false}	native_alternative_not_xml_conversion	MergeTailParityTests.Every_indent_honors_all_native_fields	Native MERGE TOP/OUTPUT/OPTION whitespace policy; explicit named modes, no XML enum interpretation
Merge_TopClause_IndentPercentKeyword.Size	Integer	0	0	covered	merge.top.percentIndent	{"enabled":false,"offset":0,"onNewLineOnly":true,"style":"relative","transparent":false}	{"enabled":false,"offset":0,"onNewLineOnly":true,"style":"relative","transparent":false}	native_alternative_not_xml_conversion	MergeTailParityTests.Every_indent_honors_all_native_fields	Native MERGE TOP/OUTPUT/OPTION whitespace policy; explicit named modes, no XML enum interpretation
Merge_TopClause_IndentTopKeyword.Indent	Boolean	false	false	covered	merge.top.keywordIndent	{"enabled":false,"offset":0,"onNewLineOnly":true,"style":"relative","transparent":false}	{"enabled":false,"offset":0,"onNewLineOnly":true,"style":"relative","transparent":false}	native_alternative_not_xml_conversion	MergeTailParityTests.Every_indent_honors_all_native_fields	Native MERGE TOP/OUTPUT/OPTION whitespace policy; explicit named modes, no XML enum interpretation
Merge_TopClause_IndentTopKeyword.OnNewLineOnly	Boolean	true	true	covered	merge.top.keywordIndent	{"enabled":false,"offset":0,"onNewLineOnly":true,"style":"relative","transparent":false}	{"enabled":false,"offset":0,"onNewLineOnly":true,"style":"relative","transparent":false}	native_alternative_not_xml_conversion	MergeTailParityTests.Every_indent_honors_all_native_fields	Native MERGE TOP/OUTPUT/OPTION whitespace policy; explicit named modes, no XML enum interpretation
Merge_TopClause_IndentTopKeyword.Size	Integer	0	0	covered	merge.top.keywordIndent	{"enabled":false,"offset":0,"onNewLineOnly":true,"style":"relative","transparent":false}	{"enabled":false,"offset":0,"onNewLineOnly":true,"style":"relative","transparent":false}	native_alternative_not_xml_conversion	MergeTailParityTests.Every_indent_honors_all_native_fields	Native MERGE TOP/OUTPUT/OPTION whitespace policy; explicit named modes, no XML enum interpretation
Merge_TopClause_InsertSpaceAfterTop	Boolean	true	true	covered	merge.top.spaceAfterKeyword	"inherit"	"inherit"	native_alternative_not_xml_conversion	MergeTailParityTests.Top_spaces_and_breaks_are_local	Native MERGE TOP/OUTPUT/OPTION whitespace policy; explicit named modes, no XML enum interpretation
Merge_TopClause_InsertSpacesWithinExpressionBraces	Boolean	false	false	covered	merge.top.spaceWithin	"inherit"	"inherit"	native_alternative_not_xml_conversion	MergeTailParityTests.Top_spaces_and_breaks_are_local	Native MERGE TOP/OUTPUT/OPTION whitespace policy; explicit named modes, no XML enum interpretation
Merge_TopClause_LineBreakAfterOpeningBrace	Boolean	false	false	covered	merge.top.breakAfterOpen	"inherit"	"inherit"	native_alternative_not_xml_conversion	MergeTailParityTests.Every_boundary_has_distinct_always_never_and_inherit_modes	Native MERGE TOP/OUTPUT/OPTION whitespace policy; explicit named modes, no XML enum interpretation
Merge_TopClause_LineBreakBeforeClosingBrace	Boolean	false	false	covered	merge.top.breakBeforeClose	"inherit"	"inherit"	native_alternative_not_xml_conversion	MergeTailParityTests.Every_boundary_has_distinct_always_never_and_inherit_modes	Native MERGE TOP/OUTPUT/OPTION whitespace policy; explicit named modes, no XML enum interpretation
Merge_TopClause_LineBreakBeforeOpeningBrace	Boolean	false	false	covered	merge.top.breakBeforeOpen	"inherit"	"inherit"	native_alternative_not_xml_conversion	MergeTailParityTests.Every_boundary_has_distinct_always_never_and_inherit_modes	Native MERGE TOP/OUTPUT/OPTION whitespace policy; explicit named modes, no XML enum interpretation
Merge_TopClause_LineBreakBeforePercent	Boolean	false	false	covered	merge.top.breakBeforePercent	"inherit"	"inherit"	native_alternative_not_xml_conversion	MergeTailParityTests.Every_boundary_has_distinct_always_never_and_inherit_modes	Native MERGE TOP/OUTPUT/OPTION whitespace policy; explicit named modes, no XML enum interpretation
Merge_TopClause_LineBreakBeforeTop	Boolean	false	false	covered	merge.top.breakBefore	"inherit"	"inherit"	native_alternative_not_xml_conversion	MergeTailParityTests.Every_boundary_has_distinct_always_never_and_inherit_modes	Native MERGE TOP/OUTPUT/OPTION whitespace policy; explicit named modes, no XML enum interpretation
Merge_Using_IndentUsingKeyword.Indent	Boolean	false	false	covered	merge.using.keywordIndent	{"enabled":false,"offset":0,"onNewLineOnly":true,"style":"relative","transparent":false}	{"enabled":false,"offset":0,"onNewLineOnly":true,"style":"relative","transparent":false}	native_alternative_not_xml_conversion	MergeHeaderParityTests.Every_indent_targets_a_real_boundary_and_honors_enabled_offset_and_newline	Native indent enabled/offset/onNewLineOnly at parsed MERGE header/source boundary; signed offset in configured indent units
Merge_Using_IndentUsingKeyword.OnNewLineOnly	Boolean	true	true	covered	merge.using.keywordIndent	{"enabled":false,"offset":0,"onNewLineOnly":true,"style":"relative","transparent":false}	{"enabled":false,"offset":0,"onNewLineOnly":true,"style":"relative","transparent":false}	native_alternative_not_xml_conversion	MergeHeaderParityTests.Every_indent_targets_a_real_boundary_and_honors_enabled_offset_and_newline	Native indent enabled/offset/onNewLineOnly at parsed MERGE header/source boundary; signed offset in configured indent units
Merge_Using_IndentUsingKeyword.Size	Integer	0	0	covered	merge.using.keywordIndent	{"enabled":false,"offset":0,"onNewLineOnly":true,"style":"relative","transparent":false}	{"enabled":false,"offset":0,"onNewLineOnly":true,"style":"relative","transparent":false}	native_alternative_not_xml_conversion	MergeHeaderParityTests.Every_indent_targets_a_real_boundary_and_honors_enabled_offset_and_newline	Native indent enabled/offset/onNewLineOnly at parsed MERGE header/source boundary; signed offset in configured indent units
Merge_Using_Join_IndentJoinKeyword.Indent	Boolean	false	true	covered	merge.join.keywordIndent	{"enabled":false,"offset":0,"onNewLineOnly":true,"style":"relative","transparent":false}	{"enabled":false,"offset":0,"onNewLineOnly":true,"style":"relative","transparent":false}	native_alternative_not_xml_conversion	MergeHeaderParityTests.Every_indent_targets_a_real_boundary_and_honors_enabled_offset_and_newline	Native indent enabled/offset/onNewLineOnly at parsed MERGE header/source boundary; signed offset in configured indent units
Merge_Using_Join_IndentJoinKeyword.OnNewLineOnly	Boolean	true	true	covered	merge.join.keywordIndent	{"enabled":false,"offset":0,"onNewLineOnly":true,"style":"relative","transparent":false}	{"enabled":false,"offset":0,"onNewLineOnly":true,"style":"relative","transparent":false}	native_alternative_not_xml_conversion	MergeHeaderParityTests.Every_indent_targets_a_real_boundary_and_honors_enabled_offset_and_newline	Native indent enabled/offset/onNewLineOnly at parsed MERGE header/source boundary; signed offset in configured indent units
Merge_Using_Join_IndentJoinKeyword.Size	Integer	0	0	covered	merge.join.keywordIndent	{"enabled":false,"offset":0,"onNewLineOnly":true,"style":"relative","transparent":false}	{"enabled":false,"offset":0,"onNewLineOnly":true,"style":"relative","transparent":false}	native_alternative_not_xml_conversion	MergeHeaderParityTests.Every_indent_targets_a_real_boundary_and_honors_enabled_offset_and_newline	Native indent enabled/offset/onNewLineOnly at parsed MERGE header/source boundary; signed offset in configured indent units
Merge_Using_Join_IndentJoinKeyword.Style	Integer	-	4	covered	merge.join.keywordIndent	{"enabled":false,"offset":0,"onNewLineOnly":true,"style":"relative","transparent":false}	{"enabled":false,"offset":0,"onNewLineOnly":true,"style":"relative","transparent":false}	native_alternative_not_xml_conversion	MergeHeaderParityTests.Nested_not_conditions_styles_transparency_and_signed_indents_are_stable	Native relative/absolute style and transparent indent at JOIN phrase; XML numeric Style not assumed
Merge_Using_Join_IndentJoinKeyword.Transparent	Boolean	true	true	covered	merge.join.keywordIndent	{"enabled":false,"offset":0,"onNewLineOnly":true,"style":"relative","transparent":false}	{"enabled":false,"offset":0,"onNewLineOnly":true,"style":"relative","transparent":false}	native_alternative_not_xml_conversion	MergeHeaderParityTests.Nested_not_conditions_styles_transparency_and_signed_indents_are_stable	Native relative/absolute style and transparent indent at JOIN phrase; XML numeric Style not assumed
Merge_Using_Join_IndentOnCondition.Indent	Boolean	false	true	covered	merge.join.onConditionIndent	{"enabled":false,"offset":0,"onNewLineOnly":true,"style":"relative","transparent":false}	{"enabled":false,"offset":0,"onNewLineOnly":true,"style":"relative","transparent":false}	native_alternative_not_xml_conversion	MergeHeaderParityTests.Every_indent_targets_a_real_boundary_and_honors_enabled_offset_and_newline	Native indent enabled/offset/onNewLineOnly at parsed MERGE header/source boundary; signed offset in configured indent units
Merge_Using_Join_IndentOnCondition.OnNewLineOnly	Boolean	true	false	covered	merge.join.onConditionIndent	{"enabled":false,"offset":0,"onNewLineOnly":true,"style":"relative","transparent":false}	{"enabled":false,"offset":0,"onNewLineOnly":true,"style":"relative","transparent":false}	native_alternative_not_xml_conversion	MergeHeaderParityTests.Every_indent_targets_a_real_boundary_and_honors_enabled_offset_and_newline	Native indent enabled/offset/onNewLineOnly at parsed MERGE header/source boundary; signed offset in configured indent units
Merge_Using_Join_IndentOnCondition.Size	Integer	0	-1	covered	merge.join.onConditionIndent	{"enabled":false,"offset":0,"onNewLineOnly":true,"style":"relative","transparent":false}	{"enabled":false,"offset":0,"onNewLineOnly":true,"style":"relative","transparent":false}	native_alternative_not_xml_conversion	MergeHeaderParityTests.Every_indent_targets_a_real_boundary_and_honors_enabled_offset_and_newline	Native indent enabled/offset/onNewLineOnly at parsed MERGE header/source boundary; signed offset in configured indent units
Merge_Using_Join_IndentOnKeyword.Indent	Boolean	false	false	covered	merge.join.onKeywordIndent	{"enabled":false,"offset":0,"onNewLineOnly":true,"style":"relative","transparent":false}	{"enabled":false,"offset":0,"onNewLineOnly":true,"style":"relative","transparent":false}	native_alternative_not_xml_conversion	MergeHeaderParityTests.Every_indent_targets_a_real_boundary_and_honors_enabled_offset_and_newline	Native indent enabled/offset/onNewLineOnly at parsed MERGE header/source boundary; signed offset in configured indent units
Merge_Using_Join_IndentOnKeyword.OnNewLineOnly	Boolean	true	true	covered	merge.join.onKeywordIndent	{"enabled":false,"offset":0,"onNewLineOnly":true,"style":"relative","transparent":false}	{"enabled":false,"offset":0,"onNewLineOnly":true,"style":"relative","transparent":false}	native_alternative_not_xml_conversion	MergeHeaderParityTests.Every_indent_targets_a_real_boundary_and_honors_enabled_offset_and_newline	Native indent enabled/offset/onNewLineOnly at parsed MERGE header/source boundary; signed offset in configured indent units
Merge_Using_Join_IndentOnKeyword.Size	Integer	0	0	covered	merge.join.onKeywordIndent	{"enabled":false,"offset":0,"onNewLineOnly":true,"style":"relative","transparent":false}	{"enabled":false,"offset":0,"onNewLineOnly":true,"style":"relative","transparent":false}	native_alternative_not_xml_conversion	MergeHeaderParityTests.Every_indent_targets_a_real_boundary_and_honors_enabled_offset_and_newline	Native indent enabled/offset/onNewLineOnly at parsed MERGE header/source boundary; signed offset in configured indent units
Merge_Using_Join_IndentTableAfterJoin.Indent	Boolean	false	true	covered	merge.join.tableIndent	{"enabled":false,"offset":0,"onNewLineOnly":true,"style":"relative","transparent":false}	{"enabled":false,"offset":0,"onNewLineOnly":true,"style":"relative","transparent":false}	native_alternative_not_xml_conversion	MergeHeaderParityTests.Every_indent_targets_a_real_boundary_and_honors_enabled_offset_and_newline	Native indent enabled/offset/onNewLineOnly at parsed MERGE header/source boundary; signed offset in configured indent units
Merge_Using_Join_IndentTableAfterJoin.OnNewLineOnly	Boolean	true	false	covered	merge.join.tableIndent	{"enabled":false,"offset":0,"onNewLineOnly":true,"style":"relative","transparent":false}	{"enabled":false,"offset":0,"onNewLineOnly":true,"style":"relative","transparent":false}	native_alternative_not_xml_conversion	MergeHeaderParityTests.Every_indent_targets_a_real_boundary_and_honors_enabled_offset_and_newline	Native indent enabled/offset/onNewLineOnly at parsed MERGE header/source boundary; signed offset in configured indent units
Merge_Using_Join_IndentTableAfterJoin.Size	Integer	0	3	covered	merge.join.tableIndent	{"enabled":false,"offset":0,"onNewLineOnly":true,"style":"relative","transparent":false}	{"enabled":false,"offset":0,"onNewLineOnly":true,"style":"relative","transparent":false}	native_alternative_not_xml_conversion	MergeHeaderParityTests.Every_indent_targets_a_real_boundary_and_honors_enabled_offset_and_newline	Native indent enabled/offset/onNewLineOnly at parsed MERGE header/source boundary; signed offset in configured indent units
Merge_Using_Join_IndentWrapConditionNestedOperations.Indent	Boolean	false	true	covered	merge.join.nestedConditionIndent	{"enabled":false,"offset":0,"onNewLineOnly":true,"style":"relative","transparent":false}	{"enabled":false,"offset":0,"onNewLineOnly":true,"style":"relative","transparent":false}	native_alternative_not_xml_conversion	MergeHeaderParityTests.Every_indent_targets_a_real_boundary_and_honors_enabled_offset_and_newline	Native indent enabled/offset/onNewLineOnly at parsed MERGE header/source boundary; signed offset in configured indent units
Merge_Using_Join_IndentWrapConditionNestedOperations.OnNewLineOnly	Boolean	true	false	covered	merge.join.nestedConditionIndent	{"enabled":false,"offset":0,"onNewLineOnly":true,"style":"relative","transparent":false}	{"enabled":false,"offset":0,"onNewLineOnly":true,"style":"relative","transparent":false}	native_alternative_not_xml_conversion	MergeHeaderParityTests.Every_indent_targets_a_real_boundary_and_honors_enabled_offset_and_newline	Native indent enabled/offset/onNewLineOnly at parsed MERGE header/source boundary; signed offset in configured indent units
Merge_Using_Join_IndentWrapConditionNestedOperations.Size	Integer	0	7	covered	merge.join.nestedConditionIndent	{"enabled":false,"offset":0,"onNewLineOnly":true,"style":"relative","transparent":false}	{"enabled":false,"offset":0,"onNewLineOnly":true,"style":"relative","transparent":false}	native_alternative_not_xml_conversion	MergeHeaderParityTests.Every_indent_targets_a_real_boundary_and_honors_enabled_offset_and_newline	Native indent enabled/offset/onNewLineOnly at parsed MERGE header/source boundary; signed offset in configured indent units
Merge_Using_Join_LineBreakAfterJoin	Boolean	false	false	covered	merge.join.breakAfter	"inherit"	"inherit"	native_alternative_not_xml_conversion	MergeHeaderParityTests.Every_boundary_supports_always_never_and_inherit	Native inherit/always/never whitespace boundary scoped to MERGE header/source; actions and trailing clauses are outside this policy
Merge_Using_Join_LineBreakAfterOn	Boolean	false	false	covered	merge.join.onBreakAfter	"inherit"	"inherit"	native_alternative_not_xml_conversion	MergeHeaderParityTests.Every_boundary_supports_always_never_and_inherit	Native inherit/always/never whitespace boundary scoped to MERGE header/source; actions and trailing clauses are outside this policy
Merge_Using_Join_LineBreakBeforeJoin	Boolean	false	true	covered	merge.join.breakBefore	"inherit"	"inherit"	native_alternative_not_xml_conversion	MergeHeaderParityTests.Every_boundary_supports_always_never_and_inherit	Native inherit/always/never whitespace boundary scoped to MERGE header/source; actions and trailing clauses are outside this policy
Merge_Using_Join_LineBreakBeforeOn	Boolean	false	true	covered	merge.join.onBreakBefore	"inherit"	"inherit"	native_alternative_not_xml_conversion	MergeHeaderParityTests.Every_boundary_supports_always_never_and_inherit	Native inherit/always/never whitespace boundary scoped to MERGE header/source; actions and trailing clauses are outside this policy
Merge_Using_Join_UseSameFormattingAsInSelect	Boolean	true	false	covered	merge.join.useSelectFormatting	false	false	native_alternative_not_xml_conversion	MergeHeaderParityTests.Join_inheritance_does_not_replace_outer_merge_on_or_derived_query_rules	Native Boolean selects SELECT JOIN rules, ignores local JOIN overrides, and leaves outer MERGE ON and derived queries independent
Merge_Using_Join_WrapAfterOperatorMode	Integer	1	1	covered	merge.join.wrapAfterOperator	"inherit"	"inherit"	native_alternative_not_xml_conversion	MergeHeaderParityTests.Boolean_modes_and_operator_sides_are_independent	Native inherit/none/and/or/both and independent inherit/always/never sides at outer ON or source JOIN ON; XML numeric modes not assumed
Merge_Using_Join_WrapBeforeOperatorMode	Integer	1	1	covered	merge.join.wrapBeforeOperator	"inherit"	"inherit"	native_alternative_not_xml_conversion	MergeHeaderParityTests.Boolean_modes_and_operator_sides_are_independent	Native inherit/none/and/or/both and independent inherit/always/never sides at outer ON or source JOIN ON; XML numeric modes not assumed
Merge_Using_Join_WrapConditionMode	Integer	0	1	covered	merge.join.wrapCondition	"inherit"	"inherit"	native_alternative_not_xml_conversion	MergeHeaderParityTests.Boolean_modes_and_operator_sides_are_independent	Native inherit/none/and/or/both and independent inherit/always/never sides at outer ON or source JOIN ON; XML numeric modes not assumed
Merge_Using_LineBreakAfterUsing	Boolean	false	false	covered	merge.using.breakAfter	"inherit"	"inherit"	native_alternative_not_xml_conversion	MergeHeaderParityTests.Every_boundary_supports_always_never_and_inherit	Native inherit/always/never whitespace boundary scoped to MERGE header/source; actions and trailing clauses are outside this policy
Merge_Using_LineBreakBeforeUsing	Boolean	false	true	covered	merge.using.breakBefore	"inherit"	"inherit"	native_alternative_not_xml_conversion	MergeHeaderParityTests.Every_boundary_supports_always_never_and_inherit	Native inherit/always/never whitespace boundary scoped to MERGE header/source; actions and trailing clauses are outside this policy
Merge_Using_Values_IndentValuesExpressionsList.Indent	Boolean	false	false	covered	merge.values.listIndent	{"enabled":false,"offset":0,"onNewLineOnly":true,"style":"relative","transparent":false}	{"enabled":false,"offset":0,"onNewLineOnly":true,"style":"relative","transparent":false}	native_alternative_not_xml_conversion	MergeHeaderParityTests.Every_indent_targets_a_real_boundary_and_honors_enabled_offset_and_newline	Native indent enabled/offset/onNewLineOnly at parsed MERGE header/source boundary; signed offset in configured indent units
Merge_Using_Values_IndentValuesExpressionsList.OnNewLineOnly	Boolean	true	true	covered	merge.values.listIndent	{"enabled":false,"offset":0,"onNewLineOnly":true,"style":"relative","transparent":false}	{"enabled":false,"offset":0,"onNewLineOnly":true,"style":"relative","transparent":false}	native_alternative_not_xml_conversion	MergeHeaderParityTests.Every_indent_targets_a_real_boundary_and_honors_enabled_offset_and_newline	Native indent enabled/offset/onNewLineOnly at parsed MERGE header/source boundary; signed offset in configured indent units
Merge_Using_Values_IndentValuesExpressionsList.Size	Integer	0	0	covered	merge.values.listIndent	{"enabled":false,"offset":0,"onNewLineOnly":true,"style":"relative","transparent":false}	{"enabled":false,"offset":0,"onNewLineOnly":true,"style":"relative","transparent":false}	native_alternative_not_xml_conversion	MergeHeaderParityTests.Every_indent_targets_a_real_boundary_and_honors_enabled_offset_and_newline	Native indent enabled/offset/onNewLineOnly at parsed MERGE header/source boundary; signed offset in configured indent units
Merge_Using_Values_IndentValuesExpressionsListBraces.Indent	Boolean	false	false	covered	merge.values.braceIndent	{"enabled":false,"offset":0,"onNewLineOnly":true,"style":"relative","transparent":false}	{"enabled":false,"offset":0,"onNewLineOnly":true,"style":"relative","transparent":false}	native_alternative_not_xml_conversion	MergeHeaderParityTests.Every_indent_targets_a_real_boundary_and_honors_enabled_offset_and_newline	Native indent enabled/offset/onNewLineOnly at parsed MERGE header/source boundary; signed offset in configured indent units
Merge_Using_Values_IndentValuesExpressionsListBraces.OnNewLineOnly	Boolean	true	true	covered	merge.values.braceIndent	{"enabled":false,"offset":0,"onNewLineOnly":true,"style":"relative","transparent":false}	{"enabled":false,"offset":0,"onNewLineOnly":true,"style":"relative","transparent":false}	native_alternative_not_xml_conversion	MergeHeaderParityTests.Every_indent_targets_a_real_boundary_and_honors_enabled_offset_and_newline	Native indent enabled/offset/onNewLineOnly at parsed MERGE header/source boundary; signed offset in configured indent units
Merge_Using_Values_IndentValuesExpressionsListBraces.Size	Integer	0	0	covered	merge.values.braceIndent	{"enabled":false,"offset":0,"onNewLineOnly":true,"style":"relative","transparent":false}	{"enabled":false,"offset":0,"onNewLineOnly":true,"style":"relative","transparent":false}	native_alternative_not_xml_conversion	MergeHeaderParityTests.Every_indent_targets_a_real_boundary_and_honors_enabled_offset_and_newline	Native indent enabled/offset/onNewLineOnly at parsed MERGE header/source boundary; signed offset in configured indent units
Merge_Using_Values_IndentValuesKeyword.Indent	Boolean	false	false	covered	merge.values.keywordIndent	{"enabled":false,"offset":0,"onNewLineOnly":true,"style":"relative","transparent":false}	{"enabled":false,"offset":0,"onNewLineOnly":true,"style":"relative","transparent":false}	native_alternative_not_xml_conversion	MergeHeaderParityTests.Every_indent_targets_a_real_boundary_and_honors_enabled_offset_and_newline	Native indent enabled/offset/onNewLineOnly at parsed MERGE header/source boundary; signed offset in configured indent units
Merge_Using_Values_IndentValuesKeyword.OnNewLineOnly	Boolean	true	true	covered	merge.values.keywordIndent	{"enabled":false,"offset":0,"onNewLineOnly":true,"style":"relative","transparent":false}	{"enabled":false,"offset":0,"onNewLineOnly":true,"style":"relative","transparent":false}	native_alternative_not_xml_conversion	MergeHeaderParityTests.Every_indent_targets_a_real_boundary_and_honors_enabled_offset_and_newline	Native indent enabled/offset/onNewLineOnly at parsed MERGE header/source boundary; signed offset in configured indent units
Merge_Using_Values_IndentValuesKeyword.Size	Integer	0	0	covered	merge.values.keywordIndent	{"enabled":false,"offset":0,"onNewLineOnly":true,"style":"relative","transparent":false}	{"enabled":false,"offset":0,"onNewLineOnly":true,"style":"relative","transparent":false}	native_alternative_not_xml_conversion	MergeHeaderParityTests.Every_indent_targets_a_real_boundary_and_honors_enabled_offset_and_newline	Native indent enabled/offset/onNewLineOnly at parsed MERGE header/source boundary; signed offset in configured indent units
Merge_Using_Values_InsertSpaceAfterValuesKeyword	Boolean	false	true	covered	merge.values.spaceAfterKeyword	"inherit"	"inherit"	native_alternative_not_xml_conversion	MergeHeaderParityTests.Local_spaces_change_only_the_requested_source_or_hint_gap	Native inherit/insert/remove gaps around hint parentheses or USING VALUES; explicit newlines take precedence
Merge_Using_Values_InsertSpacesWithinValuesExpressionsListBraces	Boolean	false	false	covered	merge.values.spaceWithin	"inherit"	"inherit"	native_alternative_not_xml_conversion	MergeHeaderParityTests.Local_spaces_change_only_the_requested_source_or_hint_gap	Native inherit/insert/remove gaps around hint parentheses or USING VALUES; explicit newlines take precedence
Merge_Using_Values_LineBreakAfterOpenBrace	Boolean	false	false	covered	merge.values.breakAfterOpen	"inherit"	"inherit"	native_alternative_not_xml_conversion	MergeHeaderParityTests.Every_boundary_supports_always_never_and_inherit	Native inherit/always/never whitespace boundary scoped to MERGE header/source; actions and trailing clauses are outside this policy
Merge_Using_Values_LineBreakAfterValues	Boolean	false	false	covered	merge.values.breakAfterKeyword	"inherit"	"inherit"	native_alternative_not_xml_conversion	MergeHeaderParityTests.Every_boundary_supports_always_never_and_inherit	Native inherit/always/never whitespace boundary scoped to MERGE header/source; actions and trailing clauses are outside this policy
Merge_Using_Values_LineBreakBeforeClosingBrace	Boolean	false	false	covered	merge.values.breakBeforeClose	"inherit"	"inherit"	native_alternative_not_xml_conversion	MergeHeaderParityTests.Every_boundary_supports_always_never_and_inherit	Native inherit/always/never whitespace boundary scoped to MERGE header/source; actions and trailing clauses are outside this policy
Merge_Using_Values_LineBreakBeforeValues	Boolean	false	false	covered	merge.values.breakBeforeKeyword	"inherit"	"inherit"	native_alternative_not_xml_conversion	MergeHeaderParityTests.Every_boundary_supports_always_never_and_inherit	Native inherit/always/never whitespace boundary scoped to MERGE header/source; actions and trailing clauses are outside this policy
Merge_Using_Values_StackValuesExpressionsList	Boolean	false	false	covered	merge.values.stackList	"on"	"off"	native_alternative_not_xml_conversion	MergeHeaderParityTests.Values_lists_and_rows_support_stacking_compaction_auto_and_leading_commas	Native inherit/on/off and onePerLine/auto modes for independent USING VALUES expression/row lists; XML numeric mode not assumed
Merge_Using_Values_StackValuesExpressionsListMode	Integer	1	1	covered	merge.values.stackMode	"onePerLine"	"onePerLine"	native_alternative_not_xml_conversion	MergeHeaderParityTests.Values_lists_and_rows_support_stacking_compaction_auto_and_leading_commas	Native inherit/on/off and onePerLine/auto modes for independent USING VALUES expression/row lists; XML numeric mode not assumed
Merge_Using_Values_StackValuesExpressionsRowsList	Boolean	false	true	covered	merge.values.stackRows	"on"	"off"	native_alternative_not_xml_conversion	MergeHeaderParityTests.Values_lists_and_rows_support_stacking_compaction_auto_and_leading_commas	Native inherit/on/off and onePerLine/auto modes for independent USING VALUES expression/row lists; XML numeric mode not assumed
Merge_Using_Values_StackValuesExpressionsRowsListMode	Integer	1	1	covered	merge.values.stackRowsMode	"onePerLine"	"onePerLine"	native_alternative_not_xml_conversion	MergeHeaderParityTests.Values_lists_and_rows_support_stacking_compaction_auto_and_leading_commas	Native inherit/on/off and onePerLine/auto modes for independent USING VALUES expression/row lists; XML numeric mode not assumed
Merge_When_IndentWhen.Indent	Boolean	false	false	covered	merge.when.keywordIndent	{"enabled":false,"offset":0,"onNewLineOnly":true,"style":"relative","transparent":false}	{"enabled":false,"offset":0,"onNewLineOnly":true,"style":"relative","transparent":false}	native_alternative_not_xml_conversion	MergeBranchParityTests.Every_indent_honors_enabled_offset_newline_style_and_transparency	Native AST-scoped branch layout; enabled/offset/newline/style or named modes, XML numeric enums not inferred
Merge_When_IndentWhen.OnNewLineOnly	Boolean	true	true	covered	merge.when.keywordIndent	{"enabled":false,"offset":0,"onNewLineOnly":true,"style":"relative","transparent":false}	{"enabled":false,"offset":0,"onNewLineOnly":true,"style":"relative","transparent":false}	native_alternative_not_xml_conversion	MergeBranchParityTests.Every_indent_honors_enabled_offset_newline_style_and_transparency	Native AST-scoped branch layout; enabled/offset/newline/style or named modes, XML numeric enums not inferred
Merge_When_IndentWhen.Size	Integer	0	0	covered	merge.when.keywordIndent	{"enabled":false,"offset":0,"onNewLineOnly":true,"style":"relative","transparent":false}	{"enabled":false,"offset":0,"onNewLineOnly":true,"style":"relative","transparent":false}	native_alternative_not_xml_conversion	MergeBranchParityTests.Every_indent_honors_enabled_offset_newline_style_and_transparency	Native AST-scoped branch layout; enabled/offset/newline/style or named modes, XML numeric enums not inferred
Merge_When_IndentWhenConditions.Indent	Boolean	true	true	covered	merge.when.conditionIndent	{"enabled":false,"offset":0,"onNewLineOnly":true,"style":"relative","transparent":false}	{"enabled":false,"offset":0,"onNewLineOnly":true,"style":"relative","transparent":false}	native_alternative_not_xml_conversion	MergeBranchParityTests.Every_indent_honors_enabled_offset_newline_style_and_transparency	Native AST-scoped branch layout; enabled/offset/newline/style or named modes, XML numeric enums not inferred
Merge_When_IndentWhenConditions.OnNewLineOnly	Boolean	true	true	covered	merge.when.conditionIndent	{"enabled":false,"offset":0,"onNewLineOnly":true,"style":"relative","transparent":false}	{"enabled":false,"offset":0,"onNewLineOnly":true,"style":"relative","transparent":false}	native_alternative_not_xml_conversion	MergeBranchParityTests.Every_indent_honors_enabled_offset_newline_style_and_transparency	Native AST-scoped branch layout; enabled/offset/newline/style or named modes, XML numeric enums not inferred
Merge_When_IndentWhenConditions.Size	Integer	0	0	covered	merge.when.conditionIndent	{"enabled":false,"offset":0,"onNewLineOnly":true,"style":"relative","transparent":false}	{"enabled":false,"offset":0,"onNewLineOnly":true,"style":"relative","transparent":false}	native_alternative_not_xml_conversion	MergeBranchParityTests.Every_indent_honors_enabled_offset_newline_style_and_transparency	Native AST-scoped branch layout; enabled/offset/newline/style or named modes, XML numeric enums not inferred
Merge_When_IndentWrapConditionNestedOperations.Indent	Boolean	false	false	covered	merge.when.nestedConditionIndent	{"enabled":false,"offset":0,"onNewLineOnly":true,"style":"relative","transparent":false}	{"enabled":false,"offset":0,"onNewLineOnly":true,"style":"relative","transparent":false}	native_alternative_not_xml_conversion	MergeBranchParityTests.Every_indent_honors_enabled_offset_newline_style_and_transparency	Native AST-scoped branch layout; enabled/offset/newline/style or named modes, XML numeric enums not inferred
Merge_When_IndentWrapConditionNestedOperations.OnNewLineOnly	Boolean	true	true	covered	merge.when.nestedConditionIndent	{"enabled":false,"offset":0,"onNewLineOnly":true,"style":"relative","transparent":false}	{"enabled":false,"offset":0,"onNewLineOnly":true,"style":"relative","transparent":false}	native_alternative_not_xml_conversion	MergeBranchParityTests.Every_indent_honors_enabled_offset_newline_style_and_transparency	Native AST-scoped branch layout; enabled/offset/newline/style or named modes, XML numeric enums not inferred
Merge_When_IndentWrapConditionNestedOperations.Size	Integer	0	0	covered	merge.when.nestedConditionIndent	{"enabled":false,"offset":0,"onNewLineOnly":true,"style":"relative","transparent":false}	{"enabled":false,"offset":0,"onNewLineOnly":true,"style":"relative","transparent":false}	native_alternative_not_xml_conversion	MergeBranchParityTests.Every_indent_honors_enabled_offset_newline_style_and_transparency	Native AST-scoped branch layout; enabled/offset/newline/style or named modes, XML numeric enums not inferred
Merge_When_LineBreakAfterWhen	Boolean	false	false	covered	merge.when.breakAfter	"inherit"	"inherit"	native_alternative_not_xml_conversion	MergeBranchParityTests.Every_boundary_has_distinct_always_never_and_inherit_modes	Native AST-scoped branch layout; enabled/offset/newline/style or named modes, XML numeric enums not inferred
Merge_When_LineBreakBeforeWhen	Boolean	true	true	covered	merge.when.breakBefore	"inherit"	"inherit"	native_alternative_not_xml_conversion	MergeBranchParityTests.Every_boundary_has_distinct_always_never_and_inherit_modes	Native AST-scoped branch layout; enabled/offset/newline/style or named modes, XML numeric enums not inferred
Merge_When_WrapAfterOperatorMode	Integer	1	1	covered	merge.when.wrapAfterOperator	"inherit"	"inherit"	native_alternative_not_xml_conversion	MergeBranchParityTests.Every_boundary_has_distinct_always_never_and_inherit_modes	Native AST-scoped branch layout; enabled/offset/newline/style or named modes, XML numeric enums not inferred
Merge_When_WrapBeforeOperatorMode	Integer	1	1	covered	merge.when.wrapBeforeOperator	"inherit"	"inherit"	native_alternative_not_xml_conversion	MergeBranchParityTests.Every_boundary_has_distinct_always_never_and_inherit_modes	Native AST-scoped branch layout; enabled/offset/newline/style or named modes, XML numeric enums not inferred
Merge_When_WrapConditionMode	Integer	1	2	covered	merge.when.wrapCondition	"inherit"	"inherit"	native_alternative_not_xml_conversion	MergeBranchParityTests.Conditions_inheritance_and_combined_nested_anchors_are_stable	Native AST-scoped branch layout; enabled/offset/newline/style or named modes, XML numeric enums not inferred
Misc_AddEmptyLineAfterPackageDelimiter	Boolean	false	false	covered	misc.packageDelimiterBlankLine:boolean:false	false	false	native_alternative_not_xml_conversion	StackedListAndBatchFormattingTests.Go_blank_line_mode_is_configurable	Enable blank lines around standalone GO; default off preserves existing layout
Misc_AddEmptyLineAfterPackageDelimiterMode	Integer	0	0	covered	misc.packageDelimiterBlankLineMode:choice:after	"after"	"after"	native_alternative_not_xml_conversion	StackedListAndBatchFormattingTests.Go_blank_line_mode_is_configurable	Native after/before/both mode when enabled; XML numeric mode not imported
ProcedureFunction_Body_IndentAsKeyword.Indent	Boolean	false	false	covered	routine.body.asIndent	{"enabled":false,"offset":0,"onNewLineOnly":true,"style":"relative","transparent":false}	{"enabled":false,"offset":0,"onNewLineOnly":true,"style":"relative","transparent":false}	native_alternative_not_xml_conversion	ModuleParityTests.Every_indent_has_enabled_offset_newline_style_and_transparency	Native CREATE/ALTER module boundary, indentation, list, spacing or compactness; no XML numeric enum inference
ProcedureFunction_Body_IndentAsKeyword.OnNewLineOnly	Boolean	true	true	covered	routine.body.asIndent	{"enabled":false,"offset":0,"onNewLineOnly":true,"style":"relative","transparent":false}	{"enabled":false,"offset":0,"onNewLineOnly":true,"style":"relative","transparent":false}	native_alternative_not_xml_conversion	ModuleParityTests.Every_indent_has_enabled_offset_newline_style_and_transparency	Native CREATE/ALTER module boundary, indentation, list, spacing or compactness; no XML numeric enum inference
ProcedureFunction_Body_IndentAsKeyword.Size	Integer	0	0	covered	routine.body.asIndent	{"enabled":false,"offset":0,"onNewLineOnly":true,"style":"relative","transparent":false}	{"enabled":false,"offset":0,"onNewLineOnly":true,"style":"relative","transparent":false}	native_alternative_not_xml_conversion	ModuleParityTests.Every_indent_has_enabled_offset_newline_style_and_transparency	Native CREATE/ALTER module boundary, indentation, list, spacing or compactness; no XML numeric enum inference
ProcedureFunction_Body_IndentBeginEndKeywords.Indent	Boolean	false	false	covered	routine.body.keywordIndent	{"enabled":false,"offset":0,"onNewLineOnly":true,"style":"relative","transparent":false}	{"enabled":false,"offset":0,"onNewLineOnly":true,"style":"relative","transparent":false}	native_alternative_not_xml_conversion	ModuleParityTests.Every_indent_has_enabled_offset_newline_style_and_transparency	Native CREATE/ALTER module boundary, indentation, list, spacing or compactness; no XML numeric enum inference
ProcedureFunction_Body_IndentBeginEndKeywords.OnNewLineOnly	Boolean	true	true	covered	routine.body.keywordIndent	{"enabled":false,"offset":0,"onNewLineOnly":true,"style":"relative","transparent":false}	{"enabled":false,"offset":0,"onNewLineOnly":true,"style":"relative","transparent":false}	native_alternative_not_xml_conversion	ModuleParityTests.Every_indent_has_enabled_offset_newline_style_and_transparency	Native CREATE/ALTER module boundary, indentation, list, spacing or compactness; no XML numeric enum inference
ProcedureFunction_Body_IndentBeginEndKeywords.Size	Integer	0	0	covered	routine.body.keywordIndent	{"enabled":false,"offset":0,"onNewLineOnly":true,"style":"relative","transparent":false}	{"enabled":false,"offset":0,"onNewLineOnly":true,"style":"relative","transparent":false}	native_alternative_not_xml_conversion	ModuleParityTests.Every_indent_has_enabled_offset_newline_style_and_transparency	Native CREATE/ALTER module boundary, indentation, list, spacing or compactness; no XML numeric enum inference
ProcedureFunction_Body_IndentCode.Indent	Boolean	true	true	covered	routine.body.codeIndent	{"enabled":false,"offset":0,"onNewLineOnly":true,"style":"relative","transparent":false}	{"enabled":false,"offset":0,"onNewLineOnly":true,"style":"relative","transparent":false}	native_alternative_not_xml_conversion	ModuleParityTests.Every_indent_has_enabled_offset_newline_style_and_transparency	Native CREATE/ALTER module boundary, indentation, list, spacing or compactness; no XML numeric enum inference
ProcedureFunction_Body_IndentCode.OnNewLineOnly	Boolean	true	true	covered	routine.body.codeIndent	{"enabled":false,"offset":0,"onNewLineOnly":true,"style":"relative","transparent":false}	{"enabled":false,"offset":0,"onNewLineOnly":true,"style":"relative","transparent":false}	native_alternative_not_xml_conversion	ModuleParityTests.Every_indent_has_enabled_offset_newline_style_and_transparency	Native CREATE/ALTER module boundary, indentation, list, spacing or compactness; no XML numeric enum inference
ProcedureFunction_Body_IndentCode.Size	Integer	0	0	covered	routine.body.codeIndent	{"enabled":false,"offset":0,"onNewLineOnly":true,"style":"relative","transparent":false}	{"enabled":false,"offset":0,"onNewLineOnly":true,"style":"relative","transparent":false}	native_alternative_not_xml_conversion	ModuleParityTests.Every_indent_has_enabled_offset_newline_style_and_transparency	Native CREATE/ALTER module boundary, indentation, list, spacing or compactness; no XML numeric enum inference
ProcedureFunction_Body_LineBreakBeforeAs	Boolean	true	true	covered	routine.body.breakBeforeAs	"always"	"inherit"	native_alternative_not_xml_conversion	ModuleParityTests.Create_and_alter_boundaries_support_all_modes	Native CREATE/ALTER module boundary, indentation, list, spacing or compactness; no XML numeric enum inference
ProcedureFunction_Body_LineBreakBeforeRoutineBody	Boolean	true	true	covered	routine.body.breakBefore	"always"	"inherit"	native_alternative_not_xml_conversion	ModuleParityTests.Create_and_alter_boundaries_support_all_modes	Native CREATE/ALTER module boundary, indentation, list, spacing or compactness; no XML numeric enum inference
ProcedureFunction_Parameters_IndentParameters.Indent	Boolean	false	true	covered	routine.parameters.listIndent	{"enabled":false,"offset":0,"onNewLineOnly":true,"style":"relative","transparent":false}	{"enabled":false,"offset":0,"onNewLineOnly":true,"style":"relative","transparent":false}	native_alternative_not_xml_conversion	ModuleParityTests.Every_indent_has_enabled_offset_newline_style_and_transparency	Native CREATE/ALTER module boundary, indentation, list, spacing or compactness; no XML numeric enum inference
ProcedureFunction_Parameters_IndentParameters.OnNewLineOnly	Boolean	true	true	covered	routine.parameters.listIndent	{"enabled":false,"offset":0,"onNewLineOnly":true,"style":"relative","transparent":false}	{"enabled":false,"offset":0,"onNewLineOnly":true,"style":"relative","transparent":false}	native_alternative_not_xml_conversion	ModuleParityTests.Every_indent_has_enabled_offset_newline_style_and_transparency	Native CREATE/ALTER module boundary, indentation, list, spacing or compactness; no XML numeric enum inference
ProcedureFunction_Parameters_IndentParameters.Size	Integer	0	0	covered	routine.parameters.listIndent	{"enabled":false,"offset":0,"onNewLineOnly":true,"style":"relative","transparent":false}	{"enabled":false,"offset":0,"onNewLineOnly":true,"style":"relative","transparent":false}	native_alternative_not_xml_conversion	ModuleParityTests.Every_indent_has_enabled_offset_newline_style_and_transparency	Native CREATE/ALTER module boundary, indentation, list, spacing or compactness; no XML numeric enum inference
ProcedureFunction_Parameters_IndentParametersListBraces.Indent	Boolean	false	false	covered	routine.parameters.braceIndent	{"enabled":false,"offset":0,"onNewLineOnly":true,"style":"relative","transparent":false}	{"enabled":false,"offset":0,"onNewLineOnly":true,"style":"relative","transparent":false}	native_alternative_not_xml_conversion	ModuleParityTests.Every_indent_has_enabled_offset_newline_style_and_transparency	Native CREATE/ALTER module boundary, indentation, list, spacing or compactness; no XML numeric enum inference
ProcedureFunction_Parameters_IndentParametersListBraces.OnNewLineOnly	Boolean	true	true	covered	routine.parameters.braceIndent	{"enabled":false,"offset":0,"onNewLineOnly":true,"style":"relative","transparent":false}	{"enabled":false,"offset":0,"onNewLineOnly":true,"style":"relative","transparent":false}	native_alternative_not_xml_conversion	ModuleParityTests.Every_indent_has_enabled_offset_newline_style_and_transparency	Native CREATE/ALTER module boundary, indentation, list, spacing or compactness; no XML numeric enum inference
ProcedureFunction_Parameters_IndentParametersListBraces.Size	Integer	0	0	covered	routine.parameters.braceIndent	{"enabled":false,"offset":0,"onNewLineOnly":true,"style":"relative","transparent":false}	{"enabled":false,"offset":0,"onNewLineOnly":true,"style":"relative","transparent":false}	native_alternative_not_xml_conversion	ModuleParityTests.Every_indent_has_enabled_offset_newline_style_and_transparency	Native CREATE/ALTER module boundary, indentation, list, spacing or compactness; no XML numeric enum inference
ProcedureFunction_Parameters_InsertSpaceBeforeOpenBrace	Boolean	true	true	covered	routine.parameters.spaceBeforeOpen	"inherit"	"inherit"	native_alternative_not_xml_conversion	ModuleParityTests.Every_brace_space_rule_has_distinct_insert_remove_modes	Native CREATE/ALTER module boundary, indentation, list, spacing or compactness; no XML numeric enum inference
ProcedureFunction_Parameters_InsertSpaceWithinEmptyParametersListBraces	Boolean	false	false	covered	routine.parameters.spaceWithinEmpty	"inherit"	"inherit"	native_alternative_not_xml_conversion	ModuleParityTests.Every_brace_space_rule_has_distinct_insert_remove_modes	Native CREATE/ALTER module boundary, indentation, list, spacing or compactness; no XML numeric enum inference
ProcedureFunction_Parameters_InsertSpacesWithinParametersListBraces	Boolean	false	false	covered	routine.parameters.spaceWithin	"inherit"	"inherit"	native_alternative_not_xml_conversion	ModuleParityTests.Every_brace_space_rule_has_distinct_insert_remove_modes	Native CREATE/ALTER module boundary, indentation, list, spacing or compactness; no XML numeric enum inference
ProcedureFunction_Parameters_LineBreakBeforeClosingBrace	Boolean	false	false	covered	routine.parameters.breakBeforeClose	"inherit"	"inherit"	native_alternative_not_xml_conversion	ModuleParityTests.Create_and_alter_boundaries_support_all_modes	Native CREATE/ALTER module boundary, indentation, list, spacing or compactness; no XML numeric enum inference
ProcedureFunction_Parameters_LineBreakBeforeFirstParameter	Boolean	false	true	covered	routine.parameters.breakAfterOpen	"always"	"never"	native_alternative_not_xml_conversion	ModuleParityTests.Create_and_alter_boundaries_support_all_modes	Native CREATE/ALTER module boundary, indentation, list, spacing or compactness; no XML numeric enum inference
ProcedureFunction_Parameters_LineBreakBeforeOpenBrace	Boolean	false	false	covered	routine.parameters.breakBeforeOpen	"inherit"	"inherit"	native_alternative_not_xml_conversion	ModuleParityTests.Create_and_alter_boundaries_support_all_modes	Native CREATE/ALTER module boundary, indentation, list, spacing or compactness; no XML numeric enum inference
ProcedureFunction_Parameters_StackParametersList	Boolean	false	true	covered	routine.parameters.stackList	"on"	"off"	native_alternative_not_xml_conversion	ModuleParityTests.Every_list_has_on_off_auto_and_leading_comma_modes	Native CREATE/ALTER module boundary, indentation, list, spacing or compactness; no XML numeric enum inference
ProcedureFunction_Parameters_StackParametersListStyle	Integer	1	1	covered	routine.parameters.stackMode	"onePerLine"	"onePerLine"	native_alternative_not_xml_conversion	ModuleParityTests.Every_list_has_on_off_auto_and_leading_comma_modes	Native CREATE/ALTER module boundary, indentation, list, spacing or compactness; no XML numeric enum inference
ProcedureFunction_Returns_IndentTableDefinition.Indent	Boolean	false	false	covered	routine.returns.tableIndent	{"enabled":false,"offset":0,"onNewLineOnly":true,"style":"relative","transparent":false}	{"enabled":false,"offset":0,"onNewLineOnly":true,"style":"relative","transparent":false}	native_alternative_not_xml_conversion	ModuleParityTests.Every_indent_has_enabled_offset_newline_style_and_transparency	Native CREATE/ALTER module boundary, indentation, list, spacing or compactness; no XML numeric enum inference
ProcedureFunction_Returns_IndentTableDefinition.OnNewLineOnly	Boolean	true	true	covered	routine.returns.tableIndent	{"enabled":false,"offset":0,"onNewLineOnly":true,"style":"relative","transparent":false}	{"enabled":false,"offset":0,"onNewLineOnly":true,"style":"relative","transparent":false}	native_alternative_not_xml_conversion	ModuleParityTests.Every_indent_has_enabled_offset_newline_style_and_transparency	Native CREATE/ALTER module boundary, indentation, list, spacing or compactness; no XML numeric enum inference
ProcedureFunction_Returns_IndentTableDefinition.Size	Integer	0	0	covered	routine.returns.tableIndent	{"enabled":false,"offset":0,"onNewLineOnly":true,"style":"relative","transparent":false}	{"enabled":false,"offset":0,"onNewLineOnly":true,"style":"relative","transparent":false}	native_alternative_not_xml_conversion	ModuleParityTests.Every_indent_has_enabled_offset_newline_style_and_transparency	Native CREATE/ALTER module boundary, indentation, list, spacing or compactness; no XML numeric enum inference
ProcedureFunction_Returns_LineBreakBeforeReturns	Boolean	true	true	covered	routine.returns.breakBefore	"inherit"	"inherit"	native_alternative_not_xml_conversion	ModuleParityTests.Create_and_alter_boundaries_support_all_modes	Native CREATE/ALTER module boundary, indentation, list, spacing or compactness; no XML numeric enum inference
ProcedureFunction_Returns_LineBreakBeforeTableDefinition	Boolean	false	false	covered	routine.returns.breakBeforeTable	"inherit"	"inherit"	native_alternative_not_xml_conversion	ModuleParityTests.Create_and_alter_boundaries_support_all_modes	Native CREATE/ALTER module boundary, indentation, list, spacing or compactness; no XML numeric enum inference
ProcedureFunction_With_IndentWith.Indent	Boolean	false	false	covered	routine.with.keywordIndent	{"enabled":false,"offset":0,"onNewLineOnly":true,"style":"relative","transparent":false}	{"enabled":false,"offset":0,"onNewLineOnly":true,"style":"relative","transparent":false}	native_alternative_not_xml_conversion	ModuleParityTests.Every_indent_has_enabled_offset_newline_style_and_transparency	Native CREATE/ALTER module boundary, indentation, list, spacing or compactness; no XML numeric enum inference
ProcedureFunction_With_IndentWith.OnNewLineOnly	Boolean	true	true	covered	routine.with.keywordIndent	{"enabled":false,"offset":0,"onNewLineOnly":true,"style":"relative","transparent":false}	{"enabled":false,"offset":0,"onNewLineOnly":true,"style":"relative","transparent":false}	native_alternative_not_xml_conversion	ModuleParityTests.Every_indent_has_enabled_offset_newline_style_and_transparency	Native CREATE/ALTER module boundary, indentation, list, spacing or compactness; no XML numeric enum inference
ProcedureFunction_With_IndentWith.Size	Integer	0	0	covered	routine.with.keywordIndent	{"enabled":false,"offset":0,"onNewLineOnly":true,"style":"relative","transparent":false}	{"enabled":false,"offset":0,"onNewLineOnly":true,"style":"relative","transparent":false}	native_alternative_not_xml_conversion	ModuleParityTests.Every_indent_has_enabled_offset_newline_style_and_transparency	Native CREATE/ALTER module boundary, indentation, list, spacing or compactness; no XML numeric enum inference
ProcedureFunction_With_IndentWithOptions.Indent	Boolean	false	false	covered	routine.with.listIndent	{"enabled":false,"offset":0,"onNewLineOnly":true,"style":"relative","transparent":false}	{"enabled":false,"offset":0,"onNewLineOnly":true,"style":"relative","transparent":false}	native_alternative_not_xml_conversion	ModuleParityTests.Every_indent_has_enabled_offset_newline_style_and_transparency	Native CREATE/ALTER module boundary, indentation, list, spacing or compactness; no XML numeric enum inference
ProcedureFunction_With_IndentWithOptions.OnNewLineOnly	Boolean	true	true	covered	routine.with.listIndent	{"enabled":false,"offset":0,"onNewLineOnly":true,"style":"relative","transparent":false}	{"enabled":false,"offset":0,"onNewLineOnly":true,"style":"relative","transparent":false}	native_alternative_not_xml_conversion	ModuleParityTests.Every_indent_has_enabled_offset_newline_style_and_transparency	Native CREATE/ALTER module boundary, indentation, list, spacing or compactness; no XML numeric enum inference
ProcedureFunction_With_IndentWithOptions.Size	Integer	0	0	covered	routine.with.listIndent	{"enabled":false,"offset":0,"onNewLineOnly":true,"style":"relative","transparent":false}	{"enabled":false,"offset":0,"onNewLineOnly":true,"style":"relative","transparent":false}	native_alternative_not_xml_conversion	ModuleParityTests.Every_indent_has_enabled_offset_newline_style_and_transparency	Native CREATE/ALTER module boundary, indentation, list, spacing or compactness; no XML numeric enum inference
ProcedureFunction_With_LineBreakAfterWith	Boolean	false	false	covered	routine.with.breakAfter	"inherit"	"inherit"	native_alternative_not_xml_conversion	ModuleParityTests.Create_and_alter_boundaries_support_all_modes	Native CREATE/ALTER module boundary, indentation, list, spacing or compactness; no XML numeric enum inference
ProcedureFunction_With_LineBreakBeforeWith	Boolean	false	true	covered	routine.with.breakBefore	"inherit"	"inherit"	native_alternative_not_xml_conversion	ModuleParityTests.Create_and_alter_boundaries_support_all_modes	Native CREATE/ALTER module boundary, indentation, list, spacing or compactness; no XML numeric enum inference
ProcedureFunction_With_StackWithOptions	Boolean	false	false	covered	routine.with.stackList	"on"	"off"	native_alternative_not_xml_conversion	ModuleParityTests.Every_list_has_on_off_auto_and_leading_comma_modes	Native CREATE/ALTER module boundary, indentation, list, spacing or compactness; no XML numeric enum inference
ProcedureFunction_With_StackWithOptionsMode	Integer	1	1	covered	routine.with.stackMode	"onePerLine"	"onePerLine"	native_alternative_not_xml_conversion	ModuleParityTests.Every_list_has_on_off_auto_and_leading_comma_modes	Native CREATE/ALTER module boundary, indentation, list, spacing or compactness; no XML numeric enum inference
Select_Compute_IndentComputeExpression.Indent	Boolean	false	true	covered	select.compute.expressionIndent.enabled:boolean:false	false	false	native_alternative_not_xml_conversion	SelectTailParityTests.Scoped_indent_changes_its_boundary	Sql2008 and Auto legacy fallback only; indent after COMPUTE
Select_Compute_IndentComputeExpression.OnNewLineOnly	Boolean	true	true	covered	select.compute.expressionIndent.onNewLineOnly:boolean:true	true	true	native_alternative_not_xml_conversion	SelectTailParityTests.Scoped_indent_on_new_line_only_controls_inline_padding	False pads inline COMPUTE expression
Select_Compute_IndentComputeExpression.Size	Integer	0	0	covered	select.compute.expressionIndent.offset:integer:0	0	0	native_alternative_not_xml_conversion	SelectTailParityTests.Scoped_indent_changes_its_boundary	Signed native indentation level offset
Select_Compute_IndentComputeKeyword.Indent	Boolean	false	false	covered	select.compute.keywordIndent.enabled:boolean:false	false	false	native_alternative_not_xml_conversion	SelectTailParityTests.Scoped_indent_changes_its_boundary	Sql2008 and Auto legacy fallback only; indent before COMPUTE
Select_Compute_IndentComputeKeyword.OnNewLineOnly	Boolean	true	true	covered	select.compute.keywordIndent.onNewLineOnly:boolean:true	true	true	native_alternative_not_xml_conversion	SelectTailParityTests.Scoped_indent_on_new_line_only_controls_inline_padding	False pads inline COMPUTE keyword
Select_Compute_IndentComputeKeyword.Size	Integer	0	0	covered	select.compute.keywordIndent.offset:integer:0	0	0	native_alternative_not_xml_conversion	SelectTailParityTests.Scoped_indent_changes_its_boundary	Signed native indentation level offset
Select_Compute_LineBreakAfterCompute	Boolean	false	false	covered	select.compute.breakAfter:choice:inherit	"inherit"	"inherit"	native_alternative_not_xml_conversion	SelectTailParityTests.Compute_uses_sql2008_parser_in_auto_and_rejects_modern_dialect_explicitly	Break after COMPUTE in Sql2008; modern dialect reports TSF3005
Select_Compute_LineBreakBeforeCompute	Boolean	true	true	covered	select.compute.breakBefore:choice:inherit	"inherit"	"inherit"	native_alternative_not_xml_conversion	SelectTailParityTests.Compute_uses_sql2008_parser_in_auto_and_rejects_modern_dialect_explicitly	Break before COMPUTE in Sql2008; modern dialect reports TSF3005
Select_Cte_ColumnList_IndentColumnList.Indent	Boolean	false	false	covered	select.cte.columnListIndent.enabled:boolean:false	false	false	native_alternative_not_xml_conversion	SelectTailParityTests.Scoped_indent_changes_its_boundary	Native indent for CTE column list
Select_Cte_ColumnList_IndentColumnList.OnNewLineOnly	Boolean	true	true	covered	select.cte.columnListIndent.onNewLineOnly:boolean:true	true	true	native_alternative_not_xml_conversion	SelectTailParityTests.Scoped_indent_on_new_line_only_controls_inline_padding	False pads inline CTE column
Select_Cte_ColumnList_IndentColumnList.Size	Integer	0	0	covered	select.cte.columnListIndent.offset:integer:0	0	0	native_alternative_not_xml_conversion	SelectTailParityTests.Scoped_indent_changes_its_boundary	Signed native indentation level offset
Select_Cte_ColumnList_IndentColumnListBraces.Indent	Boolean	false	false	covered	select.cte.columnBraceIndent.enabled:boolean:false	false	false	native_alternative_not_xml_conversion	SelectTailParityTests.Scoped_indent_changes_its_boundary	Native indent for CTE column parentheses
Select_Cte_ColumnList_IndentColumnListBraces.OnNewLineOnly	Boolean	true	true	covered	select.cte.columnBraceIndent.onNewLineOnly:boolean:true	true	true	native_alternative_not_xml_conversion	SelectTailParityTests.Scoped_indent_on_new_line_only_controls_inline_padding	False pads inline opening brace
Select_Cte_ColumnList_IndentColumnListBraces.Size	Integer	0	1	covered	select.cte.columnBraceIndent.offset:integer:0	0	0	native_alternative_not_xml_conversion	SelectTailParityTests.Scoped_indent_changes_its_boundary	Signed native indentation level offset
Select_Cte_ColumnList_LineBreakAfterColumnListOpenBrace	Boolean	false	false	covered	select.cte.breakAfterColumnOpen:choice:inherit	"inherit"	"inherit"	native_alternative_not_xml_conversion	SelectTailParityTests.Cte_column_braces_list_and_as_have_independent_breaks	Break after CTE column opening parenthesis
Select_Cte_ColumnList_LineBreakBeforeColumnListClosingBrace	Boolean	false	false	covered	select.cte.breakBeforeColumnClose:choice:inherit	"inherit"	"inherit"	native_alternative_not_xml_conversion	SelectTailParityTests.Cte_column_braces_list_and_as_have_independent_breaks	Break before CTE column closing parenthesis
Select_Cte_ColumnList_LineBreakBeforeColumnListOpenBrace	Boolean	false	false	covered	select.cte.breakBeforeColumnOpen:choice:inherit	"inherit"	"inherit"	native_alternative_not_xml_conversion	SelectTailParityTests.Cte_column_braces_list_and_as_have_independent_breaks	Break before CTE column opening parenthesis
Select_Cte_ColumnList_StackColumnList	Boolean	true	true	covered	select.cte.stackColumns:choice:inherit	"on"	"off"	native_alternative_not_xml_conversion	SelectTailParityTests.Cte_with_and_column_stack_modes_are_configurable	Native on/off/inherit for CTE column list
Select_Cte_ColumnList_StackColumnListMode	Integer	8	1	covered	select.cte.stackMode:choice:onePerLine	"onePerLine"	"onePerLine"	native_alternative_not_xml_conversion	SelectTailParityTests.Cte_with_and_column_stack_modes_are_configurable	Native onePerLine/auto instead of XML numeric mode
Select_Cte_IndentCommonTableExpression.Indent	Boolean	false	false	covered	select.cte.expressionIndent.enabled:boolean:false	false	false	native_alternative_not_xml_conversion	SelectTailParityTests.Scoped_indent_changes_its_boundary	Native indent before CTE expression name
Select_Cte_IndentCommonTableExpression.OnNewLineOnly	Boolean	true	true	covered	select.cte.expressionIndent.onNewLineOnly:boolean:true	true	true	native_alternative_not_xml_conversion	SelectTailParityTests.Scoped_indent_on_new_line_only_controls_inline_padding	False pads inline CTE name
Select_Cte_IndentCommonTableExpression.Size	Integer	0	2	covered	select.cte.expressionIndent.offset:integer:0	0	0	native_alternative_not_xml_conversion	SelectTailParityTests.Scoped_indent_changes_its_boundary	Signed native indentation level offset
Select_Cte_IndentSubqueryBraces.Indent	Boolean	false	false	covered	select.cte.subqueryBraceIndent.enabled:boolean:false	false	false	native_alternative_not_xml_conversion	SelectTailParityTests.Scoped_indent_changes_its_boundary	Native indent for CTE subquery parentheses
Select_Cte_IndentSubqueryBraces.OnNewLineOnly	Boolean	true	true	covered	select.cte.subqueryBraceIndent.onNewLineOnly:boolean:true	true	true	native_alternative_not_xml_conversion	SelectTailParityTests.Scoped_indent_on_new_line_only_controls_inline_padding	False pads inline CTE subquery brace
Select_Cte_IndentSubqueryBraces.Size	Integer	0	0	covered	select.cte.subqueryBraceIndent.offset:integer:0	0	0	native_alternative_not_xml_conversion	SelectTailParityTests.Scoped_indent_changes_its_boundary	Signed native indentation level offset
Select_Cte_LineBreakAfterAs	Boolean	true	true	covered	select.cte.breakAfterAs:choice:inherit	"inherit"	"inherit"	native_alternative_not_xml_conversion	SelectTailParityTests.Cte_column_braces_list_and_as_have_independent_breaks	Break between CTE AS and subquery parenthesis
Select_Cte_LineBreakAfterWith	Boolean	false	false	covered	select.cte.breakAfterWith:choice:inherit	"inherit"	"inherit"	native_alternative_not_xml_conversion	SelectTailParityTests.Cte_with_and_column_stack_modes_are_configurable	Break between WITH and first CTE
Select_Cte_LineBreakBeforeAs	Boolean	true	false	covered	select.cte.breakBeforeAs:choice:inherit	"inherit"	"inherit"	native_alternative_not_xml_conversion	SelectTailParityTests.Cte_column_braces_list_and_as_have_independent_breaks	Break before CTE AS
Select_ForClause_IndentForKeyword.Indent	Boolean	false	false	covered	select.for.keywordIndent.enabled:boolean:false	false	false	native_alternative_not_xml_conversion	SelectTailParityTests.Scoped_indent_changes_its_boundary	Native indent before FOR keyword
Select_ForClause_IndentForKeyword.OnNewLineOnly	Boolean	true	true	covered	select.for.keywordIndent.onNewLineOnly:boolean:true	true	true	native_alternative_not_xml_conversion	SelectTailParityTests.Scoped_indent_on_new_line_only_controls_inline_padding	False pads inline FOR keyword
Select_ForClause_IndentForKeyword.Size	Integer	0	0	covered	select.for.keywordIndent.offset:integer:0	0	0	native_alternative_not_xml_conversion	SelectTailParityTests.Scoped_indent_changes_its_boundary	Signed native indentation level offset
Select_ForClause_IndentForXmlSpecification.Indent	Boolean	false	false	covered	select.for.specIndent.enabled:boolean:false	false	false	native_alternative_not_xml_conversion	SelectTailParityTests.Scoped_indent_changes_its_boundary	Native indent before FOR XML specification
Select_ForClause_IndentForXmlSpecification.OnNewLineOnly	Boolean	true	true	covered	select.for.specIndent.onNewLineOnly:boolean:true	true	true	native_alternative_not_xml_conversion	SelectTailParityTests.Scoped_indent_on_new_line_only_controls_inline_padding	False pads inline XML specification
Select_ForClause_IndentForXmlSpecification.Size	Integer	0	0	covered	select.for.specIndent.offset:integer:0	0	0	native_alternative_not_xml_conversion	SelectTailParityTests.Scoped_indent_changes_its_boundary	Signed native indentation level offset
Select_ForClause_LineBreakAfterForXml	Boolean	false	false	covered	select.for.breakAfterXml:choice:inherit	"inherit"	"inherit"	native_alternative_not_xml_conversion	SelectTailParityTests.For_xml_and_option_boundaries_are_configurable	Break between XML and XML specification
Select_ForClause_LineBreakBeforeFor	Boolean	true	true	covered	select.for.breakBefore:choice:inherit	"inherit"	"inherit"	native_alternative_not_xml_conversion	SelectTailParityTests.For_xml_and_option_boundaries_are_configurable	Break before FOR keyword
Select_From_IndentFromKeyword.Indent	Boolean	false	true	covered	select.from.keywordIndent.enabled:boolean:false	false	false	native_alternative_not_xml_conversion	SelectFromParityTests.Local_indent_changes_its_own_boundary	Native local indent before FROM keyword
Select_From_IndentFromKeyword.OnNewLineOnly	Boolean	true	true	covered	select.from.keywordIndent.onNewLineOnly:boolean:true	true	true	native_alternative_not_xml_conversion	SelectFromParityTests.On_new_line_only_controls_inline_padding	False adds inline padding before FROM
Select_From_IndentFromKeyword.Size	Integer	0	2	covered	select.from.keywordIndent.offset:integer:0	0	0	native_alternative_not_xml_conversion	SelectFromParityTests.Local_indent_changes_its_own_boundary	Signed native indentation level offset
Select_From_IndentFromList.Indent	Boolean	false	false	covered	select.from.listIndent.enabled:boolean:false	false	false	native_alternative_not_xml_conversion	SelectFromParityTests.Local_indent_changes_its_own_boundary	Native local indent for first and stacked FROM table
Select_From_IndentFromList.OnNewLineOnly	Boolean	true	true	covered	select.from.listIndent.onNewLineOnly:boolean:true	true	true	native_alternative_not_xml_conversion	SelectFromParityTests.On_new_line_only_controls_inline_padding	False adds inline padding before FROM table
Select_From_IndentFromList.Size	Integer	0	0	covered	select.from.listIndent.offset:integer:0	0	0	native_alternative_not_xml_conversion	SelectFromParityTests.Local_indent_changes_its_own_boundary	Signed native indentation level offset
Select_From_Join_IndentJoinKeyword.Indent	Boolean	false	true	covered	select.join.keywordIndent.enabled:boolean:false	false	false	native_alternative_not_xml_conversion	SelectFromParityTests.Local_indent_changes_its_own_boundary	Native local indent before JOIN or APPLY phrase
Select_From_Join_IndentJoinKeyword.OnNewLineOnly	Boolean	true	true	covered	select.join.keywordIndent.onNewLineOnly:boolean:true	true	true	native_alternative_not_xml_conversion	SelectFromParityTests.On_new_line_only_controls_inline_padding	False adds inline padding before JOIN
Select_From_Join_IndentJoinKeyword.Size	Integer	0	0	covered	select.join.keywordIndent.offset:integer:0	0	0	native_alternative_not_xml_conversion	SelectFromParityTests.Local_indent_changes_its_own_boundary	Signed native indentation level offset
Select_From_Join_IndentJoinKeyword.Style	Integer	-	4	covered	select.join.keywordIndent.style:choice:relative	"relative"	"relative"	native_alternative_not_xml_conversion	SelectFromParityTests.Join_keyword_indent_supports_style_transparency_and_inline_mode	Native relative/absolute/anchor style rather than XML numeric code
Select_From_Join_IndentJoinKeyword.Transparent	Boolean	true	true	covered	select.join.keywordIndent.transparent:boolean:false	false	false	native_alternative_not_xml_conversion	SelectFromParityTests.Join_keyword_indent_supports_style_transparency_and_inline_mode	Transparent removes indentation before JOIN
Select_From_Join_IndentOnCondition.Indent	Boolean	true	true	covered	select.join.onConditionIndent.enabled:boolean:false	false	false	native_alternative_not_xml_conversion	SelectFromParityTests.Local_indent_changes_its_own_boundary	Native local indent for ON condition
Select_From_Join_IndentOnCondition.OnNewLineOnly	Boolean	true	true	covered	select.join.onConditionIndent.onNewLineOnly:boolean:true	true	true	native_alternative_not_xml_conversion	SelectFromParityTests.On_new_line_only_controls_inline_padding	False adds inline padding before ON condition
Select_From_Join_IndentOnCondition.Size	Integer	0	-1	covered	select.join.onConditionIndent.offset:integer:0	0	0	native_alternative_not_xml_conversion	SelectFromParityTests.Local_indent_changes_its_own_boundary	Signed native indentation level offset
Select_From_Join_IndentOnKeyword.Indent	Boolean	true	true	covered	select.join.onKeywordIndent.enabled:boolean:false	false	false	native_alternative_not_xml_conversion	SelectFromParityTests.Local_indent_changes_its_own_boundary	Native local indent before ON keyword
Select_From_Join_IndentOnKeyword.OnNewLineOnly	Boolean	true	true	covered	select.join.onKeywordIndent.onNewLineOnly:boolean:true	true	true	native_alternative_not_xml_conversion	SelectFromParityTests.On_new_line_only_controls_inline_padding	False adds inline padding before ON
Select_From_Join_IndentOnKeyword.Size	Integer	0	2	covered	select.join.onKeywordIndent.offset:integer:0	0	0	native_alternative_not_xml_conversion	SelectFromParityTests.Local_indent_changes_its_own_boundary	Signed native indentation level offset
Select_From_Join_IndentTableAfterJoin.Indent	Boolean	false	false	covered	select.join.tableIndent.enabled:boolean:false	false	false	native_alternative_not_xml_conversion	SelectFromParityTests.Local_indent_changes_its_own_boundary	Native local indent before table after JOIN or APPLY
Select_From_Join_IndentTableAfterJoin.OnNewLineOnly	Boolean	true	true	covered	select.join.tableIndent.onNewLineOnly:boolean:true	true	true	native_alternative_not_xml_conversion	SelectFromParityTests.On_new_line_only_controls_inline_padding	False adds inline padding before joined table
Select_From_Join_IndentTableAfterJoin.Size	Integer	0	0	covered	select.join.tableIndent.offset:integer:0	0	0	native_alternative_not_xml_conversion	SelectFromParityTests.Local_indent_changes_its_own_boundary	Signed native indentation level offset
Select_From_Join_IndentWrapConditionNestedOperations.Indent	Boolean	true	true	covered	select.join.nestedConditionIndent.enabled:boolean:false	false	false	native_alternative_not_xml_conversion	SelectFromParityTests.Nested_condition_indent_changes_wrapped_operator_operand	Native local indent inside nested ON operations
Select_From_Join_IndentWrapConditionNestedOperations.OnNewLineOnly	Boolean	true	true	covered	select.join.nestedConditionIndent.onNewLineOnly:boolean:true	true	true	native_alternative_not_xml_conversion	SelectFromParityTests.On_new_line_only_controls_inline_padding	False adds inline padding to nested ON operand
Select_From_Join_IndentWrapConditionNestedOperations.Size	Integer	0	3	covered	select.join.nestedConditionIndent.offset:integer:0	0	0	native_alternative_not_xml_conversion	SelectFromParityTests.Nested_condition_indent_changes_wrapped_operator_operand	Signed native indentation level offset
Select_From_Join_LineBreakAfterJoin	Boolean	false	false	covered	select.join.breakAfter:choice:inherit	"inherit"	"inherit"	native_alternative_not_xml_conversion	SelectFromParityTests.Join_and_on_boundaries_are_independent	Break before table after JOIN or APPLY
Select_From_Join_LineBreakAfterOn	Boolean	false	false	covered	select.join.onBreakAfter:choice:inherit	"inherit"	"inherit"	native_alternative_not_xml_conversion	SelectFromParityTests.Join_and_on_boundaries_are_independent	Break before ON condition
Select_From_Join_LineBreakBeforeJoin	Boolean	true	true	covered	select.join.breakBefore:choice:inherit	"inherit"	"inherit"	native_alternative_not_xml_conversion	SelectFromParityTests.Join_and_on_boundaries_are_independent	Break before JOIN or APPLY phrase
Select_From_Join_LineBreakBeforeOn	Boolean	false	false	covered	select.join.onBreakBefore:choice:inherit	"inherit"	"inherit"	native_alternative_not_xml_conversion	SelectFromParityTests.Join_and_on_boundaries_are_independent	Break before ON keyword
Select_From_Join_WrapAfterOperatorMode	Integer	1	1	covered	select.join.wrapAfterOperator:choice:inherit	"inherit"	"inherit"	native_alternative_not_xml_conversion	SelectFromParityTests.Join_boolean_wrap_modes_and_operator_sides_are_distinct	Native inherit/always/never after AND or OR
Select_From_Join_WrapBeforeOperatorMode	Integer	1	2	covered	select.join.wrapBeforeOperator:choice:inherit	"inherit"	"inherit"	native_alternative_not_xml_conversion	SelectFromParityTests.Join_boolean_wrap_modes_and_operator_sides_are_distinct	Native inherit/always/never before AND or OR
Select_From_Join_WrapConditionMode	Integer	0	0	covered	select.join.wrapCondition:choice:inherit	"inherit"	"inherit"	native_alternative_not_xml_conversion	SelectFromParityTests.Join_wrap_condition_can_target_or_without_changing_and	Native none/and/or/both policy for ON Boolean operations
Select_From_LineBreakAfterFrom	Boolean	false	false	covered	select.from.breakAfter:choice:inherit	"inherit"	"inherit"	native_alternative_not_xml_conversion	SelectFromParityTests.From_keyword_and_list_boundaries_are_independent	Break before first table after FROM
Select_From_LineBreakBeforeFrom	Boolean	true	true	covered	select.from.breakBefore:choice:inherit	"always"	"inherit"	native_alternative_not_xml_conversion	SelectFromParityTests.From_keyword_and_list_boundaries_are_independent	Break before FROM keyword
Select_From_StackFromList	Boolean	true	true	covered	select.from.stackList:choice:inherit	"on"	"off"	native_alternative_not_xml_conversion	SelectFromParityTests.From_list_can_be_stacked_or_compact	Native on/off/inherit for multiple FROM references
Select_From_StackFromListMode	Integer	1	1	covered	select.from.stackMode:choice:onePerLine	"onePerLine"	"onePerLine"	native_alternative_not_xml_conversion	SelectFromParityTests.From_stack_mode_auto_keeps_a_short_list_inline	Native onePerLine/auto instead of XML integer mode
Select_GroupBy_IndentColumnList.Indent	Boolean	false	false	covered	select.groupBy.listIndent.enabled:boolean:false	false	false	native_alternative_not_xml_conversion	SelectClauseParityTests.Local_indent_and_inline_policy_are_observable	Native local indent before GROUP BY items
Select_GroupBy_IndentColumnList.OnNewLineOnly	Boolean	true	true	covered	select.groupBy.listIndent.onNewLineOnly:boolean:true	true	true	native_alternative_not_xml_conversion	SelectClauseParityTests.Local_indent_and_inline_policy_are_observable	False also pads inline GROUP BY items
Select_GroupBy_IndentColumnList.Size	Integer	0	0	covered	select.groupBy.listIndent.offset:integer:0	0	0	native_alternative_not_xml_conversion	SelectClauseParityTests.Local_indent_and_inline_policy_are_observable	Signed native indentation level offset
Select_GroupBy_IndentGroupByPhrase.Indent	Boolean	false	false	covered	select.groupBy.keywordIndent.enabled:boolean:false	false	false	native_alternative_not_xml_conversion	SelectClauseParityTests.Local_indent_and_inline_policy_are_observable	Native local indent before GROUP BY phrase
Select_GroupBy_IndentGroupByPhrase.OnNewLineOnly	Boolean	true	true	covered	select.groupBy.keywordIndent.onNewLineOnly:boolean:true	true	true	native_alternative_not_xml_conversion	SelectClauseParityTests.Local_indent_and_inline_policy_are_observable	False also pads inline GROUP BY phrase
Select_GroupBy_IndentGroupByPhrase.Size	Integer	0	0	covered	select.groupBy.keywordIndent.offset:integer:0	0	0	native_alternative_not_xml_conversion	SelectClauseParityTests.Local_indent_and_inline_policy_are_observable	Signed native indentation level offset
Select_GroupBy_LineBreakBeforeGroup	Boolean	true	true	covered	select.groupBy.breakBefore:choice:inherit	"always"	"inherit"	native_alternative_not_xml_conversion	SelectClauseParityTests.List_clause_has_independent_before_after_and_stack_rules	Break before GROUP BY phrase
Select_GroupBy_LineBreakBeforeGroupByExpression	Boolean	false	false	covered	select.groupBy.breakAfter:choice:inherit	"inherit"	"inherit"	native_alternative_not_xml_conversion	SelectClauseParityTests.List_clause_has_independent_before_after_and_stack_rules	Break before first GROUP BY expression
Select_GroupBy_StackColumnsList	Boolean	true	true	covered	select.groupBy.stackList:choice:inherit	"on"	"off"	native_alternative_not_xml_conversion	SelectClauseParityTests.List_clause_has_independent_before_after_and_stack_rules	Native on/off/inherit for GROUP BY items
Select_GroupBy_StackColumnsListMode	Integer	1	1	covered	select.groupBy.stackMode:choice:onePerLine	"onePerLine"	"onePerLine"	native_alternative_not_xml_conversion	SelectClauseParityTests.Auto_stack_mode_keeps_a_short_clause_inline	Native onePerLine/auto rather than XML numeric mode
Select_Having_IndentHavingCondition.Indent	Boolean	false	true	covered	select.having.conditionIndent.enabled:boolean:false	false	false	native_alternative_not_xml_conversion	SelectClauseParityTests.Local_indent_and_inline_policy_are_observable	Native local indent before HAVING condition
Select_Having_IndentHavingCondition.OnNewLineOnly	Boolean	true	true	covered	select.having.conditionIndent.onNewLineOnly:boolean:true	true	true	native_alternative_not_xml_conversion	SelectClauseParityTests.Local_indent_and_inline_policy_are_observable	False also pads inline HAVING condition
Select_Having_IndentHavingCondition.Size	Integer	0	3	covered	select.having.conditionIndent.offset:integer:0	0	0	native_alternative_not_xml_conversion	SelectClauseParityTests.Local_indent_and_inline_policy_are_observable	Signed native indentation level offset
Select_Having_IndentHavingKeyword.Indent	Boolean	false	false	covered	select.having.keywordIndent.enabled:boolean:false	false	false	native_alternative_not_xml_conversion	SelectClauseParityTests.Local_indent_and_inline_policy_are_observable	Native local indent before HAVING keyword
Select_Having_IndentHavingKeyword.OnNewLineOnly	Boolean	true	true	covered	select.having.keywordIndent.onNewLineOnly:boolean:true	true	true	native_alternative_not_xml_conversion	SelectClauseParityTests.Local_indent_and_inline_policy_are_observable	False also pads inline HAVING keyword
Select_Having_IndentHavingKeyword.Size	Integer	0	0	covered	select.having.keywordIndent.offset:integer:0	0	0	native_alternative_not_xml_conversion	SelectClauseParityTests.Local_indent_and_inline_policy_are_observable	Signed native indentation level offset
Select_Having_IndentWrapConditionNestedOperations.Indent	Boolean	false	true	covered	select.having.nestedConditionIndent.enabled:boolean:false	false	false	native_alternative_not_xml_conversion	SelectClauseParityTests.Nested_condition_indent_and_operator_side_rules_are_observable	Native local indent inside nested HAVING operations
Select_Having_IndentWrapConditionNestedOperations.OnNewLineOnly	Boolean	true	true	covered	select.having.nestedConditionIndent.onNewLineOnly:boolean:true	true	true	native_alternative_not_xml_conversion	SelectClauseParityTests.Nested_condition_on_new_line_only_changes_inline_operand	False also pads inline HAVING operand
Select_Having_IndentWrapConditionNestedOperations.Size	Integer	0	3	covered	select.having.nestedConditionIndent.offset:integer:0	0	0	native_alternative_not_xml_conversion	SelectClauseParityTests.Nested_condition_indent_and_operator_side_rules_are_observable	Signed native indentation level offset
Select_Having_LineBreakAfterHaving	Boolean	false	false	covered	select.having.breakAfter:choice:inherit	"inherit"	"inherit"	native_alternative_not_xml_conversion	SelectClauseParityTests.Condition_clause_has_independent_before_and_after_breaks	Break before HAVING condition
Select_Having_LineBreakBeforeHaving	Boolean	true	true	covered	select.having.breakBefore:choice:inherit	"inherit"	"inherit"	native_alternative_not_xml_conversion	SelectClauseParityTests.Condition_clause_has_independent_before_and_after_breaks	Break before HAVING keyword
Select_Having_WrapAfterOperatorMode	Integer	1	1	covered	select.having.wrapAfterOperator:choice:inherit	"inherit"	"inherit"	native_alternative_not_xml_conversion	SelectClauseParityTests.Nested_condition_indent_and_operator_side_rules_are_observable	Native break after HAVING AND/OR
Select_Having_WrapBeforeOperatorMode	Integer	1	1	covered	select.having.wrapBeforeOperator:choice:inherit	"inherit"	"inherit"	native_alternative_not_xml_conversion	SelectClauseParityTests.Nested_condition_indent_and_operator_side_rules_are_observable	Native break before HAVING AND/OR
Select_Having_WrapConditionMode	Integer	1	1	covered	select.having.wrapCondition:choice:inherit	"inherit"	"inherit"	native_alternative_not_xml_conversion	SelectClauseParityTests.Where_and_having_wrapping_do_not_leak_between_clauses	Native none/and/or/both policy independent of WHERE
Select_Into_IndentIntoKeyword.Indent	Boolean	false	true	covered	select.into.keywordIndent.enabled:boolean:false	false	false	native_alternative_not_xml_conversion	SelectFromParityTests.Local_indent_changes_its_own_boundary	Native local indent before SELECT INTO keyword
Select_Into_IndentIntoKeyword.OnNewLineOnly	Boolean	true	true	covered	select.into.keywordIndent.onNewLineOnly:boolean:true	true	true	native_alternative_not_xml_conversion	SelectFromParityTests.On_new_line_only_controls_inline_padding	False adds inline padding before INTO
Select_Into_IndentIntoKeyword.Size	Integer	0	2	covered	select.into.keywordIndent.offset:integer:0	0	0	native_alternative_not_xml_conversion	SelectFromParityTests.Local_indent_changes_its_own_boundary	Signed native indentation level offset
Select_Into_IndentTable.Indent	Boolean	false	false	covered	select.into.tableIndent.enabled:boolean:false	false	false	native_alternative_not_xml_conversion	SelectFromParityTests.Local_indent_changes_its_own_boundary	Native local indent before SELECT INTO target
Select_Into_IndentTable.OnNewLineOnly	Boolean	true	true	covered	select.into.tableIndent.onNewLineOnly:boolean:true	true	true	native_alternative_not_xml_conversion	SelectFromParityTests.On_new_line_only_controls_inline_padding	False adds inline padding before target
Select_Into_IndentTable.Size	Integer	0	0	covered	select.into.tableIndent.offset:integer:0	0	0	native_alternative_not_xml_conversion	SelectFromParityTests.Local_indent_changes_its_own_boundary	Signed native indentation level offset
Select_Into_LineBreakAfterInto	Boolean	false	false	covered	select.into.breakAfter:choice:inherit	"inherit"	"inherit"	native_alternative_not_xml_conversion	SelectFromParityTests.Into_keyword_and_table_boundaries_are_independent	Break before SELECT INTO target
Select_Into_LineBreakBeforeInto	Boolean	false	true	covered	select.into.breakBefore:choice:inherit	"inherit"	"inherit"	native_alternative_not_xml_conversion	SelectFromParityTests.Into_keyword_and_table_boundaries_are_independent	Break before SELECT INTO keyword
Select_OptionHints_IndentOptionHints.Indent	Boolean	false	false	covered	select.option.hintsIndent.enabled:boolean:false	false	false	native_alternative_not_xml_conversion	SelectTailParityTests.Option_hint_indent_changes_a_multiline_hint	Native local indent before OPTION hint
Select_OptionHints_IndentOptionHints.OnNewLineOnly	Boolean	true	true	covered	select.option.hintsIndent.onNewLineOnly:boolean:true	true	true	native_alternative_not_xml_conversion	SelectTailParityTests.Option_hint_inline_padding_is_opt_in	False pads inline OPTION hint
Select_OptionHints_IndentOptionHints.Size	Integer	0	0	covered	select.option.hintsIndent.offset:integer:0	0	0	native_alternative_not_xml_conversion	SelectTailParityTests.Option_hint_indent_changes_a_multiline_hint	Signed native indentation level offset
Select_OptionHints_IndentOptionKeyword.Indent	Boolean	false	false	covered	select.option.keywordIndent.enabled:boolean:false	false	false	native_alternative_not_xml_conversion	SelectTailParityTests.Scoped_indent_changes_its_boundary	Native indent before OPTION keyword
Select_OptionHints_IndentOptionKeyword.OnNewLineOnly	Boolean	true	true	covered	select.option.keywordIndent.onNewLineOnly:boolean:true	true	true	native_alternative_not_xml_conversion	SelectTailParityTests.Scoped_indent_on_new_line_only_controls_inline_padding	False pads inline OPTION keyword
Select_OptionHints_IndentOptionKeyword.Size	Integer	0	0	covered	select.option.keywordIndent.offset:integer:0	0	0	native_alternative_not_xml_conversion	SelectTailParityTests.Scoped_indent_changes_its_boundary	Signed native indentation level offset
Select_OptionHints_LineBreakAfterOption	Boolean	false	false	covered	select.option.breakAfter:choice:inherit	"inherit"	"inherit"	native_alternative_not_xml_conversion	SelectTailParityTests.For_xml_and_option_boundaries_are_configurable	Break between OPTION keyword and opening parenthesis
Select_OptionHints_LineBreakBeforeOption	Boolean	true	true	covered	select.option.breakBefore:choice:inherit	"inherit"	"inherit"	native_alternative_not_xml_conversion	SelectTailParityTests.For_xml_and_option_boundaries_are_configurable	Break before OPTION keyword
Select_OrderBy_IndentColumnList.Indent	Boolean	false	false	covered	select.orderBy.listIndent.enabled:boolean:false	false	false	native_alternative_not_xml_conversion	SelectClauseParityTests.Local_indent_and_inline_policy_are_observable	Native local indent before ORDER BY items
Select_OrderBy_IndentColumnList.OnNewLineOnly	Boolean	true	true	covered	select.orderBy.listIndent.onNewLineOnly:boolean:true	true	true	native_alternative_not_xml_conversion	SelectClauseParityTests.Local_indent_and_inline_policy_are_observable	False also pads inline ORDER BY items
Select_OrderBy_IndentColumnList.Size	Integer	0	0	covered	select.orderBy.listIndent.offset:integer:0	0	0	native_alternative_not_xml_conversion	SelectClauseParityTests.Local_indent_and_inline_policy_are_observable	Signed native indentation level offset
Select_OrderBy_IndentOrderByPhrase.Indent	Boolean	false	true	covered	select.orderBy.keywordIndent.enabled:boolean:false	false	false	native_alternative_not_xml_conversion	SelectClauseParityTests.Local_indent_and_inline_policy_are_observable	Native local indent before ORDER BY phrase
Select_OrderBy_IndentOrderByPhrase.OnNewLineOnly	Boolean	true	true	covered	select.orderBy.keywordIndent.onNewLineOnly:boolean:true	true	true	native_alternative_not_xml_conversion	SelectClauseParityTests.Local_indent_and_inline_policy_are_observable	False also pads inline ORDER BY phrase
Select_OrderBy_IndentOrderByPhrase.Size	Integer	0	1	covered	select.orderBy.keywordIndent.offset:integer:0	0	0	native_alternative_not_xml_conversion	SelectClauseParityTests.Local_indent_and_inline_policy_are_observable	Signed native indentation level offset
Select_OrderBy_LineBreakAfterBy	Boolean	false	false	covered	select.orderBy.breakAfter:choice:inherit	"inherit"	"inherit"	native_alternative_not_xml_conversion	SelectClauseParityTests.List_clause_has_independent_before_after_and_stack_rules	Break before first ORDER BY expression
Select_OrderBy_LineBreakBeforeOrder	Boolean	true	true	covered	select.orderBy.breakBefore:choice:inherit	"always"	"inherit"	native_alternative_not_xml_conversion	SelectClauseParityTests.List_clause_has_independent_before_after_and_stack_rules	Break before ORDER BY phrase
Select_OrderBy_StackColumnsList	Boolean	false	true	covered	select.orderBy.stackList:choice:inherit	"on"	"off"	native_alternative_not_xml_conversion	SelectClauseParityTests.List_clause_has_independent_before_after_and_stack_rules	Native on/off/inherit for ORDER BY items
Select_OrderBy_StackColumnsListMode	Integer	1	1	covered	select.orderBy.stackMode:choice:onePerLine	"onePerLine"	"onePerLine"	native_alternative_not_xml_conversion	SelectClauseParityTests.Auto_stack_mode_keeps_a_short_clause_inline	Native onePerLine/auto rather than XML numeric mode
Select_SelectList_IndentColumnList.Indent	Boolean	true	true	covered	select.list.indent.enabled:boolean:false	false	false	native_alternative_not_xml_conversion	SelectListParityTests.List_indent_offset_and_inline_indent_are_observable	Enabled native local indent overrides inherited one-level list indent
Select_SelectList_IndentColumnList.OnNewLineOnly	Boolean	true	true	covered	select.list.indent.onNewLineOnly:boolean:true	true	true	native_alternative_not_xml_conversion	SelectListParityTests.List_indent_offset_and_inline_indent_are_observable	False also adds inline padding when first column stays on SELECT line
Select_SelectList_IndentColumnList.Size	Integer	0	0	covered	select.list.indent.offset:integer:0	0	0	native_alternative_not_xml_conversion	SelectListParityTests.List_indent_offset_and_inline_indent_are_observable	Native signed level offset or absolute level per style; XML numeric size not copied
Select_SelectList_LineBreakBeforeFirstColumn	Boolean	true	true	covered	select.list.breakBeforeFirstColumn:choice:inherit	"always"	"never"	native_alternative_not_xml_conversion	SelectListParityTests.First_column_break_can_be_forced_or_suppressed	Native always/never/inherit controls first-column line break
Select_SelectList_StackColumns	Boolean	true	true	covered	select.list.stackColumns:choice:inherit	"on"	"off"	native_alternative_not_xml_conversion	SelectListParityTests.Stack_switch_and_mode_change_column_layout	Native on/off/inherit controls vertical list policy without changing v1 default
Select_SelectList_StackColumnsMode	Integer	1	2	covered	select.list.stackMode:choice:onePerLine	"onePerLine"	"onePerLine"	native_alternative_not_xml_conversion	SelectListParityTests.Stack_switch_and_mode_change_column_layout	Native onePerLine/auto when stacking is on; XML integer modes replaced by named policies
Select_SingleLine_WhenQueryContainsLessThanXWords.Checked	Boolean	false	false	covered	select.singleLine.maxWords.enabled:boolean:false	false	false	native_alternative_not_xml_conversion	SelectListParityTests.Word_threshold_and_right_margin_have_independent_effect	Enable word-count compactness for simple top-level SELECT
Select_SingleLine_WhenQueryContainsLessThanXWords.Value	Integer	10	10	covered	select.singleLine.maxWords.value:integer:10	10	10	native_alternative_not_xml_conversion	SelectListParityTests.Word_threshold_and_right_margin_have_independent_effect	Maximum lexical word count for one-line candidate
Select_SingleLine_WhenQueryIsShorterThanXCharacters.Checked	Boolean	false	true	covered	select.singleLine.maxCharacters.enabled:boolean:false	false	false	native_alternative_not_xml_conversion	SelectListParityTests.Character_threshold_compacts_only_short_queries	Enable character-count compactness for simple top-level SELECT
Select_SingleLine_WhenQueryIsShorterThanXCharacters.Value	Integer	50	50	covered	select.singleLine.maxCharacters.value:integer:50	50	50	native_alternative_not_xml_conversion	SelectListParityTests.Character_threshold_compacts_only_short_queries	Maximum candidate character count for one line
Select_SingleLine_WhenRightMarginIsNotExceeded	Boolean	false	false	covered	select.singleLine.whenFitsMargin:boolean:false	false	true	native_alternative_not_xml_conversion	SelectListParityTests.Compactness_never_exceeds_configured_margin	Compact when candidate fits configured max line width; all compactness routes obey margin
Select_Where_IndentWhereCondition.Indent	Boolean	false	true	covered	select.where.conditionIndent.enabled:boolean:false	false	false	native_alternative_not_xml_conversion	SelectClauseParityTests.Local_indent_and_inline_policy_are_observable	Native local indent before WHERE condition
Select_Where_IndentWhereCondition.OnNewLineOnly	Boolean	true	true	covered	select.where.conditionIndent.onNewLineOnly:boolean:true	true	true	native_alternative_not_xml_conversion	SelectClauseParityTests.Local_indent_and_inline_policy_are_observable	False also pads inline WHERE condition
Select_Where_IndentWhereCondition.Size	Integer	0	2	covered	select.where.conditionIndent.offset:integer:0	0	0	native_alternative_not_xml_conversion	SelectClauseParityTests.Local_indent_and_inline_policy_are_observable	Signed native indentation level offset
Select_Where_IndentWhereKeyword.Indent	Boolean	false	true	covered	select.where.keywordIndent.enabled:boolean:false	false	false	native_alternative_not_xml_conversion	SelectClauseParityTests.Local_indent_and_inline_policy_are_observable	Native local indent before WHERE keyword
Select_Where_IndentWhereKeyword.OnNewLineOnly	Boolean	true	true	covered	select.where.keywordIndent.onNewLineOnly:boolean:true	true	true	native_alternative_not_xml_conversion	SelectClauseParityTests.Local_indent_and_inline_policy_are_observable	False also pads inline WHERE keyword
Select_Where_IndentWhereKeyword.Size	Integer	0	1	covered	select.where.keywordIndent.offset:integer:0	0	0	native_alternative_not_xml_conversion	SelectClauseParityTests.Local_indent_and_inline_policy_are_observable	Signed native indentation level offset
Select_Where_IndentWrapConditionNestedOperations.Indent	Boolean	false	true	covered	select.where.nestedConditionIndent.enabled:boolean:false	false	false	native_alternative_not_xml_conversion	SelectClauseParityTests.Nested_condition_indent_and_operator_side_rules_are_observable	Native local indent inside nested WHERE operations
Select_Where_IndentWrapConditionNestedOperations.OnNewLineOnly	Boolean	true	true	covered	select.where.nestedConditionIndent.onNewLineOnly:boolean:true	true	true	native_alternative_not_xml_conversion	SelectClauseParityTests.Nested_condition_on_new_line_only_changes_inline_operand	False also pads inline WHERE operand
Select_Where_IndentWrapConditionNestedOperations.Size	Integer	0	5	covered	select.where.nestedConditionIndent.offset:integer:0	0	0	native_alternative_not_xml_conversion	SelectClauseParityTests.Nested_condition_indent_and_operator_side_rules_are_observable	Signed native indentation level offset
Select_Where_LineBreakAfterWhere	Boolean	false	false	covered	select.where.breakAfter:choice:inherit	"inherit"	"inherit"	native_alternative_not_xml_conversion	SelectClauseParityTests.Condition_clause_has_independent_before_and_after_breaks	Break before WHERE condition
Select_Where_LineBreakBeforeWhere	Boolean	true	true	covered	select.where.breakBefore:choice:inherit	"always"	"inherit"	native_alternative_not_xml_conversion	SelectClauseParityTests.Condition_clause_has_independent_before_and_after_breaks	Break before WHERE keyword
Select_Where_WrapAfterOperatorMode	Integer	1	1	covered	select.where.wrapAfterOperator:choice:inherit	"inherit"	"inherit"	native_alternative_not_xml_conversion	SelectClauseParityTests.Nested_condition_indent_and_operator_side_rules_are_observable	Native break after WHERE AND/OR
Select_Where_WrapBeforeOperatorMode	Integer	1	1	covered	select.where.wrapBeforeOperator:choice:inherit	"inherit"	"inherit"	native_alternative_not_xml_conversion	SelectClauseParityTests.Nested_condition_indent_and_operator_side_rules_are_observable	Native break before WHERE AND/OR
Select_Where_WrapConditionMode	Integer	0	1	covered	select.where.wrapCondition:choice:inherit	"inherit"	"inherit"	native_alternative_not_xml_conversion	SelectClauseParityTests.Where_and_having_wrapping_do_not_leak_between_clauses	Native none/and/or/both policy independent of HAVING
Spacing_ArithmeticalOperators_SpacesAroundBinaryOperators	Integer	0	0	covered	spacing.arithmeticOperators:choice:inherit	"inherit"	"inherit"	native_alternative_not_xml_conversion	SpacingFormattingTests.Insert_rule_changes_only_requested_boundary	Binary AST arithmetic operator gaps only; native inherit/insert/remove instead of XML numeric mode
Spacing_Delimiters_InsertSpaceAfterComma	Boolean	true	true	covered	spacing.afterComma:choice:inherit	"inherit"	"inherit"	native_alternative_not_xml_conversion	SpacingFormattingTests.Insert_rule_changes_only_requested_boundary	Same-line gap after comma; insert or remove; token sequence validated
Spacing_Delimiters_InsertSpaceAfterDot	Boolean	false	false	covered	spacing.afterDot:choice:inherit	"inherit"	"inherit"	native_alternative_not_xml_conversion	SpacingFormattingTests.Insert_rule_changes_only_requested_boundary	Same-line gap after dot outside literals
Spacing_Delimiters_InsertSpaceAfterScopeResolutionOperator	Boolean	false	false	covered	spacing.afterScopeResolution:choice:inherit	"inherit"	"inherit"	native_alternative_not_xml_conversion	SpacingFormattingTests.Insert_rule_changes_only_requested_boundary	Same-line gap after scope-resolution token
Spacing_Delimiters_InsertSpaceBeforeComma	Boolean	false	false	covered	spacing.beforeComma:choice:inherit	"inherit"	"inherit"	native_alternative_not_xml_conversion	SpacingFormattingTests.Insert_rule_changes_only_requested_boundary	Same-line gap before comma
Spacing_Delimiters_InsertSpaceBeforeDot	Boolean	false	false	covered	spacing.beforeDot:choice:inherit	"inherit"	"inherit"	native_alternative_not_xml_conversion	SpacingFormattingTests.Insert_rule_changes_only_requested_boundary	Same-line gap before dot outside literals
Spacing_Delimiters_InsertSpaceBeforeScopeResolutionOperator	Boolean	false	false	covered	spacing.beforeScopeResolution:choice:inherit	"inherit"	"inherit"	native_alternative_not_xml_conversion	SpacingFormattingTests.Insert_rule_changes_only_requested_boundary	Same-line gap before scope-resolution token
Spacing_FunctionCalls_InsertSpaceBeforeArgumentsList	Boolean	false	false	covered	spacing.beforeFunctionArguments:choice:inherit	"inherit"	"inherit"	native_alternative_not_xml_conversion	SpacingFormattingTests.Insert_rule_changes_only_requested_boundary	FunctionCall AST opening parenthesis only
Spacing_FunctionCalls_InsertSpaceWithinEmptyArgumentsListBraces	Boolean	false	false	covered	spacing.withinEmptyFunctionArguments:choice:inherit	"inherit"	"inherit"	native_alternative_not_xml_conversion	SpacingFormattingTests.Insert_rule_changes_only_requested_boundary	Empty FunctionCall AST parentheses only
Spacing_FunctionCalls_InsertSpacesWithinArgumentsListBraces	Boolean	false	false	covered	spacing.withinFunctionArguments:choice:inherit	"inherit"	"inherit"	native_alternative_not_xml_conversion	SpacingFormattingTests.Insert_rule_changes_only_requested_boundary	Nonempty FunctionCall AST outer parentheses only
StackedList_NoSpaceBetweenCommaAndListItemInStack	Boolean	true	false	covered	stackedList.spaceAfterLeadingComma:choice:inherit	"inherit"	"inherit"	native_alternative_not_xml_conversion	StackedListAndBatchFormattingTests.Vertical_select_list_can_use_leading_comma_with_or_without_space	Native inherit/insert/remove after leading comma in vertical lists
StackedList_PlaceCommaBeforeItemInStackedList	Boolean	false	false	covered	stackedList.commaPlacement:choice:inherit	"inherit"	"inherit"	native_alternative_not_xml_conversion	StackedListAndBatchFormattingTests.Vertical_select_list_can_use_leading_comma_with_or_without_space	Native inherit/leading/trailing placement in vertical lists
Subquery_Cte_ColumnList_IndentColumnList.Indent	Boolean	false	false	covered	subquery.cte.columnListIndent.enabled:boolean:false	false	false	native_alternative_not_xml_conversion	SubqueryClauseParityTests.Cte_column_list_and_header_have_independent_rules	Nested SELECT / CTE only; Native indent for CTE column list
Subquery_Cte_ColumnList_IndentColumnList.OnNewLineOnly	Boolean	true	true	covered	subquery.cte.columnListIndent.onNewLineOnly:boolean:true	true	true	native_alternative_not_xml_conversion	SubqueryClauseParityTests.Cte_column_list_and_header_have_independent_rules	Nested SELECT / CTE only; False pads inline CTE column
Subquery_Cte_ColumnList_IndentColumnList.Size	Integer	0	0	covered	subquery.cte.columnListIndent.offset:integer:0	0	0	native_alternative_not_xml_conversion	SubqueryClauseParityTests.Cte_column_list_and_header_have_independent_rules	Nested SELECT / CTE only; Signed native indentation level offset
Subquery_Cte_ColumnList_IndentColumnListBraces.Indent	Boolean	false	false	covered	subquery.cte.columnBraceIndent.enabled:boolean:false	false	false	native_alternative_not_xml_conversion	SubqueryClauseParityTests.Cte_column_list_and_header_have_independent_rules	Nested SELECT / CTE only; Native indent for CTE column parentheses
Subquery_Cte_ColumnList_IndentColumnListBraces.OnNewLineOnly	Boolean	true	true	covered	subquery.cte.columnBraceIndent.onNewLineOnly:boolean:true	true	true	native_alternative_not_xml_conversion	SubqueryClauseParityTests.Cte_column_list_and_header_have_independent_rules	Nested SELECT / CTE only; False pads inline opening brace
Subquery_Cte_ColumnList_IndentColumnListBraces.Size	Integer	0	0	covered	subquery.cte.columnBraceIndent.offset:integer:0	0	0	native_alternative_not_xml_conversion	SubqueryClauseParityTests.Cte_column_list_and_header_have_independent_rules	Nested SELECT / CTE only; Signed native indentation level offset
Subquery_Cte_ColumnList_LineBreakAfterColumnListOpenBrace	Boolean	false	false	covered	subquery.cte.breakAfterColumnOpen:choice:inherit	"inherit"	"inherit"	native_alternative_not_xml_conversion	SubqueryClauseParityTests.Cte_column_list_and_header_have_independent_rules	Nested SELECT / CTE only; Break after CTE column opening parenthesis
Subquery_Cte_ColumnList_LineBreakBeforeColumnListClosingBrace	Boolean	false	false	covered	subquery.cte.breakBeforeColumnClose:choice:inherit	"inherit"	"inherit"	native_alternative_not_xml_conversion	SubqueryClauseParityTests.Cte_column_list_and_header_have_independent_rules	Nested SELECT / CTE only; Break before CTE column closing parenthesis
Subquery_Cte_ColumnList_LineBreakBeforeColumnListOpenBrace	Boolean	false	false	covered	subquery.cte.breakBeforeColumnOpen:choice:inherit	"inherit"	"inherit"	native_alternative_not_xml_conversion	SubqueryClauseParityTests.Cte_column_list_and_header_have_independent_rules	Nested SELECT / CTE only; Break before CTE column opening parenthesis
Subquery_Cte_ColumnList_StackColumnList	Boolean	false	false	covered	subquery.cte.stackColumns:choice:inherit	"on"	"off"	native_alternative_not_xml_conversion	SubqueryClauseParityTests.Cte_column_list_and_header_have_independent_rules	Nested SELECT / CTE only; Native on/off/inherit for CTE column list
Subquery_Cte_ColumnList_StackColumnListMode	Integer	8	8	covered	subquery.cte.stackMode:choice:onePerLine	"onePerLine"	"onePerLine"	native_alternative_not_xml_conversion	SubqueryClauseParityTests.Cte_column_list_and_header_have_independent_rules	Nested SELECT / CTE only; Native onePerLine/auto instead of XML numeric mode
Subquery_Cte_IndentCommonTableExpression.Indent	Boolean	false	false	covered	subquery.cte.expressionIndent.enabled:boolean:false	false	false	native_alternative_not_xml_conversion	SubqueryClauseParityTests.Cte_column_list_and_header_have_independent_rules	Nested SELECT / CTE only; Native indent before CTE expression name
Subquery_Cte_IndentCommonTableExpression.OnNewLineOnly	Boolean	true	true	covered	subquery.cte.expressionIndent.onNewLineOnly:boolean:true	true	true	native_alternative_not_xml_conversion	SubqueryClauseParityTests.Cte_column_list_and_header_have_independent_rules	Nested SELECT / CTE only; False pads inline CTE name
Subquery_Cte_IndentCommonTableExpression.Size	Integer	0	0	covered	subquery.cte.expressionIndent.offset:integer:0	0	0	native_alternative_not_xml_conversion	SubqueryClauseParityTests.Cte_column_list_and_header_have_independent_rules	Nested SELECT / CTE only; Signed native indentation level offset
Subquery_Cte_IndentSubqueryBraces.Indent	Boolean	false	false	covered	subquery.cte.subqueryBraceIndent.enabled:boolean:false	false	false	native_alternative_not_xml_conversion	SubqueryClauseParityTests.Cte_column_list_and_header_have_independent_rules	Nested SELECT / CTE only; Native indent for CTE subquery parentheses
Subquery_Cte_IndentSubqueryBraces.OnNewLineOnly	Boolean	true	true	covered	subquery.cte.subqueryBraceIndent.onNewLineOnly:boolean:true	true	true	native_alternative_not_xml_conversion	SubqueryClauseParityTests.Cte_column_list_and_header_have_independent_rules	Nested SELECT / CTE only; False pads inline CTE subquery brace
Subquery_Cte_IndentSubqueryBraces.Size	Integer	0	0	covered	subquery.cte.subqueryBraceIndent.offset:integer:0	0	0	native_alternative_not_xml_conversion	SubqueryClauseParityTests.Cte_column_list_and_header_have_independent_rules	Nested SELECT / CTE only; Signed native indentation level offset
Subquery_Cte_LineBreakAfterAs	Boolean	false	false	covered	subquery.cte.breakAfterAs:choice:inherit	"inherit"	"inherit"	native_alternative_not_xml_conversion	SubqueryClauseParityTests.Cte_column_list_and_header_have_independent_rules	Nested SELECT / CTE only; Break between CTE AS and subquery parenthesis
Subquery_Cte_LineBreakAfterWith	Boolean	false	false	covered	subquery.cte.breakAfterWith:choice:inherit	"inherit"	"inherit"	native_alternative_not_xml_conversion	SubqueryClauseParityTests.Cte_column_list_and_header_have_independent_rules	Nested SELECT / CTE only; Break between WITH and first CTE
Subquery_Cte_LineBreakBeforeAs	Boolean	false	false	covered	subquery.cte.breakBeforeAs:choice:inherit	"inherit"	"inherit"	native_alternative_not_xml_conversion	SubqueryClauseParityTests.Cte_column_list_and_header_have_independent_rules	Nested SELECT / CTE only; Break before CTE AS
Subquery_ForClause_IndentForKeyword.Indent	Boolean	false	false	covered	subquery.for.keywordIndent.enabled:boolean:false	false	false	native_alternative_not_xml_conversion	SubqueryClauseParityTests.For_xml_inside_scalar_subquery_uses_its_own_policy	Nested SELECT / CTE only; Native indent before FOR keyword
Subquery_ForClause_IndentForKeyword.OnNewLineOnly	Boolean	true	true	covered	subquery.for.keywordIndent.onNewLineOnly:boolean:true	true	true	native_alternative_not_xml_conversion	SubqueryClauseParityTests.For_xml_inside_scalar_subquery_uses_its_own_policy	Nested SELECT / CTE only; False pads inline FOR keyword
Subquery_ForClause_IndentForKeyword.Size	Integer	0	0	covered	subquery.for.keywordIndent.offset:integer:0	0	0	native_alternative_not_xml_conversion	SubqueryClauseParityTests.For_xml_inside_scalar_subquery_uses_its_own_policy	Nested SELECT / CTE only; Signed native indentation level offset
Subquery_ForClause_IndentForXmlSpecification.Indent	Boolean	false	false	covered	subquery.for.specIndent.enabled:boolean:false	false	false	native_alternative_not_xml_conversion	SubqueryClauseParityTests.For_xml_inside_scalar_subquery_uses_its_own_policy	Nested SELECT / CTE only; Native indent before FOR XML specification
Subquery_ForClause_IndentForXmlSpecification.OnNewLineOnly	Boolean	true	true	covered	subquery.for.specIndent.onNewLineOnly:boolean:true	true	true	native_alternative_not_xml_conversion	SubqueryClauseParityTests.For_xml_inside_scalar_subquery_uses_its_own_policy	Nested SELECT / CTE only; False pads inline XML specification
Subquery_ForClause_IndentForXmlSpecification.Size	Integer	0	0	covered	subquery.for.specIndent.offset:integer:0	0	0	native_alternative_not_xml_conversion	SubqueryClauseParityTests.For_xml_inside_scalar_subquery_uses_its_own_policy	Nested SELECT / CTE only; Signed native indentation level offset
Subquery_ForClause_LineBreakAfterForXml	Boolean	false	false	covered	subquery.for.breakAfterXml:choice:inherit	"inherit"	"inherit"	native_alternative_not_xml_conversion	SubqueryClauseParityTests.For_xml_inside_scalar_subquery_uses_its_own_policy	Nested SELECT / CTE only; Break between XML and XML specification
Subquery_ForClause_LineBreakBeforeFor	Boolean	true	true	covered	subquery.for.breakBefore:choice:inherit	"inherit"	"inherit"	native_alternative_not_xml_conversion	SubqueryClauseParityTests.For_xml_inside_scalar_subquery_uses_its_own_policy	Nested SELECT / CTE only; Break before FOR keyword
Subquery_From_IndentFromKeyword.Indent	Boolean	false	true	covered	subquery.from.keywordIndent.enabled:boolean:false	false	false	native_alternative_not_xml_conversion	SubqueryClauseParityTests.From_and_join_rules_target_only_the_nested_query	Nested SELECT / CTE only; Native local indent before FROM keyword
Subquery_From_IndentFromKeyword.OnNewLineOnly	Boolean	true	true	covered	subquery.from.keywordIndent.onNewLineOnly:boolean:true	true	true	native_alternative_not_xml_conversion	SubqueryClauseParityTests.From_and_join_rules_target_only_the_nested_query	Nested SELECT / CTE only; False adds inline padding before FROM
Subquery_From_IndentFromKeyword.Size	Integer	0	2	covered	subquery.from.keywordIndent.offset:integer:0	0	0	native_alternative_not_xml_conversion	SubqueryClauseParityTests.From_and_join_rules_target_only_the_nested_query	Nested SELECT / CTE only; Signed native indentation level offset
Subquery_From_IndentFromList.Indent	Boolean	false	false	covered	subquery.from.listIndent.enabled:boolean:false	false	false	native_alternative_not_xml_conversion	SubqueryClauseParityTests.From_and_join_rules_target_only_the_nested_query	Nested SELECT / CTE only; Native local indent for first and stacked FROM table
Subquery_From_IndentFromList.OnNewLineOnly	Boolean	true	true	covered	subquery.from.listIndent.onNewLineOnly:boolean:true	true	true	native_alternative_not_xml_conversion	SubqueryClauseParityTests.From_and_join_rules_target_only_the_nested_query	Nested SELECT / CTE only; False adds inline padding before FROM table
Subquery_From_IndentFromList.Size	Integer	0	0	covered	subquery.from.listIndent.offset:integer:0	0	0	native_alternative_not_xml_conversion	SubqueryClauseParityTests.From_and_join_rules_target_only_the_nested_query	Nested SELECT / CTE only; Signed native indentation level offset
Subquery_From_Join_IndentJoinKeyword.Indent	Boolean	false	true	covered	subquery.join.keywordIndent.enabled:boolean:false	false	false	native_alternative_not_xml_conversion	SubqueryClauseParityTests.From_and_join_rules_target_only_the_nested_query	Nested SELECT / CTE only; Native local indent before JOIN or APPLY phrase
Subquery_From_Join_IndentJoinKeyword.OnNewLineOnly	Boolean	true	true	covered	subquery.join.keywordIndent.onNewLineOnly:boolean:true	true	true	native_alternative_not_xml_conversion	SubqueryClauseParityTests.From_and_join_rules_target_only_the_nested_query	Nested SELECT / CTE only; False adds inline padding before JOIN
Subquery_From_Join_IndentJoinKeyword.Size	Integer	0	0	covered	subquery.join.keywordIndent.offset:integer:0	0	0	native_alternative_not_xml_conversion	SubqueryClauseParityTests.From_and_join_rules_target_only_the_nested_query	Nested SELECT / CTE only; Signed native indentation level offset
Subquery_From_Join_IndentJoinKeyword.Style	Integer	-	4	covered	subquery.join.keywordIndent.style:choice:relative	"relative"	"relative"	native_alternative_not_xml_conversion	SubqueryClauseParityTests.From_and_join_rules_target_only_the_nested_query	Nested SELECT / CTE only; Native relative/absolute/anchor style rather than XML numeric code
Subquery_From_Join_IndentJoinKeyword.Transparent	Boolean	true	true	covered	subquery.join.keywordIndent.transparent:boolean:false	false	false	native_alternative_not_xml_conversion	SubqueryClauseParityTests.From_and_join_rules_target_only_the_nested_query	Nested SELECT / CTE only; Transparent removes indentation before JOIN
Subquery_From_Join_IndentOnCondition.Indent	Boolean	false	true	covered	subquery.join.onConditionIndent.enabled:boolean:false	false	false	native_alternative_not_xml_conversion	SubqueryClauseParityTests.From_and_join_rules_target_only_the_nested_query	Nested SELECT / CTE only; Native local indent for ON condition
Subquery_From_Join_IndentOnCondition.OnNewLineOnly	Boolean	true	true	covered	subquery.join.onConditionIndent.onNewLineOnly:boolean:true	true	true	native_alternative_not_xml_conversion	SubqueryClauseParityTests.From_and_join_rules_target_only_the_nested_query	Nested SELECT / CTE only; False adds inline padding before ON condition
Subquery_From_Join_IndentOnCondition.Size	Integer	0	-1	covered	subquery.join.onConditionIndent.offset:integer:0	0	0	native_alternative_not_xml_conversion	SubqueryClauseParityTests.From_and_join_rules_target_only_the_nested_query	Nested SELECT / CTE only; Signed native indentation level offset
Subquery_From_Join_IndentOnKeyword.Indent	Boolean	true	true	covered	subquery.join.onKeywordIndent.enabled:boolean:false	false	false	native_alternative_not_xml_conversion	SubqueryClauseParityTests.From_and_join_rules_target_only_the_nested_query	Nested SELECT / CTE only; Native local indent before ON keyword
Subquery_From_Join_IndentOnKeyword.OnNewLineOnly	Boolean	true	true	covered	subquery.join.onKeywordIndent.onNewLineOnly:boolean:true	true	true	native_alternative_not_xml_conversion	SubqueryClauseParityTests.From_and_join_rules_target_only_the_nested_query	Nested SELECT / CTE only; False adds inline padding before ON
Subquery_From_Join_IndentOnKeyword.Size	Integer	0	0	covered	subquery.join.onKeywordIndent.offset:integer:0	0	0	native_alternative_not_xml_conversion	SubqueryClauseParityTests.From_and_join_rules_target_only_the_nested_query	Nested SELECT / CTE only; Signed native indentation level offset
Subquery_From_Join_IndentTableAfterJoin.Indent	Boolean	false	true	covered	subquery.join.tableIndent.enabled:boolean:false	false	false	native_alternative_not_xml_conversion	SubqueryClauseParityTests.From_and_join_rules_target_only_the_nested_query	Nested SELECT / CTE only; Native local indent before table after JOIN or APPLY
Subquery_From_Join_IndentTableAfterJoin.OnNewLineOnly	Boolean	true	true	covered	subquery.join.tableIndent.onNewLineOnly:boolean:true	true	true	native_alternative_not_xml_conversion	SubqueryClauseParityTests.From_and_join_rules_target_only_the_nested_query	Nested SELECT / CTE only; False adds inline padding before joined table
Subquery_From_Join_IndentTableAfterJoin.Size	Integer	0	-2	covered	subquery.join.tableIndent.offset:integer:0	0	0	native_alternative_not_xml_conversion	SubqueryClauseParityTests.From_and_join_rules_target_only_the_nested_query	Nested SELECT / CTE only; Signed native indentation level offset
Subquery_From_Join_IndentWrapConditionNestedOperations.Indent	Boolean	false	true	covered	subquery.join.nestedConditionIndent.enabled:boolean:false	false	false	native_alternative_not_xml_conversion	SubqueryClauseParityTests.From_and_join_rules_target_only_the_nested_query	Nested SELECT / CTE only; Native local indent inside nested ON operations
Subquery_From_Join_IndentWrapConditionNestedOperations.OnNewLineOnly	Boolean	true	true	covered	subquery.join.nestedConditionIndent.onNewLineOnly:boolean:true	true	true	native_alternative_not_xml_conversion	SubqueryClauseParityTests.From_and_join_rules_target_only_the_nested_query	Nested SELECT / CTE only; False adds inline padding to nested ON operand
Subquery_From_Join_IndentWrapConditionNestedOperations.Size	Integer	0	3	covered	subquery.join.nestedConditionIndent.offset:integer:0	0	0	native_alternative_not_xml_conversion	SubqueryClauseParityTests.From_and_join_rules_target_only_the_nested_query	Nested SELECT / CTE only; Signed native indentation level offset
Subquery_From_Join_LineBreakAfterJoin	Boolean	false	false	covered	subquery.join.breakAfter:choice:inherit	"inherit"	"inherit"	native_alternative_not_xml_conversion	SubqueryClauseParityTests.From_and_join_rules_target_only_the_nested_query	Nested SELECT / CTE only; Break before table after JOIN or APPLY
Subquery_From_Join_LineBreakAfterOn	Boolean	false	false	covered	subquery.join.onBreakAfter:choice:inherit	"inherit"	"inherit"	native_alternative_not_xml_conversion	SubqueryClauseParityTests.From_and_join_rules_target_only_the_nested_query	Nested SELECT / CTE only; Break before ON condition
Subquery_From_Join_LineBreakBeforeJoin	Boolean	true	true	covered	subquery.join.breakBefore:choice:inherit	"inherit"	"inherit"	native_alternative_not_xml_conversion	SubqueryClauseParityTests.From_and_join_rules_target_only_the_nested_query	Nested SELECT / CTE only; Break before JOIN or APPLY phrase
Subquery_From_Join_LineBreakBeforeOn	Boolean	true	true	covered	subquery.join.onBreakBefore:choice:inherit	"inherit"	"inherit"	native_alternative_not_xml_conversion	SubqueryClauseParityTests.From_and_join_rules_target_only_the_nested_query	Nested SELECT / CTE only; Break before ON keyword
Subquery_From_Join_WrapAfterOperatorMode	Integer	1	1	covered	subquery.join.wrapAfterOperator:choice:inherit	"inherit"	"inherit"	native_alternative_not_xml_conversion	SubqueryClauseParityTests.From_and_join_rules_target_only_the_nested_query	Nested SELECT / CTE only; Native inherit/always/never after AND or OR
Subquery_From_Join_WrapBeforeOperatorMode	Integer	1	1	covered	subquery.join.wrapBeforeOperator:choice:inherit	"inherit"	"inherit"	native_alternative_not_xml_conversion	SubqueryClauseParityTests.From_and_join_rules_target_only_the_nested_query	Nested SELECT / CTE only; Native inherit/always/never before AND or OR
Subquery_From_Join_WrapConditionMode	Integer	1	1	covered	subquery.join.wrapCondition:choice:inherit	"inherit"	"inherit"	native_alternative_not_xml_conversion	SubqueryClauseParityTests.From_and_join_rules_target_only_the_nested_query	Nested SELECT / CTE only; Native none/and/or/both policy for ON Boolean operations
Subquery_From_LineBreakAfterFrom	Boolean	false	false	covered	subquery.from.breakAfter:choice:inherit	"inherit"	"inherit"	native_alternative_not_xml_conversion	SubqueryClauseParityTests.From_and_join_rules_target_only_the_nested_query	Nested SELECT / CTE only; Break before first table after FROM
Subquery_From_LineBreakBeforeFrom	Boolean	true	false	covered	subquery.from.breakBefore:choice:inherit	"inherit"	"inherit"	native_alternative_not_xml_conversion	SubqueryClauseParityTests.From_and_join_rules_target_only_the_nested_query	Nested SELECT / CTE only; Break before FROM keyword
Subquery_From_StackFromList	Boolean	true	true	covered	subquery.from.stackList:choice:inherit	"on"	"off"	native_alternative_not_xml_conversion	SubqueryClauseParityTests.From_and_join_rules_target_only_the_nested_query	Nested SELECT / CTE only; Native on/off/inherit for multiple FROM references
Subquery_From_StackFromListMode	Integer	1	1	covered	subquery.from.stackMode:choice:onePerLine	"onePerLine"	"onePerLine"	native_alternative_not_xml_conversion	SubqueryClauseParityTests.From_and_join_rules_target_only_the_nested_query	Nested SELECT / CTE only; Native onePerLine/auto instead of XML integer mode
Subquery_GroupBy_IndentColumnList.Indent	Boolean	false	false	covered	subquery.groupBy.listIndent.enabled:boolean:false	false	false	native_alternative_not_xml_conversion	SubqueryClauseParityTests.Nested_clauses_have_independent_boundaries	Nested SELECT / CTE only; Native local indent before GROUP BY items
Subquery_GroupBy_IndentColumnList.OnNewLineOnly	Boolean	true	true	covered	subquery.groupBy.listIndent.onNewLineOnly:boolean:true	true	true	native_alternative_not_xml_conversion	SubqueryClauseParityTests.Nested_clauses_have_independent_boundaries	Nested SELECT / CTE only; False also pads inline GROUP BY items
Subquery_GroupBy_IndentColumnList.Size	Integer	0	0	covered	subquery.groupBy.listIndent.offset:integer:0	0	0	native_alternative_not_xml_conversion	SubqueryClauseParityTests.Nested_clauses_have_independent_boundaries	Nested SELECT / CTE only; Signed native indentation level offset
Subquery_GroupBy_IndentGroupByPhrase.Indent	Boolean	false	true	covered	subquery.groupBy.keywordIndent.enabled:boolean:false	false	false	native_alternative_not_xml_conversion	SubqueryClauseParityTests.Nested_clauses_have_independent_boundaries	Nested SELECT / CTE only; Native local indent before GROUP BY phrase
Subquery_GroupBy_IndentGroupByPhrase.OnNewLineOnly	Boolean	true	true	covered	subquery.groupBy.keywordIndent.onNewLineOnly:boolean:true	true	true	native_alternative_not_xml_conversion	SubqueryClauseParityTests.Nested_clauses_have_independent_boundaries	Nested SELECT / CTE only; False also pads inline GROUP BY phrase
Subquery_GroupBy_IndentGroupByPhrase.Size	Integer	0	1	covered	subquery.groupBy.keywordIndent.offset:integer:0	0	0	native_alternative_not_xml_conversion	SubqueryClauseParityTests.Nested_clauses_have_independent_boundaries	Nested SELECT / CTE only; Signed native indentation level offset
Subquery_GroupBy_LineBreakBeforeGroup	Boolean	true	true	covered	subquery.groupBy.breakBefore:choice:inherit	"inherit"	"inherit"	native_alternative_not_xml_conversion	SubqueryClauseParityTests.Nested_clauses_have_independent_boundaries	Nested SELECT / CTE only; Break before GROUP BY phrase
Subquery_GroupBy_LineBreakBeforeGroupByExpression	Boolean	false	false	covered	subquery.groupBy.breakAfter:choice:inherit	"inherit"	"inherit"	native_alternative_not_xml_conversion	SubqueryClauseParityTests.Nested_clauses_have_independent_boundaries	Nested SELECT / CTE only; Break before first GROUP BY expression
Subquery_GroupBy_StackColumnsList	Boolean	true	true	covered	subquery.groupBy.stackList:choice:inherit	"on"	"off"	native_alternative_not_xml_conversion	SubqueryClauseParityTests.Nested_clauses_have_independent_boundaries	Nested SELECT / CTE only; Native on/off/inherit for GROUP BY items
Subquery_GroupBy_StackColumnsListMode	Integer	1	1	covered	subquery.groupBy.stackMode:choice:onePerLine	"onePerLine"	"onePerLine"	native_alternative_not_xml_conversion	SubqueryClauseParityTests.Nested_clauses_have_independent_boundaries	Nested SELECT / CTE only; Native onePerLine/auto rather than XML numeric mode
Subquery_Having_IndentHavingCondition.Indent	Boolean	false	true	covered	subquery.having.conditionIndent.enabled:boolean:false	false	false	native_alternative_not_xml_conversion	SubqueryClauseParityTests.Nested_boolean_wrap_and_indent_are_independent	Nested SELECT / CTE only; Native local indent before HAVING condition
Subquery_Having_IndentHavingCondition.OnNewLineOnly	Boolean	true	true	covered	subquery.having.conditionIndent.onNewLineOnly:boolean:true	true	true	native_alternative_not_xml_conversion	SubqueryClauseParityTests.Nested_boolean_wrap_and_indent_are_independent	Nested SELECT / CTE only; False also pads inline HAVING condition
Subquery_Having_IndentHavingCondition.Size	Integer	0	3	covered	subquery.having.conditionIndent.offset:integer:0	0	0	native_alternative_not_xml_conversion	SubqueryClauseParityTests.Nested_boolean_wrap_and_indent_are_independent	Nested SELECT / CTE only; Signed native indentation level offset
Subquery_Having_IndentHavingKeyword.Indent	Boolean	false	false	covered	subquery.having.keywordIndent.enabled:boolean:false	false	false	native_alternative_not_xml_conversion	SubqueryClauseParityTests.Nested_boolean_wrap_and_indent_are_independent	Nested SELECT / CTE only; Native local indent before HAVING keyword
Subquery_Having_IndentHavingKeyword.OnNewLineOnly	Boolean	true	true	covered	subquery.having.keywordIndent.onNewLineOnly:boolean:true	true	true	native_alternative_not_xml_conversion	SubqueryClauseParityTests.Nested_boolean_wrap_and_indent_are_independent	Nested SELECT / CTE only; False also pads inline HAVING keyword
Subquery_Having_IndentHavingKeyword.Size	Integer	0	0	covered	subquery.having.keywordIndent.offset:integer:0	0	0	native_alternative_not_xml_conversion	SubqueryClauseParityTests.Nested_boolean_wrap_and_indent_are_independent	Nested SELECT / CTE only; Signed native indentation level offset
Subquery_Having_IndentWrapConditionNestedOperations.Indent	Boolean	false	true	covered	subquery.having.nestedConditionIndent.enabled:boolean:false	false	false	native_alternative_not_xml_conversion	SubqueryClauseParityTests.Nested_boolean_wrap_and_indent_are_independent	Nested SELECT / CTE only; Native local indent inside nested HAVING operations
Subquery_Having_IndentWrapConditionNestedOperations.OnNewLineOnly	Boolean	true	true	covered	subquery.having.nestedConditionIndent.onNewLineOnly:boolean:true	true	true	native_alternative_not_xml_conversion	SubqueryClauseParityTests.Nested_boolean_wrap_and_indent_are_independent	Nested SELECT / CTE only; False also pads inline HAVING operand
Subquery_Having_IndentWrapConditionNestedOperations.Size	Integer	0	2	covered	subquery.having.nestedConditionIndent.offset:integer:0	0	0	native_alternative_not_xml_conversion	SubqueryClauseParityTests.Nested_boolean_wrap_and_indent_are_independent	Nested SELECT / CTE only; Signed native indentation level offset
Subquery_Having_LineBreakAfterHaving	Boolean	false	false	covered	subquery.having.breakAfter:choice:inherit	"inherit"	"inherit"	native_alternative_not_xml_conversion	SubqueryClauseParityTests.Nested_boolean_wrap_and_indent_are_independent	Nested SELECT / CTE only; Break before HAVING condition
Subquery_Having_LineBreakBeforeHaving	Boolean	true	true	covered	subquery.having.breakBefore:choice:inherit	"inherit"	"inherit"	native_alternative_not_xml_conversion	SubqueryClauseParityTests.Nested_boolean_wrap_and_indent_are_independent	Nested SELECT / CTE only; Break before HAVING keyword
Subquery_Having_WrapAfterOperatorMode	Integer	1	1	covered	subquery.having.wrapAfterOperator:choice:inherit	"inherit"	"inherit"	native_alternative_not_xml_conversion	SubqueryClauseParityTests.Nested_boolean_wrap_and_indent_are_independent	Nested SELECT / CTE only; Native break after HAVING AND/OR
Subquery_Having_WrapBeforeOperatorMode	Integer	1	1	covered	subquery.having.wrapBeforeOperator:choice:inherit	"inherit"	"inherit"	native_alternative_not_xml_conversion	SubqueryClauseParityTests.Nested_boolean_wrap_and_indent_are_independent	Nested SELECT / CTE only; Native break before HAVING AND/OR
Subquery_Having_WrapConditionMode	Integer	1	1	covered	subquery.having.wrapCondition:choice:inherit	"inherit"	"inherit"	native_alternative_not_xml_conversion	SubqueryClauseParityTests.Nested_boolean_wrap_and_indent_are_independent	Nested SELECT / CTE only; Native none/and/or/both policy independent of WHERE
Subquery_IndentSubquery.Indent	Boolean	true	true	covered	subquery.indent.enabled:boolean:false	false	false	native_alternative_not_xml_conversion	SubqueryParityTests.Independent_brace_breaks_and_indent_are_applied	Independent body indent; preserves relative line indentation
Subquery_IndentSubquery.OnNewLineOnly	Boolean	true	false	covered	subquery.indent.onNewLineOnly:boolean:true	true	true	native_alternative_not_xml_conversion	SubqueryParityTests.Independent_brace_breaks_and_indent_are_applied	Independent body indent; preserves relative line indentation
Subquery_IndentSubquery.Size	Integer	0	4	covered	subquery.indent.offset:integer:0	0	0	native_alternative_not_xml_conversion	SubqueryParityTests.Independent_brace_breaks_and_indent_are_applied	Independent body indent; preserves relative line indentation
Subquery_LineBreakAfterClosingBrace	Boolean	true	false	covered	subquery.breakAfterClose:choice:inherit	"inherit"	"inherit"	native_alternative_not_xml_conversion	SubqueryParityTests.Independent_brace_breaks_and_indent_are_applied	Independent parenthesis boundary; inherit/always/never
Subquery_LineBreakAfterOpenBrace	Boolean	false	false	covered	subquery.breakAfterOpen:choice:inherit	"inherit"	"inherit"	native_alternative_not_xml_conversion	SubqueryParityTests.Independent_brace_breaks_and_indent_are_applied	Independent parenthesis boundary; inherit/always/never
Subquery_LineBreakBeforeClosingBrace	Boolean	false	false	covered	subquery.breakBeforeClose:choice:inherit	"inherit"	"inherit"	native_alternative_not_xml_conversion	SubqueryParityTests.Independent_brace_breaks_and_indent_are_applied	Independent parenthesis boundary; inherit/always/never
Subquery_LineBreakBeforeOpenBrace	Boolean	false	false	covered	subquery.breakBeforeOpen:choice:inherit	"inherit"	"inherit"	native_alternative_not_xml_conversion	SubqueryParityTests.Independent_brace_breaks_and_indent_are_applied	Independent parenthesis boundary; inherit/always/never
Subquery_OptionHints_IndentOptionHints.Indent	Boolean	false	false	not_applicable	-	-	-	excluded_by_user_decision	SubqueryClauseParityTests.Option_hints_inside_subquery_are_not_valid_tsql	User-approved 2026-09-30: OPTION is invalid inside scalar/derived subqueries and CTE definitions in T-SQL; no native setting
Subquery_OptionHints_IndentOptionHints.OnNewLineOnly	Boolean	true	true	not_applicable	-	-	-	excluded_by_user_decision	SubqueryClauseParityTests.Option_hints_inside_subquery_are_not_valid_tsql	User-approved 2026-09-30: OPTION is invalid inside scalar/derived subqueries and CTE definitions in T-SQL; no native setting
Subquery_OptionHints_IndentOptionHints.Size	Integer	0	0	not_applicable	-	-	-	excluded_by_user_decision	SubqueryClauseParityTests.Option_hints_inside_subquery_are_not_valid_tsql	User-approved 2026-09-30: OPTION is invalid inside scalar/derived subqueries and CTE definitions in T-SQL; no native setting
Subquery_OptionHints_IndentOptionKeyword.Indent	Boolean	false	false	not_applicable	-	-	-	excluded_by_user_decision	SubqueryClauseParityTests.Option_hints_inside_subquery_are_not_valid_tsql	User-approved 2026-09-30: OPTION is invalid inside scalar/derived subqueries and CTE definitions in T-SQL; no native setting
Subquery_OptionHints_IndentOptionKeyword.OnNewLineOnly	Boolean	true	true	not_applicable	-	-	-	excluded_by_user_decision	SubqueryClauseParityTests.Option_hints_inside_subquery_are_not_valid_tsql	User-approved 2026-09-30: OPTION is invalid inside scalar/derived subqueries and CTE definitions in T-SQL; no native setting
Subquery_OptionHints_IndentOptionKeyword.Size	Integer	0	0	not_applicable	-	-	-	excluded_by_user_decision	SubqueryClauseParityTests.Option_hints_inside_subquery_are_not_valid_tsql	User-approved 2026-09-30: OPTION is invalid inside scalar/derived subqueries and CTE definitions in T-SQL; no native setting
Subquery_OptionHints_LineBreakAfterOption	Boolean	false	false	not_applicable	-	-	-	excluded_by_user_decision	SubqueryClauseParityTests.Option_hints_inside_subquery_are_not_valid_tsql	User-approved 2026-09-30: OPTION is invalid inside scalar/derived subqueries and CTE definitions in T-SQL; no native setting
Subquery_OptionHints_LineBreakBeforeOption	Boolean	true	true	not_applicable	-	-	-	excluded_by_user_decision	SubqueryClauseParityTests.Option_hints_inside_subquery_are_not_valid_tsql	User-approved 2026-09-30: OPTION is invalid inside scalar/derived subqueries and CTE definitions in T-SQL; no native setting
Subquery_OrderBy_IndentColumnList.Indent	Boolean	false	false	covered	subquery.orderBy.listIndent.enabled:boolean:false	false	false	native_alternative_not_xml_conversion	SubqueryClauseParityTests.Nested_clauses_have_independent_boundaries	Nested SELECT / CTE only; Native local indent before ORDER BY items
Subquery_OrderBy_IndentColumnList.OnNewLineOnly	Boolean	true	true	covered	subquery.orderBy.listIndent.onNewLineOnly:boolean:true	true	true	native_alternative_not_xml_conversion	SubqueryClauseParityTests.Nested_clauses_have_independent_boundaries	Nested SELECT / CTE only; False also pads inline ORDER BY items
Subquery_OrderBy_IndentColumnList.Size	Integer	0	0	covered	subquery.orderBy.listIndent.offset:integer:0	0	0	native_alternative_not_xml_conversion	SubqueryClauseParityTests.Nested_clauses_have_independent_boundaries	Nested SELECT / CTE only; Signed native indentation level offset
Subquery_OrderBy_IndentOrderByPhrase.Indent	Boolean	false	true	covered	subquery.orderBy.keywordIndent.enabled:boolean:false	false	false	native_alternative_not_xml_conversion	SubqueryClauseParityTests.Nested_clauses_have_independent_boundaries	Nested SELECT / CTE only; Native local indent before ORDER BY phrase
Subquery_OrderBy_IndentOrderByPhrase.OnNewLineOnly	Boolean	true	true	covered	subquery.orderBy.keywordIndent.onNewLineOnly:boolean:true	true	true	native_alternative_not_xml_conversion	SubqueryClauseParityTests.Nested_clauses_have_independent_boundaries	Nested SELECT / CTE only; False also pads inline ORDER BY phrase
Subquery_OrderBy_IndentOrderByPhrase.Size	Integer	0	1	covered	subquery.orderBy.keywordIndent.offset:integer:0	0	0	native_alternative_not_xml_conversion	SubqueryClauseParityTests.Nested_clauses_have_independent_boundaries	Nested SELECT / CTE only; Signed native indentation level offset
Subquery_OrderBy_LineBreakAfterBy	Boolean	false	false	covered	subquery.orderBy.breakAfter:choice:inherit	"inherit"	"inherit"	native_alternative_not_xml_conversion	SubqueryClauseParityTests.Nested_clauses_have_independent_boundaries	Nested SELECT / CTE only; Break before first ORDER BY expression
Subquery_OrderBy_LineBreakBeforeOrder	Boolean	true	true	covered	subquery.orderBy.breakBefore:choice:inherit	"inherit"	"inherit"	native_alternative_not_xml_conversion	SubqueryClauseParityTests.Nested_clauses_have_independent_boundaries	Nested SELECT / CTE only; Break before ORDER BY phrase
Subquery_OrderBy_StackColumnsList	Boolean	false	true	covered	subquery.orderBy.stackList:choice:inherit	"on"	"off"	native_alternative_not_xml_conversion	SubqueryClauseParityTests.Nested_clauses_have_independent_boundaries	Nested SELECT / CTE only; Native on/off/inherit for ORDER BY items
Subquery_OrderBy_StackColumnsListMode	Integer	1	1	covered	subquery.orderBy.stackMode:choice:onePerLine	"onePerLine"	"onePerLine"	native_alternative_not_xml_conversion	SubqueryClauseParityTests.Nested_clauses_have_independent_boundaries	Nested SELECT / CTE only; Native onePerLine/auto rather than XML numeric mode
Subquery_SelectList_IndentColumnList.Indent	Boolean	true	true	covered	subquery.list.indent.enabled:boolean:false	false	false	native_alternative_not_xml_conversion	SubqueryParityTests.Independent_list_break_and_indent_are_applied	Independent nested SELECT list indent
Subquery_SelectList_IndentColumnList.OnNewLineOnly	Boolean	true	true	covered	subquery.list.indent.onNewLineOnly:boolean:true	true	true	native_alternative_not_xml_conversion	SubqueryParityTests.Independent_list_break_and_indent_are_applied	Independent nested SELECT list indent
Subquery_SelectList_IndentColumnList.Size	Integer	0	0	covered	subquery.list.indent.offset:integer:0	0	0	native_alternative_not_xml_conversion	SubqueryParityTests.Independent_list_break_and_indent_are_applied	Independent nested SELECT list indent
Subquery_SelectList_LineBreakBeforeFirstColumn	Boolean	true	false	covered	subquery.list.breakBeforeFirstColumn:choice:inherit	"inherit"	"inherit"	native_alternative_not_xml_conversion	SubqueryParityTests.Independent_list_break_and_indent_are_applied	Independent first SELECT column break
Subquery_SelectList_StackColumns	Boolean	true	true	covered	subquery.list.stackColumns:choice:inherit	"on"	"off"	native_alternative_not_xml_conversion	SubqueryParityTests.Select_list_rules_are_inherited_or_isolated_by_switch	Independent nested SELECT column stacking
Subquery_SelectList_StackColumnsMode	Integer	1	1	covered	subquery.list.stackMode:choice:onePerLine	"onePerLine"	"onePerLine"	native_alternative_not_xml_conversion	SubqueryParityTests.Select_list_rules_are_inherited_or_isolated_by_switch	Native onePerLine/auto stacking mode
Subquery_SingleLine_AllAnySomeExists_AnySubquery	Boolean	false	false	covered	subquery.singleLine.allAnySomeExists.any:boolean:false	false	false	native_alternative_not_xml_conversion	SubqueryParityTests.Single_line_any_is_scoped_to_its_subquery_category	Force this category onto one line when token-safe
Subquery_SingleLine_AllAnySomeExists_WhenRightMarginIsNotExceeded	Boolean	false	true	covered	subquery.singleLine.allAnySomeExists.whenFitsMargin:boolean:false	false	true	native_alternative_not_xml_conversion	SubqueryParityTests.Single_line_thresholds_and_margin_limit_compaction	Compact only when the candidate fits the configured right margin
Subquery_SingleLine_AllAnySomeExists_WhenSubqueryContainsLessThanXWords.Checked	Boolean	false	false	covered	subquery.singleLine.allAnySomeExists.maxWords.enabled:boolean:false	false	false	native_alternative_not_xml_conversion	SubqueryParityTests.Single_line_thresholds_and_margin_limit_compaction	Strict less-than word count; native threshold
Subquery_SingleLine_AllAnySomeExists_WhenSubqueryContainsLessThanXWords.Value	Integer	10	10	covered	subquery.singleLine.allAnySomeExists.maxWords.value:integer:10	10	10	native_alternative_not_xml_conversion	SubqueryParityTests.Single_line_thresholds_and_margin_limit_compaction	Strict less-than word count; native threshold
Subquery_SingleLine_AllAnySomeExists_WhenSubqueryIsShorterThanXCharacters.Checked	Boolean	false	false	covered	subquery.singleLine.allAnySomeExists.maxCharacters.enabled:boolean:false	false	false	native_alternative_not_xml_conversion	SubqueryParityTests.Single_line_thresholds_and_margin_limit_compaction	Strict less-than inner-character count; native threshold
Subquery_SingleLine_AllAnySomeExists_WhenSubqueryIsShorterThanXCharacters.Value	Integer	50	50	covered	subquery.singleLine.allAnySomeExists.maxCharacters.value:integer:50	50	50	native_alternative_not_xml_conversion	SubqueryParityTests.Single_line_thresholds_and_margin_limit_compaction	Strict less-than inner-character count; native threshold
Subquery_SingleLine_CteQueries_AnySubquery	Boolean	false	false	covered	subquery.singleLine.cteQueries.any:boolean:false	false	false	native_alternative_not_xml_conversion	SubqueryParityTests.Single_line_any_is_scoped_to_its_subquery_category	Force this category onto one line when token-safe
Subquery_SingleLine_CteQueries_WhenRightMarginIsNotExceeded	Boolean	false	false	covered	subquery.singleLine.cteQueries.whenFitsMargin:boolean:false	false	true	native_alternative_not_xml_conversion	SubqueryParityTests.Single_line_thresholds_and_margin_limit_compaction	Compact only when the candidate fits the configured right margin
Subquery_SingleLine_CteQueries_WhenSubqueryContainsLessThanXWords.Checked	Boolean	false	false	covered	subquery.singleLine.cteQueries.maxWords.enabled:boolean:false	false	false	native_alternative_not_xml_conversion	SubqueryParityTests.Single_line_thresholds_and_margin_limit_compaction	Strict less-than word count; native threshold
Subquery_SingleLine_CteQueries_WhenSubqueryContainsLessThanXWords.Value	Integer	10	10	covered	subquery.singleLine.cteQueries.maxWords.value:integer:10	10	10	native_alternative_not_xml_conversion	SubqueryParityTests.Single_line_thresholds_and_margin_limit_compaction	Strict less-than word count; native threshold
Subquery_SingleLine_CteQueries_WhenSubqueryIsShorterThanXCharacters.Checked	Boolean	false	false	covered	subquery.singleLine.cteQueries.maxCharacters.enabled:boolean:false	false	false	native_alternative_not_xml_conversion	SubqueryParityTests.Single_line_thresholds_and_margin_limit_compaction	Strict less-than inner-character count; native threshold
Subquery_SingleLine_CteQueries_WhenSubqueryIsShorterThanXCharacters.Value	Integer	50	50	covered	subquery.singleLine.cteQueries.maxCharacters.value:integer:50	50	50	native_alternative_not_xml_conversion	SubqueryParityTests.Single_line_thresholds_and_margin_limit_compaction	Strict less-than inner-character count; native threshold
Subquery_SingleLine_FromListSubqueries_AnySubquery	Boolean	false	false	covered	subquery.singleLine.fromList.any:boolean:false	false	false	native_alternative_not_xml_conversion	SubqueryParityTests.Single_line_any_is_scoped_to_its_subquery_category	Force this category onto one line when token-safe
Subquery_SingleLine_FromListSubqueries_WhenRightMarginIsNotExceeded	Boolean	false	true	covered	subquery.singleLine.fromList.whenFitsMargin:boolean:false	false	true	native_alternative_not_xml_conversion	SubqueryParityTests.Single_line_thresholds_and_margin_limit_compaction	Compact only when the candidate fits the configured right margin
Subquery_SingleLine_FromListSubqueries_WhenSubqueryContainsLessThanXWords.Checked	Boolean	false	false	covered	subquery.singleLine.fromList.maxWords.enabled:boolean:false	false	false	native_alternative_not_xml_conversion	SubqueryParityTests.Single_line_thresholds_and_margin_limit_compaction	Strict less-than word count; native threshold
Subquery_SingleLine_FromListSubqueries_WhenSubqueryContainsLessThanXWords.Value	Integer	10	10	covered	subquery.singleLine.fromList.maxWords.value:integer:10	10	10	native_alternative_not_xml_conversion	SubqueryParityTests.Single_line_thresholds_and_margin_limit_compaction	Strict less-than word count; native threshold
Subquery_SingleLine_FromListSubqueries_WhenSubqueryIsShorterThanXCharacters.Checked	Boolean	false	false	covered	subquery.singleLine.fromList.maxCharacters.enabled:boolean:false	false	false	native_alternative_not_xml_conversion	SubqueryParityTests.Single_line_thresholds_and_margin_limit_compaction	Strict less-than inner-character count; native threshold
Subquery_SingleLine_FromListSubqueries_WhenSubqueryIsShorterThanXCharacters.Value	Integer	50	50	covered	subquery.singleLine.fromList.maxCharacters.value:integer:50	50	50	native_alternative_not_xml_conversion	SubqueryParityTests.Single_line_thresholds_and_margin_limit_compaction	Strict less-than inner-character count; native threshold
Subquery_SingleLine_InOperator_AnySubquery	Boolean	false	false	covered	subquery.singleLine.inOperator.any:boolean:false	false	false	native_alternative_not_xml_conversion	SubqueryParityTests.Single_line_any_is_scoped_to_its_subquery_category	Force this category onto one line when token-safe
Subquery_SingleLine_InOperator_WhenRightMarginIsNotExceeded	Boolean	false	true	covered	subquery.singleLine.inOperator.whenFitsMargin:boolean:false	false	true	native_alternative_not_xml_conversion	SubqueryParityTests.Single_line_thresholds_and_margin_limit_compaction	Compact only when the candidate fits the configured right margin
Subquery_SingleLine_InOperator_WhenSubqueryContainsLessThanXWords.Checked	Boolean	false	false	covered	subquery.singleLine.inOperator.maxWords.enabled:boolean:false	false	false	native_alternative_not_xml_conversion	SubqueryParityTests.Single_line_thresholds_and_margin_limit_compaction	Strict less-than word count; native threshold
Subquery_SingleLine_InOperator_WhenSubqueryContainsLessThanXWords.Value	Integer	10	10	covered	subquery.singleLine.inOperator.maxWords.value:integer:10	10	10	native_alternative_not_xml_conversion	SubqueryParityTests.Single_line_thresholds_and_margin_limit_compaction	Strict less-than word count; native threshold
Subquery_SingleLine_InOperator_WhenSubqueryIsShorterThanXCharacters.Checked	Boolean	false	false	covered	subquery.singleLine.inOperator.maxCharacters.enabled:boolean:false	false	false	native_alternative_not_xml_conversion	SubqueryParityTests.Single_line_thresholds_and_margin_limit_compaction	Strict less-than inner-character count; native threshold
Subquery_SingleLine_InOperator_WhenSubqueryIsShorterThanXCharacters.Value	Integer	50	50	covered	subquery.singleLine.inOperator.maxCharacters.value:integer:50	50	50	native_alternative_not_xml_conversion	SubqueryParityTests.Single_line_thresholds_and_margin_limit_compaction	Strict less-than inner-character count; native threshold
Subquery_SingleLine_OtherSubqueries_AnySubquery	Boolean	false	false	covered	subquery.singleLine.other.any:boolean:false	false	false	native_alternative_not_xml_conversion	SubqueryParityTests.Single_line_any_is_scoped_to_its_subquery_category	Force this category onto one line when token-safe
Subquery_SingleLine_OtherSubqueries_WhenRightMarginIsNotExceeded	Boolean	false	true	covered	subquery.singleLine.other.whenFitsMargin:boolean:false	false	true	native_alternative_not_xml_conversion	SubqueryParityTests.Single_line_thresholds_and_margin_limit_compaction	Compact only when the candidate fits the configured right margin
Subquery_SingleLine_OtherSubqueries_WhenSubqueryContainsLessThanXWords.Checked	Boolean	false	false	covered	subquery.singleLine.other.maxWords.enabled:boolean:false	false	false	native_alternative_not_xml_conversion	SubqueryParityTests.Single_line_thresholds_and_margin_limit_compaction	Strict less-than word count; native threshold
Subquery_SingleLine_OtherSubqueries_WhenSubqueryContainsLessThanXWords.Value	Integer	10	10	covered	subquery.singleLine.other.maxWords.value:integer:10	10	10	native_alternative_not_xml_conversion	SubqueryParityTests.Single_line_thresholds_and_margin_limit_compaction	Strict less-than word count; native threshold
Subquery_SingleLine_OtherSubqueries_WhenSubqueryIsShorterThanXCharacters.Checked	Boolean	false	false	covered	subquery.singleLine.other.maxCharacters.enabled:boolean:false	false	false	native_alternative_not_xml_conversion	SubqueryParityTests.Single_line_thresholds_and_margin_limit_compaction	Strict less-than inner-character count; native threshold
Subquery_SingleLine_OtherSubqueries_WhenSubqueryIsShorterThanXCharacters.Value	Integer	50	50	covered	subquery.singleLine.other.maxCharacters.value:integer:50	50	50	native_alternative_not_xml_conversion	SubqueryParityTests.Single_line_thresholds_and_margin_limit_compaction	Strict less-than inner-character count; native threshold
Subquery_UseSameFormattingAsInSelect	Boolean	true	true	covered	subquery.useSelectFormatting:boolean:true	false	false	native_alternative_not_xml_conversion	SubqueryParityTests.Select_list_rules_are_inherited_or_isolated_by_switch	True inherits SELECT overrides; false selects independent nested-list overrides
Subquery_Where_IndentWhereCondition.Indent	Boolean	false	true	covered	subquery.where.conditionIndent.enabled:boolean:false	false	false	native_alternative_not_xml_conversion	SubqueryClauseParityTests.Nested_boolean_wrap_and_indent_are_independent	Nested SELECT / CTE only; Native local indent before WHERE condition
Subquery_Where_IndentWhereCondition.OnNewLineOnly	Boolean	true	true	covered	subquery.where.conditionIndent.onNewLineOnly:boolean:true	true	true	native_alternative_not_xml_conversion	SubqueryClauseParityTests.Nested_boolean_wrap_and_indent_are_independent	Nested SELECT / CTE only; False also pads inline WHERE condition
Subquery_Where_IndentWhereCondition.Size	Integer	0	2	covered	subquery.where.conditionIndent.offset:integer:0	0	0	native_alternative_not_xml_conversion	SubqueryClauseParityTests.Nested_boolean_wrap_and_indent_are_independent	Nested SELECT / CTE only; Signed native indentation level offset
Subquery_Where_IndentWhereKeyword.Indent	Boolean	false	true	covered	subquery.where.keywordIndent.enabled:boolean:false	false	false	native_alternative_not_xml_conversion	SubqueryClauseParityTests.Nested_boolean_wrap_and_indent_are_independent	Nested SELECT / CTE only; Native local indent before WHERE keyword
Subquery_Where_IndentWhereKeyword.OnNewLineOnly	Boolean	true	true	covered	subquery.where.keywordIndent.onNewLineOnly:boolean:true	true	true	native_alternative_not_xml_conversion	SubqueryClauseParityTests.Nested_boolean_wrap_and_indent_are_independent	Nested SELECT / CTE only; False also pads inline WHERE keyword
Subquery_Where_IndentWhereKeyword.Size	Integer	0	1	covered	subquery.where.keywordIndent.offset:integer:0	0	0	native_alternative_not_xml_conversion	SubqueryClauseParityTests.Nested_boolean_wrap_and_indent_are_independent	Nested SELECT / CTE only; Signed native indentation level offset
Subquery_Where_IndentWrapConditionNestedOperations.Indent	Boolean	false	true	covered	subquery.where.nestedConditionIndent.enabled:boolean:false	false	false	native_alternative_not_xml_conversion	SubqueryClauseParityTests.Nested_boolean_wrap_and_indent_are_independent	Nested SELECT / CTE only; Native local indent inside nested WHERE operations
Subquery_Where_IndentWrapConditionNestedOperations.OnNewLineOnly	Boolean	true	true	covered	subquery.where.nestedConditionIndent.onNewLineOnly:boolean:true	true	true	native_alternative_not_xml_conversion	SubqueryClauseParityTests.Nested_boolean_wrap_and_indent_are_independent	Nested SELECT / CTE only; False also pads inline WHERE operand
Subquery_Where_IndentWrapConditionNestedOperations.Size	Integer	0	3	covered	subquery.where.nestedConditionIndent.offset:integer:0	0	0	native_alternative_not_xml_conversion	SubqueryClauseParityTests.Nested_boolean_wrap_and_indent_are_independent	Nested SELECT / CTE only; Signed native indentation level offset
Subquery_Where_LineBreakAfterWhere	Boolean	false	false	covered	subquery.where.breakAfter:choice:inherit	"inherit"	"inherit"	native_alternative_not_xml_conversion	SubqueryClauseParityTests.Nested_boolean_wrap_and_indent_are_independent	Nested SELECT / CTE only; Break before WHERE condition
Subquery_Where_LineBreakBeforeWhere	Boolean	true	false	covered	subquery.where.breakBefore:choice:inherit	"inherit"	"inherit"	native_alternative_not_xml_conversion	SubqueryClauseParityTests.Nested_boolean_wrap_and_indent_are_independent	Nested SELECT / CTE only; Break before WHERE keyword
Subquery_Where_WrapAfterOperatorMode	Integer	1	1	covered	subquery.where.wrapAfterOperator:choice:inherit	"inherit"	"inherit"	native_alternative_not_xml_conversion	SubqueryClauseParityTests.Nested_boolean_wrap_and_indent_are_independent	Nested SELECT / CTE only; Native break after WHERE AND/OR
Subquery_Where_WrapBeforeOperatorMode	Integer	1	1	covered	subquery.where.wrapBeforeOperator:choice:inherit	"inherit"	"inherit"	native_alternative_not_xml_conversion	SubqueryClauseParityTests.Nested_boolean_wrap_and_indent_are_independent	Nested SELECT / CTE only; Native break before WHERE AND/OR
Subquery_Where_WrapConditionMode	Integer	1	1	covered	subquery.where.wrapCondition:choice:inherit	"inherit"	"inherit"	native_alternative_not_xml_conversion	SubqueryClauseParityTests.Nested_boolean_wrap_and_indent_are_independent	Nested SELECT / CTE only; Native none/and/or/both policy independent of HAVING
TextCase_Alias	Integer	3	3	covered	textCase.alias:choice:preserve	"preserve"	"preserve"	native_alternative_not_xml_conversion	TextCaseFormattingTests.Alias_case_only_changes_explicit_aliases	ScriptDom SELECT and table aliases; explicit case policy; XML integer modes replaced by named native policies
TextCase_Builtin	Integer	0	0	covered	textCase.builtin:choice:inherit	"inherit"	"inherit"	native_alternative_not_xml_conversion	TextCaseFormattingTests.Builtin_function_case_does_not_change_schema_qualified_user_function	Recognized built-in function calls only; schema-qualified user calls excluded; inherit retains legacy token case
TextCase_DataType	Integer	0	0	covered	textCase.dataType:choice:inherit	"inherit"	"inherit"	native_alternative_not_xml_conversion	TextCaseFormattingTests.Data_type_case_is_independent_of_keyword_case	ScriptDom data-type first token; inherit retains legacy token case
TextCase_FormatQuotedIdentifier	Boolean	true	true	covered	textCase.formatQuotedIdentifier:boolean:false	false	false	native_alternative_not_xml_conversion	TextCaseFormattingTests.Quoted_identifier_switch_controls_casing_without_touching_literals_or_comments	Explicit opt-in permits identifier policy inside brackets or double quotes; delimiters and literals stay intact
TextCase_Identifier	Integer	3	3	covered	textCase.identifier:choice:preserve	"preserve"	"preserve"	native_alternative_not_xml_conversion	TextCaseFormattingTests.Identifier_and_variable_case_are_independent	Unquoted identifiers; preserve default avoids altering case-sensitive names unless explicitly requested
TextCase_Keyword	Integer	0	0	covered	textCase.keyword:choice:inherit	"inherit"	"inherit"	native_alternative_not_xml_conversion	TextCaseFormattingTests.Keyword_case_can_override_version_one_keyword_setting	Keyword tokens; inherit follows v1 keywords.case
TextCase_Variable	Integer	3	3	covered	textCase.variable:choice:preserve	"preserve"	"preserve"	native_alternative_not_xml_conversion	TextCaseFormattingTests.Identifier_and_variable_case_are_independent	Variable tokens independent of identifiers and keywords
Trigger_Body_IndentAsKeyword.Indent	Boolean	false	false	covered	trigger.body.asIndent	{"enabled":false,"offset":0,"onNewLineOnly":true,"style":"relative","transparent":false}	{"enabled":false,"offset":0,"onNewLineOnly":true,"style":"relative","transparent":false}	native_alternative_not_xml_conversion	TriggerParityTests.Every_indent_honors_native_fields	Native CREATE/ALTER trigger header and SQL body layout; DML/DDL/LOGON, external body preserved
Trigger_Body_IndentAsKeyword.OnNewLineOnly	Boolean	true	true	covered	trigger.body.asIndent	{"enabled":false,"offset":0,"onNewLineOnly":true,"style":"relative","transparent":false}	{"enabled":false,"offset":0,"onNewLineOnly":true,"style":"relative","transparent":false}	native_alternative_not_xml_conversion	TriggerParityTests.Every_indent_honors_native_fields	Native CREATE/ALTER trigger header and SQL body layout; DML/DDL/LOGON, external body preserved
Trigger_Body_IndentAsKeyword.Size	Integer	0	0	covered	trigger.body.asIndent	{"enabled":false,"offset":0,"onNewLineOnly":true,"style":"relative","transparent":false}	{"enabled":false,"offset":0,"onNewLineOnly":true,"style":"relative","transparent":false}	native_alternative_not_xml_conversion	TriggerParityTests.Every_indent_honors_native_fields	Native CREATE/ALTER trigger header and SQL body layout; DML/DDL/LOGON, external body preserved
Trigger_Body_IndentBeginEndKeywords.Indent	Boolean	false	false	covered	trigger.body.keywordIndent	{"enabled":false,"offset":0,"onNewLineOnly":true,"style":"relative","transparent":false}	{"enabled":false,"offset":0,"onNewLineOnly":true,"style":"relative","transparent":false}	native_alternative_not_xml_conversion	TriggerParityTests.Every_indent_honors_native_fields	Native CREATE/ALTER trigger header and SQL body layout; DML/DDL/LOGON, external body preserved
Trigger_Body_IndentBeginEndKeywords.OnNewLineOnly	Boolean	true	true	covered	trigger.body.keywordIndent	{"enabled":false,"offset":0,"onNewLineOnly":true,"style":"relative","transparent":false}	{"enabled":false,"offset":0,"onNewLineOnly":true,"style":"relative","transparent":false}	native_alternative_not_xml_conversion	TriggerParityTests.Every_indent_honors_native_fields	Native CREATE/ALTER trigger header and SQL body layout; DML/DDL/LOGON, external body preserved
Trigger_Body_IndentBeginEndKeywords.Size	Integer	0	0	covered	trigger.body.keywordIndent	{"enabled":false,"offset":0,"onNewLineOnly":true,"style":"relative","transparent":false}	{"enabled":false,"offset":0,"onNewLineOnly":true,"style":"relative","transparent":false}	native_alternative_not_xml_conversion	TriggerParityTests.Every_indent_honors_native_fields	Native CREATE/ALTER trigger header and SQL body layout; DML/DDL/LOGON, external body preserved
Trigger_Body_IndentCode.Indent	Boolean	true	false	covered	trigger.body.codeIndent	{"enabled":false,"offset":0,"onNewLineOnly":true,"style":"relative","transparent":false}	{"enabled":false,"offset":0,"onNewLineOnly":true,"style":"relative","transparent":false}	native_alternative_not_xml_conversion	TriggerParityTests.Every_indent_honors_native_fields	Native CREATE/ALTER trigger header and SQL body layout; DML/DDL/LOGON, external body preserved
Trigger_Body_IndentCode.OnNewLineOnly	Boolean	true	false	covered	trigger.body.codeIndent	{"enabled":false,"offset":0,"onNewLineOnly":true,"style":"relative","transparent":false}	{"enabled":false,"offset":0,"onNewLineOnly":true,"style":"relative","transparent":false}	native_alternative_not_xml_conversion	TriggerParityTests.Every_indent_honors_native_fields	Native CREATE/ALTER trigger header and SQL body layout; DML/DDL/LOGON, external body preserved
Trigger_Body_IndentCode.Size	Integer	0	0	covered	trigger.body.codeIndent	{"enabled":false,"offset":0,"onNewLineOnly":true,"style":"relative","transparent":false}	{"enabled":false,"offset":0,"onNewLineOnly":true,"style":"relative","transparent":false}	native_alternative_not_xml_conversion	TriggerParityTests.Every_indent_honors_native_fields	Native CREATE/ALTER trigger header and SQL body layout; DML/DDL/LOGON, external body preserved
Trigger_Body_LineBreakAfterAs	Boolean	true	true	covered	trigger.body.breakAfterAs	"always"	"inherit"	native_alternative_not_xml_conversion	TriggerParityTests.Create_and_alter_boundaries_support_distinct_modes	Native CREATE/ALTER trigger header and SQL body layout; DML/DDL/LOGON, external body preserved
Trigger_Body_LineBreakBeforeAs	Boolean	true	true	covered	trigger.body.breakBeforeAs	"inherit"	"inherit"	native_alternative_not_xml_conversion	TriggerParityTests.Create_and_alter_boundaries_support_distinct_modes	Native CREATE/ALTER trigger header and SQL body layout; DML/DDL/LOGON, external body preserved
Trigger_Events_IndentEvents.Indent	Boolean	false	false	covered	trigger.events.listIndent	{"enabled":false,"offset":0,"onNewLineOnly":true,"style":"relative","transparent":false}	{"enabled":false,"offset":0,"onNewLineOnly":true,"style":"relative","transparent":false}	native_alternative_not_xml_conversion	TriggerParityTests.Every_indent_honors_native_fields	Native CREATE/ALTER trigger header and SQL body layout; DML/DDL/LOGON, external body preserved
Trigger_Events_IndentEvents.OnNewLineOnly	Boolean	true	true	covered	trigger.events.listIndent	{"enabled":false,"offset":0,"onNewLineOnly":true,"style":"relative","transparent":false}	{"enabled":false,"offset":0,"onNewLineOnly":true,"style":"relative","transparent":false}	native_alternative_not_xml_conversion	TriggerParityTests.Every_indent_honors_native_fields	Native CREATE/ALTER trigger header and SQL body layout; DML/DDL/LOGON, external body preserved
Trigger_Events_IndentEvents.Size	Integer	0	0	covered	trigger.events.listIndent	{"enabled":false,"offset":0,"onNewLineOnly":true,"style":"relative","transparent":false}	{"enabled":false,"offset":0,"onNewLineOnly":true,"style":"relative","transparent":false}	native_alternative_not_xml_conversion	TriggerParityTests.Every_indent_honors_native_fields	Native CREATE/ALTER trigger header and SQL body layout; DML/DDL/LOGON, external body preserved
Trigger_Events_IndentForAfterInsteadOfKeywords.Indent	Boolean	false	false	covered	trigger.events.keywordIndent	{"enabled":false,"offset":0,"onNewLineOnly":true,"style":"relative","transparent":false}	{"enabled":false,"offset":0,"onNewLineOnly":true,"style":"relative","transparent":false}	native_alternative_not_xml_conversion	TriggerParityTests.Every_indent_honors_native_fields	Native CREATE/ALTER trigger header and SQL body layout; DML/DDL/LOGON, external body preserved
Trigger_Events_IndentForAfterInsteadOfKeywords.OnNewLineOnly	Boolean	true	true	covered	trigger.events.keywordIndent	{"enabled":false,"offset":0,"onNewLineOnly":true,"style":"relative","transparent":false}	{"enabled":false,"offset":0,"onNewLineOnly":true,"style":"relative","transparent":false}	native_alternative_not_xml_conversion	TriggerParityTests.Every_indent_honors_native_fields	Native CREATE/ALTER trigger header and SQL body layout; DML/DDL/LOGON, external body preserved
Trigger_Events_IndentForAfterInsteadOfKeywords.Size	Integer	0	0	covered	trigger.events.keywordIndent	{"enabled":false,"offset":0,"onNewLineOnly":true,"style":"relative","transparent":false}	{"enabled":false,"offset":0,"onNewLineOnly":true,"style":"relative","transparent":false}	native_alternative_not_xml_conversion	TriggerParityTests.Every_indent_honors_native_fields	Native CREATE/ALTER trigger header and SQL body layout; DML/DDL/LOGON, external body preserved
Trigger_Events_LineBreakBeforeFirstEvent	Boolean	false	false	covered	trigger.events.breakAfter	"inherit"	"inherit"	native_alternative_not_xml_conversion	TriggerParityTests.Create_and_alter_boundaries_support_distinct_modes	Native CREATE/ALTER trigger header and SQL body layout; DML/DDL/LOGON, external body preserved
Trigger_Events_LineBreakBeforeForAfterInsteadOf	Boolean	true	true	covered	trigger.events.breakBefore	"inherit"	"inherit"	native_alternative_not_xml_conversion	TriggerParityTests.Create_and_alter_boundaries_support_distinct_modes	Native CREATE/ALTER trigger header and SQL body layout; DML/DDL/LOGON, external body preserved
Trigger_Events_StackEventsList	Boolean	false	true	covered	trigger.events.stackList	"on"	"off"	native_alternative_not_xml_conversion	TriggerParityTests.Lists_support_on_off_auto_and_leading_commas	Native CREATE/ALTER trigger header and SQL body layout; DML/DDL/LOGON, external body preserved
Trigger_Events_StackEventsListMode	Integer	1	8	covered	trigger.events.stackMode	"onePerLine"	"onePerLine"	native_alternative_not_xml_conversion	TriggerParityTests.Lists_support_on_off_auto_and_leading_commas	Native CREATE/ALTER trigger header and SQL body layout; DML/DDL/LOGON, external body preserved
Trigger_OnClause_IndentOnKeyword.Indent	Boolean	false	false	covered	trigger.on.keywordIndent	{"enabled":false,"offset":0,"onNewLineOnly":true,"style":"relative","transparent":false}	{"enabled":false,"offset":0,"onNewLineOnly":true,"style":"relative","transparent":false}	native_alternative_not_xml_conversion	TriggerParityTests.Every_indent_honors_native_fields	Native CREATE/ALTER trigger header and SQL body layout; DML/DDL/LOGON, external body preserved
Trigger_OnClause_IndentOnKeyword.OnNewLineOnly	Boolean	true	true	covered	trigger.on.keywordIndent	{"enabled":false,"offset":0,"onNewLineOnly":true,"style":"relative","transparent":false}	{"enabled":false,"offset":0,"onNewLineOnly":true,"style":"relative","transparent":false}	native_alternative_not_xml_conversion	TriggerParityTests.Every_indent_honors_native_fields	Native CREATE/ALTER trigger header and SQL body layout; DML/DDL/LOGON, external body preserved
Trigger_OnClause_IndentOnKeyword.Size	Integer	0	0	covered	trigger.on.keywordIndent	{"enabled":false,"offset":0,"onNewLineOnly":true,"style":"relative","transparent":false}	{"enabled":false,"offset":0,"onNewLineOnly":true,"style":"relative","transparent":false}	native_alternative_not_xml_conversion	TriggerParityTests.Every_indent_honors_native_fields	Native CREATE/ALTER trigger header and SQL body layout; DML/DDL/LOGON, external body preserved
Trigger_OnClause_IndentTargetObject.Indent	Boolean	false	false	covered	trigger.on.targetIndent	{"enabled":false,"offset":0,"onNewLineOnly":true,"style":"relative","transparent":false}	{"enabled":false,"offset":0,"onNewLineOnly":true,"style":"relative","transparent":false}	native_alternative_not_xml_conversion	TriggerParityTests.Every_indent_honors_native_fields	Native CREATE/ALTER trigger header and SQL body layout; DML/DDL/LOGON, external body preserved
Trigger_OnClause_IndentTargetObject.OnNewLineOnly	Boolean	true	true	covered	trigger.on.targetIndent	{"enabled":false,"offset":0,"onNewLineOnly":true,"style":"relative","transparent":false}	{"enabled":false,"offset":0,"onNewLineOnly":true,"style":"relative","transparent":false}	native_alternative_not_xml_conversion	TriggerParityTests.Every_indent_honors_native_fields	Native CREATE/ALTER trigger header and SQL body layout; DML/DDL/LOGON, external body preserved
Trigger_OnClause_IndentTargetObject.Size	Integer	0	0	covered	trigger.on.targetIndent	{"enabled":false,"offset":0,"onNewLineOnly":true,"style":"relative","transparent":false}	{"enabled":false,"offset":0,"onNewLineOnly":true,"style":"relative","transparent":false}	native_alternative_not_xml_conversion	TriggerParityTests.Every_indent_honors_native_fields	Native CREATE/ALTER trigger header and SQL body layout; DML/DDL/LOGON, external body preserved
Trigger_OnClause_LineBreakAfterOn	Boolean	false	false	covered	trigger.on.breakAfter	"inherit"	"inherit"	native_alternative_not_xml_conversion	TriggerParityTests.Create_and_alter_boundaries_support_distinct_modes	Native CREATE/ALTER trigger header and SQL body layout; DML/DDL/LOGON, external body preserved
Trigger_OnClause_LineBreakBeforeOn	Boolean	true	true	covered	trigger.on.breakBefore	"inherit"	"inherit"	native_alternative_not_xml_conversion	TriggerParityTests.Create_and_alter_boundaries_support_distinct_modes	Native CREATE/ALTER trigger header and SQL body layout; DML/DDL/LOGON, external body preserved
Trigger_With_IndentWith.Indent	Boolean	false	false	covered	trigger.with.keywordIndent	{"enabled":false,"offset":0,"onNewLineOnly":true,"style":"relative","transparent":false}	{"enabled":false,"offset":0,"onNewLineOnly":true,"style":"relative","transparent":false}	native_alternative_not_xml_conversion	TriggerParityTests.Every_indent_honors_native_fields	Native CREATE/ALTER trigger header and SQL body layout; DML/DDL/LOGON, external body preserved
Trigger_With_IndentWith.OnNewLineOnly	Boolean	true	true	covered	trigger.with.keywordIndent	{"enabled":false,"offset":0,"onNewLineOnly":true,"style":"relative","transparent":false}	{"enabled":false,"offset":0,"onNewLineOnly":true,"style":"relative","transparent":false}	native_alternative_not_xml_conversion	TriggerParityTests.Every_indent_honors_native_fields	Native CREATE/ALTER trigger header and SQL body layout; DML/DDL/LOGON, external body preserved
Trigger_With_IndentWith.Size	Integer	0	0	covered	trigger.with.keywordIndent	{"enabled":false,"offset":0,"onNewLineOnly":true,"style":"relative","transparent":false}	{"enabled":false,"offset":0,"onNewLineOnly":true,"style":"relative","transparent":false}	native_alternative_not_xml_conversion	TriggerParityTests.Every_indent_honors_native_fields	Native CREATE/ALTER trigger header and SQL body layout; DML/DDL/LOGON, external body preserved
Trigger_With_IndentWithOptions.Indent	Boolean	false	false	covered	trigger.with.listIndent	{"enabled":false,"offset":0,"onNewLineOnly":true,"style":"relative","transparent":false}	{"enabled":false,"offset":0,"onNewLineOnly":true,"style":"relative","transparent":false}	native_alternative_not_xml_conversion	TriggerParityTests.Every_indent_honors_native_fields	Native CREATE/ALTER trigger header and SQL body layout; DML/DDL/LOGON, external body preserved
Trigger_With_IndentWithOptions.OnNewLineOnly	Boolean	true	true	covered	trigger.with.listIndent	{"enabled":false,"offset":0,"onNewLineOnly":true,"style":"relative","transparent":false}	{"enabled":false,"offset":0,"onNewLineOnly":true,"style":"relative","transparent":false}	native_alternative_not_xml_conversion	TriggerParityTests.Every_indent_honors_native_fields	Native CREATE/ALTER trigger header and SQL body layout; DML/DDL/LOGON, external body preserved
Trigger_With_IndentWithOptions.Size	Integer	0	0	covered	trigger.with.listIndent	{"enabled":false,"offset":0,"onNewLineOnly":true,"style":"relative","transparent":false}	{"enabled":false,"offset":0,"onNewLineOnly":true,"style":"relative","transparent":false}	native_alternative_not_xml_conversion	TriggerParityTests.Every_indent_honors_native_fields	Native CREATE/ALTER trigger header and SQL body layout; DML/DDL/LOGON, external body preserved
Trigger_With_LineBreakAfterWith	Boolean	false	false	covered	trigger.with.breakAfter	"inherit"	"inherit"	native_alternative_not_xml_conversion	TriggerParityTests.Create_and_alter_boundaries_support_distinct_modes	Native CREATE/ALTER trigger header and SQL body layout; DML/DDL/LOGON, external body preserved
Trigger_With_LineBreakBeforeWith	Boolean	false	true	covered	trigger.with.breakBefore	"inherit"	"inherit"	native_alternative_not_xml_conversion	TriggerParityTests.Create_and_alter_boundaries_support_distinct_modes	Native CREATE/ALTER trigger header and SQL body layout; DML/DDL/LOGON, external body preserved
Trigger_With_StackWithOptions	Boolean	false	true	covered	trigger.with.stackList	"on"	"off"	native_alternative_not_xml_conversion	TriggerParityTests.Lists_support_on_off_auto_and_leading_commas	Native CREATE/ALTER trigger header and SQL body layout; DML/DDL/LOGON, external body preserved
Trigger_With_StackWithOptionsMode	Integer	1	1	covered	trigger.with.stackMode	"onePerLine"	"onePerLine"	native_alternative_not_xml_conversion	TriggerParityTests.Lists_support_on_off_auto_and_leading_commas	Native CREATE/ALTER trigger header and SQL body layout; DML/DDL/LOGON, external body preserved
UnionExceptIntersect_IndentKeyword.Indent	Boolean	false	false	covered	setOperator.keywordIndent	{"enabled":false,"offset":0,"onNewLineOnly":true,"style":"relative","transparent":false}	{"enabled":false,"offset":0,"onNewLineOnly":true,"style":"relative","transparent":false}	native_alternative_not_xml_conversion	CaseAndSetParityTests.Set_operator_indents_affect_nested_branches	Native indent enabled/offset/onNewLineOnly/style at parsed syntax boundary; XML numeric Style not assumed
UnionExceptIntersect_IndentKeyword.OnNewLineOnly	Boolean	true	true	covered	setOperator.keywordIndent	{"enabled":false,"offset":0,"onNewLineOnly":true,"style":"relative","transparent":false}	{"enabled":false,"offset":0,"onNewLineOnly":true,"style":"relative","transparent":false}	native_alternative_not_xml_conversion	CaseAndSetParityTests.Set_operator_indents_affect_nested_branches	Native indent enabled/offset/onNewLineOnly/style at parsed syntax boundary; XML numeric Style not assumed
UnionExceptIntersect_IndentKeyword.Size	Integer	0	0	covered	setOperator.keywordIndent	{"enabled":false,"offset":0,"onNewLineOnly":true,"style":"relative","transparent":false}	{"enabled":false,"offset":0,"onNewLineOnly":true,"style":"relative","transparent":false}	native_alternative_not_xml_conversion	CaseAndSetParityTests.Set_operator_indents_affect_nested_branches	Native indent enabled/offset/onNewLineOnly/style at parsed syntax boundary; XML numeric Style not assumed
UnionExceptIntersect_IndentSubquery.Indent	Boolean	false	false	covered	setOperator.branchIndent	{"enabled":false,"offset":0,"onNewLineOnly":true,"style":"relative","transparent":false}	{"enabled":false,"offset":0,"onNewLineOnly":true,"style":"relative","transparent":false}	native_alternative_not_xml_conversion	CaseAndSetParityTests.Set_operator_indents_affect_nested_branches	Native indent enabled/offset/onNewLineOnly/style at parsed syntax boundary; XML numeric Style not assumed
UnionExceptIntersect_IndentSubquery.OnNewLineOnly	Boolean	true	true	covered	setOperator.branchIndent	{"enabled":false,"offset":0,"onNewLineOnly":true,"style":"relative","transparent":false}	{"enabled":false,"offset":0,"onNewLineOnly":true,"style":"relative","transparent":false}	native_alternative_not_xml_conversion	CaseAndSetParityTests.Set_operator_indents_affect_nested_branches	Native indent enabled/offset/onNewLineOnly/style at parsed syntax boundary; XML numeric Style not assumed
UnionExceptIntersect_IndentSubquery.Size	Integer	0	0	covered	setOperator.branchIndent	{"enabled":false,"offset":0,"onNewLineOnly":true,"style":"relative","transparent":false}	{"enabled":false,"offset":0,"onNewLineOnly":true,"style":"relative","transparent":false}	native_alternative_not_xml_conversion	CaseAndSetParityTests.Set_operator_indents_affect_nested_branches	Native indent enabled/offset/onNewLineOnly/style at parsed syntax boundary; XML numeric Style not assumed
UnionExceptIntersect_LineBreakAfterUnion	Boolean	true	true	covered	setOperator.breakAfter	"inherit"	"inherit"	native_alternative_not_xml_conversion	CaseAndSetParityTests.Set_operator_boundaries_cover_chained_queries	Native inherit/always/never at parsed syntax boundary; XML Boolean maps to optional policy
UnionExceptIntersect_LineBreakBeforeUnion	Boolean	true	true	covered	setOperator.breakBefore	"inherit"	"inherit"	native_alternative_not_xml_conversion	CaseAndSetParityTests.Set_operator_boundaries_cover_chained_queries	Native inherit/always/never at parsed syntax boundary; XML Boolean maps to optional policy
Update_From_IndentFromKeyword.Indent	Boolean	false	true	covered	update.from.keywordIndent	{"enabled":false,"offset":0,"onNewLineOnly":true,"style":"relative","transparent":false}	{"enabled":false,"offset":0,"onNewLineOnly":true,"style":"relative","transparent":false}	native_alternative_not_xml_conversion	UpdateDeleteParityTests.Every_indent_targets_a_real_boundary_and_honors_enabled_offset_and_newline	Native indent enabled/offset/onNewLineOnly at parsed syntax boundary; offsets measured in configured indent units
Update_From_IndentFromKeyword.OnNewLineOnly	Boolean	true	true	covered	update.from.keywordIndent	{"enabled":false,"offset":0,"onNewLineOnly":true,"style":"relative","transparent":false}	{"enabled":false,"offset":0,"onNewLineOnly":true,"style":"relative","transparent":false}	native_alternative_not_xml_conversion	UpdateDeleteParityTests.Every_indent_targets_a_real_boundary_and_honors_enabled_offset_and_newline	Native indent enabled/offset/onNewLineOnly at parsed syntax boundary; offsets measured in configured indent units
Update_From_IndentFromKeyword.Size	Integer	0	2	covered	update.from.keywordIndent	{"enabled":false,"offset":0,"onNewLineOnly":true,"style":"relative","transparent":false}	{"enabled":false,"offset":0,"onNewLineOnly":true,"style":"relative","transparent":false}	native_alternative_not_xml_conversion	UpdateDeleteParityTests.Every_indent_targets_a_real_boundary_and_honors_enabled_offset_and_newline	Native indent enabled/offset/onNewLineOnly at parsed syntax boundary; offsets measured in configured indent units
Update_From_IndentFromList.Indent	Boolean	false	true	covered	update.from.listIndent	{"enabled":false,"offset":0,"onNewLineOnly":true,"style":"relative","transparent":false}	{"enabled":false,"offset":0,"onNewLineOnly":true,"style":"relative","transparent":false}	native_alternative_not_xml_conversion	UpdateDeleteParityTests.Every_indent_targets_a_real_boundary_and_honors_enabled_offset_and_newline	Native indent enabled/offset/onNewLineOnly at parsed syntax boundary; offsets measured in configured indent units
Update_From_IndentFromList.OnNewLineOnly	Boolean	true	true	covered	update.from.listIndent	{"enabled":false,"offset":0,"onNewLineOnly":true,"style":"relative","transparent":false}	{"enabled":false,"offset":0,"onNewLineOnly":true,"style":"relative","transparent":false}	native_alternative_not_xml_conversion	UpdateDeleteParityTests.Every_indent_targets_a_real_boundary_and_honors_enabled_offset_and_newline	Native indent enabled/offset/onNewLineOnly at parsed syntax boundary; offsets measured in configured indent units
Update_From_IndentFromList.Size	Integer	0	4	covered	update.from.listIndent	{"enabled":false,"offset":0,"onNewLineOnly":true,"style":"relative","transparent":false}	{"enabled":false,"offset":0,"onNewLineOnly":true,"style":"relative","transparent":false}	native_alternative_not_xml_conversion	UpdateDeleteParityTests.Every_indent_targets_a_real_boundary_and_honors_enabled_offset_and_newline	Native indent enabled/offset/onNewLineOnly at parsed syntax boundary; offsets measured in configured indent units
Update_From_Join_IndentJoinKeyword.Indent	Boolean	false	true	covered	update.join.keywordIndent	{"enabled":false,"offset":0,"onNewLineOnly":true,"style":"relative","transparent":false}	{"enabled":false,"offset":0,"onNewLineOnly":true,"style":"relative","transparent":false}	native_alternative_not_xml_conversion	UpdateDeleteParityTests.Every_indent_targets_a_real_boundary_and_honors_enabled_offset_and_newline	Native indent enabled/offset/onNewLineOnly at parsed syntax boundary; offsets measured in configured indent units
Update_From_Join_IndentJoinKeyword.OnNewLineOnly	Boolean	true	true	covered	update.join.keywordIndent	{"enabled":false,"offset":0,"onNewLineOnly":true,"style":"relative","transparent":false}	{"enabled":false,"offset":0,"onNewLineOnly":true,"style":"relative","transparent":false}	native_alternative_not_xml_conversion	UpdateDeleteParityTests.Every_indent_targets_a_real_boundary_and_honors_enabled_offset_and_newline	Native indent enabled/offset/onNewLineOnly at parsed syntax boundary; offsets measured in configured indent units
Update_From_Join_IndentJoinKeyword.Size	Integer	0	5	covered	update.join.keywordIndent	{"enabled":false,"offset":0,"onNewLineOnly":true,"style":"relative","transparent":false}	{"enabled":false,"offset":0,"onNewLineOnly":true,"style":"relative","transparent":false}	native_alternative_not_xml_conversion	UpdateDeleteParityTests.Every_indent_targets_a_real_boundary_and_honors_enabled_offset_and_newline	Native indent enabled/offset/onNewLineOnly at parsed syntax boundary; offsets measured in configured indent units
Update_From_Join_IndentJoinKeyword.Style	Integer	-	4	covered	update.join.keywordIndent	{"enabled":false,"offset":0,"onNewLineOnly":true,"style":"relative","transparent":false}	{"enabled":false,"offset":0,"onNewLineOnly":true,"style":"relative","transparent":false}	native_alternative_not_xml_conversion	UpdateDeleteParityTests.Nested_not_predicates_and_relative_absolute_transparent_indents_are_stable	Native relative/absolute style and transparent indentation; XML numeric Style not assumed
Update_From_Join_IndentJoinKeyword.Transparent	Boolean	true	true	covered	update.join.keywordIndent	{"enabled":false,"offset":0,"onNewLineOnly":true,"style":"relative","transparent":false}	{"enabled":false,"offset":0,"onNewLineOnly":true,"style":"relative","transparent":false}	native_alternative_not_xml_conversion	UpdateDeleteParityTests.Nested_not_predicates_and_relative_absolute_transparent_indents_are_stable	Native relative/absolute style and transparent indentation; XML numeric Style not assumed
Update_From_Join_IndentOnCondition.Indent	Boolean	false	true	covered	update.join.onConditionIndent	{"enabled":false,"offset":0,"onNewLineOnly":true,"style":"relative","transparent":false}	{"enabled":false,"offset":0,"onNewLineOnly":true,"style":"relative","transparent":false}	native_alternative_not_xml_conversion	UpdateDeleteParityTests.Every_indent_targets_a_real_boundary_and_honors_enabled_offset_and_newline	Native indent enabled/offset/onNewLineOnly at parsed syntax boundary; offsets measured in configured indent units
Update_From_Join_IndentOnCondition.OnNewLineOnly	Boolean	true	true	covered	update.join.onConditionIndent	{"enabled":false,"offset":0,"onNewLineOnly":true,"style":"relative","transparent":false}	{"enabled":false,"offset":0,"onNewLineOnly":true,"style":"relative","transparent":false}	native_alternative_not_xml_conversion	UpdateDeleteParityTests.Every_indent_targets_a_real_boundary_and_honors_enabled_offset_and_newline	Native indent enabled/offset/onNewLineOnly at parsed syntax boundary; offsets measured in configured indent units
Update_From_Join_IndentOnCondition.Size	Integer	0	-1	covered	update.join.onConditionIndent	{"enabled":false,"offset":0,"onNewLineOnly":true,"style":"relative","transparent":false}	{"enabled":false,"offset":0,"onNewLineOnly":true,"style":"relative","transparent":false}	native_alternative_not_xml_conversion	UpdateDeleteParityTests.Every_indent_targets_a_real_boundary_and_honors_enabled_offset_and_newline	Native indent enabled/offset/onNewLineOnly at parsed syntax boundary; offsets measured in configured indent units
Update_From_Join_IndentOnKeyword.Indent	Boolean	true	false	covered	update.join.onKeywordIndent	{"enabled":false,"offset":0,"onNewLineOnly":true,"style":"relative","transparent":false}	{"enabled":false,"offset":0,"onNewLineOnly":true,"style":"relative","transparent":false}	native_alternative_not_xml_conversion	UpdateDeleteParityTests.Every_indent_targets_a_real_boundary_and_honors_enabled_offset_and_newline	Native indent enabled/offset/onNewLineOnly at parsed syntax boundary; offsets measured in configured indent units
Update_From_Join_IndentOnKeyword.OnNewLineOnly	Boolean	true	true	covered	update.join.onKeywordIndent	{"enabled":false,"offset":0,"onNewLineOnly":true,"style":"relative","transparent":false}	{"enabled":false,"offset":0,"onNewLineOnly":true,"style":"relative","transparent":false}	native_alternative_not_xml_conversion	UpdateDeleteParityTests.Every_indent_targets_a_real_boundary_and_honors_enabled_offset_and_newline	Native indent enabled/offset/onNewLineOnly at parsed syntax boundary; offsets measured in configured indent units
Update_From_Join_IndentOnKeyword.Size	Integer	0	0	covered	update.join.onKeywordIndent	{"enabled":false,"offset":0,"onNewLineOnly":true,"style":"relative","transparent":false}	{"enabled":false,"offset":0,"onNewLineOnly":true,"style":"relative","transparent":false}	native_alternative_not_xml_conversion	UpdateDeleteParityTests.Every_indent_targets_a_real_boundary_and_honors_enabled_offset_and_newline	Native indent enabled/offset/onNewLineOnly at parsed syntax boundary; offsets measured in configured indent units
Update_From_Join_IndentTableAfterJoin.Indent	Boolean	false	true	covered	update.join.tableIndent	{"enabled":false,"offset":0,"onNewLineOnly":true,"style":"relative","transparent":false}	{"enabled":false,"offset":0,"onNewLineOnly":true,"style":"relative","transparent":false}	native_alternative_not_xml_conversion	UpdateDeleteParityTests.Every_indent_targets_a_real_boundary_and_honors_enabled_offset_and_newline	Native indent enabled/offset/onNewLineOnly at parsed syntax boundary; offsets measured in configured indent units
Update_From_Join_IndentTableAfterJoin.OnNewLineOnly	Boolean	true	true	covered	update.join.tableIndent	{"enabled":false,"offset":0,"onNewLineOnly":true,"style":"relative","transparent":false}	{"enabled":false,"offset":0,"onNewLineOnly":true,"style":"relative","transparent":false}	native_alternative_not_xml_conversion	UpdateDeleteParityTests.Every_indent_targets_a_real_boundary_and_honors_enabled_offset_and_newline	Native indent enabled/offset/onNewLineOnly at parsed syntax boundary; offsets measured in configured indent units
Update_From_Join_IndentTableAfterJoin.Size	Integer	0	2	covered	update.join.tableIndent	{"enabled":false,"offset":0,"onNewLineOnly":true,"style":"relative","transparent":false}	{"enabled":false,"offset":0,"onNewLineOnly":true,"style":"relative","transparent":false}	native_alternative_not_xml_conversion	UpdateDeleteParityTests.Every_indent_targets_a_real_boundary_and_honors_enabled_offset_and_newline	Native indent enabled/offset/onNewLineOnly at parsed syntax boundary; offsets measured in configured indent units
Update_From_Join_IndentWrapConditionNestedOperations.Indent	Boolean	false	true	covered	update.join.nestedConditionIndent	{"enabled":false,"offset":0,"onNewLineOnly":true,"style":"relative","transparent":false}	{"enabled":false,"offset":0,"onNewLineOnly":true,"style":"relative","transparent":false}	native_alternative_not_xml_conversion	UpdateDeleteParityTests.Every_indent_targets_a_real_boundary_and_honors_enabled_offset_and_newline	Native indent enabled/offset/onNewLineOnly at parsed syntax boundary; offsets measured in configured indent units
Update_From_Join_IndentWrapConditionNestedOperations.OnNewLineOnly	Boolean	true	true	covered	update.join.nestedConditionIndent	{"enabled":false,"offset":0,"onNewLineOnly":true,"style":"relative","transparent":false}	{"enabled":false,"offset":0,"onNewLineOnly":true,"style":"relative","transparent":false}	native_alternative_not_xml_conversion	UpdateDeleteParityTests.Every_indent_targets_a_real_boundary_and_honors_enabled_offset_and_newline	Native indent enabled/offset/onNewLineOnly at parsed syntax boundary; offsets measured in configured indent units
Update_From_Join_IndentWrapConditionNestedOperations.Size	Integer	0	3	covered	update.join.nestedConditionIndent	{"enabled":false,"offset":0,"onNewLineOnly":true,"style":"relative","transparent":false}	{"enabled":false,"offset":0,"onNewLineOnly":true,"style":"relative","transparent":false}	native_alternative_not_xml_conversion	UpdateDeleteParityTests.Every_indent_targets_a_real_boundary_and_honors_enabled_offset_and_newline	Native indent enabled/offset/onNewLineOnly at parsed syntax boundary; offsets measured in configured indent units
Update_From_Join_LineBreakAfterJoin	Boolean	false	false	covered	update.join.breakAfter	"inherit"	"inherit"	native_alternative_not_xml_conversion	UpdateDeleteParityTests.Every_boundary_offers_always_never_and_inherit	Native inherit/always/never whitespace boundary with AST scope; header FROM distinct from source FROM
Update_From_Join_LineBreakAfterOn	Boolean	false	false	covered	update.join.onBreakAfter	"inherit"	"inherit"	native_alternative_not_xml_conversion	UpdateDeleteParityTests.Every_boundary_offers_always_never_and_inherit	Native inherit/always/never whitespace boundary with AST scope; header FROM distinct from source FROM
Update_From_Join_LineBreakBeforeJoin	Boolean	true	true	covered	update.join.breakBefore	"inherit"	"inherit"	native_alternative_not_xml_conversion	UpdateDeleteParityTests.Every_boundary_offers_always_never_and_inherit	Native inherit/always/never whitespace boundary with AST scope; header FROM distinct from source FROM
Update_From_Join_LineBreakBeforeOn	Boolean	true	true	covered	update.join.onBreakBefore	"inherit"	"inherit"	native_alternative_not_xml_conversion	UpdateDeleteParityTests.Every_boundary_offers_always_never_and_inherit	Native inherit/always/never whitespace boundary with AST scope; header FROM distinct from source FROM
Update_From_Join_WrapAfterOperatorMode	Integer	1	1	covered	update.join.wrapAfterOperator	"inherit"	"inherit"	native_alternative_not_xml_conversion	UpdateDeleteParityTests.Boolean_modes_and_operator_sides_are_independent	Native inherit/none/and/or/both and independent inherit/always/never operator sides; XML numeric modes not assumed
Update_From_Join_WrapBeforeOperatorMode	Integer	1	1	covered	update.join.wrapBeforeOperator	"inherit"	"inherit"	native_alternative_not_xml_conversion	UpdateDeleteParityTests.Boolean_modes_and_operator_sides_are_independent	Native inherit/none/and/or/both and independent inherit/always/never operator sides; XML numeric modes not assumed
Update_From_Join_WrapConditionMode	Integer	1	1	covered	update.join.wrapCondition	"inherit"	"inherit"	native_alternative_not_xml_conversion	UpdateDeleteParityTests.Boolean_modes_and_operator_sides_are_independent	Native inherit/none/and/or/both and independent inherit/always/never operator sides; XML numeric modes not assumed
Update_From_LineBreakAfterFrom	Boolean	false	false	covered	update.from.breakAfter	"inherit"	"inherit"	native_alternative_not_xml_conversion	UpdateDeleteParityTests.Every_boundary_offers_always_never_and_inherit	Native inherit/always/never whitespace boundary with AST scope; header FROM distinct from source FROM
Update_From_LineBreakBeforeFrom	Boolean	true	true	covered	update.from.breakBefore	"inherit"	"inherit"	native_alternative_not_xml_conversion	UpdateDeleteParityTests.Every_boundary_offers_always_never_and_inherit	Native inherit/always/never whitespace boundary with AST scope; header FROM distinct from source FROM
Update_From_StackFromList	Boolean	false	true	covered	update.from.stackList	"on"	"off"	native_alternative_not_xml_conversion	UpdateDeleteParityTests.Each_list_supports_stacking_compaction_auto_and_global_commas	Native inherit/on/off list and onePerLine/auto modes with margin and global comma policy; XML numeric mode not assumed
Update_From_StackFromListMode	Integer	1	1	covered	update.from.stackMode	"onePerLine"	"onePerLine"	native_alternative_not_xml_conversion	UpdateDeleteParityTests.Each_list_supports_stacking_compaction_auto_and_global_commas	Native inherit/on/off list and onePerLine/auto modes with margin and global comma policy; XML numeric mode not assumed
Update_From_UseSameFormattingAsInSelect	Boolean	false	false	covered	update.from.useSelectFormatting	false	false	native_alternative_not_xml_conversion	UpdateDeleteParityTests.From_inheritance_uses_select_from_and_join_only_when_enabled	Native Boolean enables SELECT FROM/JOIN rules and ignores local FROM/JOIN overrides; WHERE remains independent
Update_IndentTable.Indent	Boolean	false	false	covered	update.target.indent	{"enabled":false,"offset":0,"onNewLineOnly":true,"style":"relative","transparent":false}	{"enabled":false,"offset":0,"onNewLineOnly":true,"style":"relative","transparent":false}	native_alternative_not_xml_conversion	UpdateDeleteParityTests.Every_indent_targets_a_real_boundary_and_honors_enabled_offset_and_newline	Native indent enabled/offset/onNewLineOnly at parsed syntax boundary; offsets measured in configured indent units
Update_IndentTable.OnNewLineOnly	Boolean	true	true	covered	update.target.indent	{"enabled":false,"offset":0,"onNewLineOnly":true,"style":"relative","transparent":false}	{"enabled":false,"offset":0,"onNewLineOnly":true,"style":"relative","transparent":false}	native_alternative_not_xml_conversion	UpdateDeleteParityTests.Every_indent_targets_a_real_boundary_and_honors_enabled_offset_and_newline	Native indent enabled/offset/onNewLineOnly at parsed syntax boundary; offsets measured in configured indent units
Update_IndentTable.Size	Integer	0	0	covered	update.target.indent	{"enabled":false,"offset":0,"onNewLineOnly":true,"style":"relative","transparent":false}	{"enabled":false,"offset":0,"onNewLineOnly":true,"style":"relative","transparent":false}	native_alternative_not_xml_conversion	UpdateDeleteParityTests.Every_indent_targets_a_real_boundary_and_honors_enabled_offset_and_newline	Native indent enabled/offset/onNewLineOnly at parsed syntax boundary; offsets measured in configured indent units
Update_LineBreakBeforeTable	Boolean	false	false	covered	update.target.breakBefore	"inherit"	"inherit"	native_alternative_not_xml_conversion	UpdateDeleteParityTests.Every_boundary_offers_always_never_and_inherit	Native inherit/always/never whitespace boundary with AST scope; header FROM distinct from source FROM
Update_OptionHints_IndentOptionHints.Indent	Boolean	false	false	covered	update.option.hintsIndent	{"enabled":false,"offset":0,"onNewLineOnly":true,"style":"relative","transparent":false}	{"enabled":false,"offset":0,"onNewLineOnly":true,"style":"relative","transparent":false}	native_alternative_not_xml_conversion	UpdateDeleteParityTests.Every_indent_targets_a_real_boundary_and_honors_enabled_offset_and_newline	Native indent enabled/offset/onNewLineOnly at parsed syntax boundary; offsets measured in configured indent units
Update_OptionHints_IndentOptionHints.OnNewLineOnly	Boolean	true	true	covered	update.option.hintsIndent	{"enabled":false,"offset":0,"onNewLineOnly":true,"style":"relative","transparent":false}	{"enabled":false,"offset":0,"onNewLineOnly":true,"style":"relative","transparent":false}	native_alternative_not_xml_conversion	UpdateDeleteParityTests.Every_indent_targets_a_real_boundary_and_honors_enabled_offset_and_newline	Native indent enabled/offset/onNewLineOnly at parsed syntax boundary; offsets measured in configured indent units
Update_OptionHints_IndentOptionHints.Size	Integer	0	0	covered	update.option.hintsIndent	{"enabled":false,"offset":0,"onNewLineOnly":true,"style":"relative","transparent":false}	{"enabled":false,"offset":0,"onNewLineOnly":true,"style":"relative","transparent":false}	native_alternative_not_xml_conversion	UpdateDeleteParityTests.Every_indent_targets_a_real_boundary_and_honors_enabled_offset_and_newline	Native indent enabled/offset/onNewLineOnly at parsed syntax boundary; offsets measured in configured indent units
Update_OptionHints_IndentOptionKeyword.Indent	Boolean	false	false	covered	update.option.keywordIndent	{"enabled":false,"offset":0,"onNewLineOnly":true,"style":"relative","transparent":false}	{"enabled":false,"offset":0,"onNewLineOnly":true,"style":"relative","transparent":false}	native_alternative_not_xml_conversion	UpdateDeleteParityTests.Every_indent_targets_a_real_boundary_and_honors_enabled_offset_and_newline	Native indent enabled/offset/onNewLineOnly at parsed syntax boundary; offsets measured in configured indent units
Update_OptionHints_IndentOptionKeyword.OnNewLineOnly	Boolean	true	true	covered	update.option.keywordIndent	{"enabled":false,"offset":0,"onNewLineOnly":true,"style":"relative","transparent":false}	{"enabled":false,"offset":0,"onNewLineOnly":true,"style":"relative","transparent":false}	native_alternative_not_xml_conversion	UpdateDeleteParityTests.Every_indent_targets_a_real_boundary_and_honors_enabled_offset_and_newline	Native indent enabled/offset/onNewLineOnly at parsed syntax boundary; offsets measured in configured indent units
Update_OptionHints_IndentOptionKeyword.Size	Integer	0	0	covered	update.option.keywordIndent	{"enabled":false,"offset":0,"onNewLineOnly":true,"style":"relative","transparent":false}	{"enabled":false,"offset":0,"onNewLineOnly":true,"style":"relative","transparent":false}	native_alternative_not_xml_conversion	UpdateDeleteParityTests.Every_indent_targets_a_real_boundary_and_honors_enabled_offset_and_newline	Native indent enabled/offset/onNewLineOnly at parsed syntax boundary; offsets measured in configured indent units
Update_OptionHints_LineBreakAfterOption	Boolean	false	false	covered	update.option.breakAfter	"inherit"	"inherit"	native_alternative_not_xml_conversion	UpdateDeleteParityTests.Every_boundary_offers_always_never_and_inherit	Native inherit/always/never whitespace boundary with AST scope; header FROM distinct from source FROM
Update_OptionHints_LineBreakBeforeOption	Boolean	true	true	covered	update.option.breakBefore	"inherit"	"inherit"	native_alternative_not_xml_conversion	UpdateDeleteParityTests.Every_boundary_offers_always_never_and_inherit	Native inherit/always/never whitespace boundary with AST scope; header FROM distinct from source FROM
Update_OutputClause_IndentOutputKeyword.Indent	Boolean	false	false	covered	update.output.keywordIndent	{"enabled":false,"offset":0,"onNewLineOnly":true,"style":"relative","transparent":false}	{"enabled":false,"offset":0,"onNewLineOnly":true,"style":"relative","transparent":false}	native_alternative_not_xml_conversion	UpdateDeleteParityTests.Every_indent_targets_a_real_boundary_and_honors_enabled_offset_and_newline	Native indent enabled/offset/onNewLineOnly at parsed syntax boundary; offsets measured in configured indent units
Update_OutputClause_IndentOutputKeyword.OnNewLineOnly	Boolean	true	true	covered	update.output.keywordIndent	{"enabled":false,"offset":0,"onNewLineOnly":true,"style":"relative","transparent":false}	{"enabled":false,"offset":0,"onNewLineOnly":true,"style":"relative","transparent":false}	native_alternative_not_xml_conversion	UpdateDeleteParityTests.Every_indent_targets_a_real_boundary_and_honors_enabled_offset_and_newline	Native indent enabled/offset/onNewLineOnly at parsed syntax boundary; offsets measured in configured indent units
Update_OutputClause_IndentOutputKeyword.Size	Integer	0	0	covered	update.output.keywordIndent	{"enabled":false,"offset":0,"onNewLineOnly":true,"style":"relative","transparent":false}	{"enabled":false,"offset":0,"onNewLineOnly":true,"style":"relative","transparent":false}	native_alternative_not_xml_conversion	UpdateDeleteParityTests.Every_indent_targets_a_real_boundary_and_honors_enabled_offset_and_newline	Native indent enabled/offset/onNewLineOnly at parsed syntax boundary; offsets measured in configured indent units
Update_OutputClause_IndentOutputParameters.Indent	Boolean	false	false	covered	update.output.listIndent	{"enabled":false,"offset":0,"onNewLineOnly":true,"style":"relative","transparent":false}	{"enabled":false,"offset":0,"onNewLineOnly":true,"style":"relative","transparent":false}	native_alternative_not_xml_conversion	UpdateDeleteParityTests.Every_indent_targets_a_real_boundary_and_honors_enabled_offset_and_newline	Native indent enabled/offset/onNewLineOnly at parsed syntax boundary; offsets measured in configured indent units
Update_OutputClause_IndentOutputParameters.OnNewLineOnly	Boolean	true	true	covered	update.output.listIndent	{"enabled":false,"offset":0,"onNewLineOnly":true,"style":"relative","transparent":false}	{"enabled":false,"offset":0,"onNewLineOnly":true,"style":"relative","transparent":false}	native_alternative_not_xml_conversion	UpdateDeleteParityTests.Every_indent_targets_a_real_boundary_and_honors_enabled_offset_and_newline	Native indent enabled/offset/onNewLineOnly at parsed syntax boundary; offsets measured in configured indent units
Update_OutputClause_IndentOutputParameters.Size	Integer	0	0	covered	update.output.listIndent	{"enabled":false,"offset":0,"onNewLineOnly":true,"style":"relative","transparent":false}	{"enabled":false,"offset":0,"onNewLineOnly":true,"style":"relative","transparent":false}	native_alternative_not_xml_conversion	UpdateDeleteParityTests.Every_indent_targets_a_real_boundary_and_honors_enabled_offset_and_newline	Native indent enabled/offset/onNewLineOnly at parsed syntax boundary; offsets measured in configured indent units
Update_OutputClause_LineBreakAfterOutput	Boolean	false	false	covered	update.output.breakAfter	"inherit"	"inherit"	native_alternative_not_xml_conversion	UpdateDeleteParityTests.Every_boundary_offers_always_never_and_inherit	Native inherit/always/never whitespace boundary with AST scope; header FROM distinct from source FROM
Update_OutputClause_LineBreakBeforeOutput	Boolean	true	true	covered	update.output.breakBefore	"inherit"	"inherit"	native_alternative_not_xml_conversion	UpdateDeleteParityTests.Every_boundary_offers_always_never_and_inherit	Native inherit/always/never whitespace boundary with AST scope; header FROM distinct from source FROM
Update_OutputClause_StackDmlColumnsList	Boolean	false	true	covered	update.output.stackList	"on"	"off"	native_alternative_not_xml_conversion	UpdateDeleteParityTests.Each_list_supports_stacking_compaction_auto_and_global_commas	Native inherit/on/off list and onePerLine/auto modes with margin and global comma policy; XML numeric mode not assumed
Update_OutputClause_StackDmlColumnsMode	Integer	1	1	covered	update.output.stackMode	"onePerLine"	"onePerLine"	native_alternative_not_xml_conversion	UpdateDeleteParityTests.Each_list_supports_stacking_compaction_auto_and_global_commas	Native inherit/on/off list and onePerLine/auto modes with margin and global comma policy; XML numeric mode not assumed
Update_SetClause_IndentColumnAssignmentsList.Indent	Boolean	false	false	covered	update.set.listIndent	{"enabled":false,"offset":0,"onNewLineOnly":true,"style":"relative","transparent":false}	{"enabled":false,"offset":0,"onNewLineOnly":true,"style":"relative","transparent":false}	native_alternative_not_xml_conversion	UpdateDeleteParityTests.Every_indent_targets_a_real_boundary_and_honors_enabled_offset_and_newline	Native indent enabled/offset/onNewLineOnly at parsed syntax boundary; offsets measured in configured indent units
Update_SetClause_IndentColumnAssignmentsList.OnNewLineOnly	Boolean	true	true	covered	update.set.listIndent	{"enabled":false,"offset":0,"onNewLineOnly":true,"style":"relative","transparent":false}	{"enabled":false,"offset":0,"onNewLineOnly":true,"style":"relative","transparent":false}	native_alternative_not_xml_conversion	UpdateDeleteParityTests.Every_indent_targets_a_real_boundary_and_honors_enabled_offset_and_newline	Native indent enabled/offset/onNewLineOnly at parsed syntax boundary; offsets measured in configured indent units
Update_SetClause_IndentColumnAssignmentsList.Size	Integer	0	0	covered	update.set.listIndent	{"enabled":false,"offset":0,"onNewLineOnly":true,"style":"relative","transparent":false}	{"enabled":false,"offset":0,"onNewLineOnly":true,"style":"relative","transparent":false}	native_alternative_not_xml_conversion	UpdateDeleteParityTests.Every_indent_targets_a_real_boundary_and_honors_enabled_offset_and_newline	Native indent enabled/offset/onNewLineOnly at parsed syntax boundary; offsets measured in configured indent units
Update_SetClause_IndentSetKeyword.Indent	Boolean	false	true	covered	update.set.keywordIndent	{"enabled":false,"offset":0,"onNewLineOnly":true,"style":"relative","transparent":false}	{"enabled":false,"offset":0,"onNewLineOnly":true,"style":"relative","transparent":false}	native_alternative_not_xml_conversion	UpdateDeleteParityTests.Every_indent_targets_a_real_boundary_and_honors_enabled_offset_and_newline	Native indent enabled/offset/onNewLineOnly at parsed syntax boundary; offsets measured in configured indent units
Update_SetClause_IndentSetKeyword.OnNewLineOnly	Boolean	true	true	covered	update.set.keywordIndent	{"enabled":false,"offset":0,"onNewLineOnly":true,"style":"relative","transparent":false}	{"enabled":false,"offset":0,"onNewLineOnly":true,"style":"relative","transparent":false}	native_alternative_not_xml_conversion	UpdateDeleteParityTests.Every_indent_targets_a_real_boundary_and_honors_enabled_offset_and_newline	Native indent enabled/offset/onNewLineOnly at parsed syntax boundary; offsets measured in configured indent units
Update_SetClause_IndentSetKeyword.Size	Integer	0	3	covered	update.set.keywordIndent	{"enabled":false,"offset":0,"onNewLineOnly":true,"style":"relative","transparent":false}	{"enabled":false,"offset":0,"onNewLineOnly":true,"style":"relative","transparent":false}	native_alternative_not_xml_conversion	UpdateDeleteParityTests.Every_indent_targets_a_real_boundary_and_honors_enabled_offset_and_newline	Native indent enabled/offset/onNewLineOnly at parsed syntax boundary; offsets measured in configured indent units
Update_SetClause_LineBreakAfterSet	Boolean	false	false	covered	update.set.breakAfter	"inherit"	"inherit"	native_alternative_not_xml_conversion	UpdateDeleteParityTests.Every_boundary_offers_always_never_and_inherit	Native inherit/always/never whitespace boundary with AST scope; header FROM distinct from source FROM
Update_SetClause_LineBreakBeforeSet	Boolean	true	true	covered	update.set.breakBefore	"inherit"	"inherit"	native_alternative_not_xml_conversion	UpdateDeleteParityTests.Every_boundary_offers_always_never_and_inherit	Native inherit/always/never whitespace boundary with AST scope; header FROM distinct from source FROM
Update_SetClause_StackColumnAssignmentsList	Boolean	true	true	covered	update.set.stackList	"on"	"off"	native_alternative_not_xml_conversion	UpdateDeleteParityTests.Each_list_supports_stacking_compaction_auto_and_global_commas	Native inherit/on/off list and onePerLine/auto modes with margin and global comma policy; XML numeric mode not assumed
Update_SetClause_StackColumnAssignmentsListMode	Integer	1	1	covered	update.set.stackMode	"onePerLine"	"onePerLine"	native_alternative_not_xml_conversion	UpdateDeleteParityTests.Each_list_supports_stacking_compaction_auto_and_global_commas	Native inherit/on/off list and onePerLine/auto modes with margin and global comma policy; XML numeric mode not assumed
Update_Where_IndentWhereCondition.Indent	Boolean	false	true	covered	update.where.conditionIndent	{"enabled":false,"offset":0,"onNewLineOnly":true,"style":"relative","transparent":false}	{"enabled":false,"offset":0,"onNewLineOnly":true,"style":"relative","transparent":false}	native_alternative_not_xml_conversion	UpdateDeleteParityTests.Every_indent_targets_a_real_boundary_and_honors_enabled_offset_and_newline	Native indent enabled/offset/onNewLineOnly at parsed syntax boundary; offsets measured in configured indent units
Update_Where_IndentWhereCondition.OnNewLineOnly	Boolean	true	true	covered	update.where.conditionIndent	{"enabled":false,"offset":0,"onNewLineOnly":true,"style":"relative","transparent":false}	{"enabled":false,"offset":0,"onNewLineOnly":true,"style":"relative","transparent":false}	native_alternative_not_xml_conversion	UpdateDeleteParityTests.Every_indent_targets_a_real_boundary_and_honors_enabled_offset_and_newline	Native indent enabled/offset/onNewLineOnly at parsed syntax boundary; offsets measured in configured indent units
Update_Where_IndentWhereCondition.Size	Integer	0	2	covered	update.where.conditionIndent	{"enabled":false,"offset":0,"onNewLineOnly":true,"style":"relative","transparent":false}	{"enabled":false,"offset":0,"onNewLineOnly":true,"style":"relative","transparent":false}	native_alternative_not_xml_conversion	UpdateDeleteParityTests.Every_indent_targets_a_real_boundary_and_honors_enabled_offset_and_newline	Native indent enabled/offset/onNewLineOnly at parsed syntax boundary; offsets measured in configured indent units
Update_Where_IndentWhereKeyword.Indent	Boolean	false	false	covered	update.where.keywordIndent	{"enabled":false,"offset":0,"onNewLineOnly":true,"style":"relative","transparent":false}	{"enabled":false,"offset":0,"onNewLineOnly":true,"style":"relative","transparent":false}	native_alternative_not_xml_conversion	UpdateDeleteParityTests.Every_indent_targets_a_real_boundary_and_honors_enabled_offset_and_newline	Native indent enabled/offset/onNewLineOnly at parsed syntax boundary; offsets measured in configured indent units
Update_Where_IndentWhereKeyword.OnNewLineOnly	Boolean	true	true	covered	update.where.keywordIndent	{"enabled":false,"offset":0,"onNewLineOnly":true,"style":"relative","transparent":false}	{"enabled":false,"offset":0,"onNewLineOnly":true,"style":"relative","transparent":false}	native_alternative_not_xml_conversion	UpdateDeleteParityTests.Every_indent_targets_a_real_boundary_and_honors_enabled_offset_and_newline	Native indent enabled/offset/onNewLineOnly at parsed syntax boundary; offsets measured in configured indent units
Update_Where_IndentWhereKeyword.Size	Integer	0	0	covered	update.where.keywordIndent	{"enabled":false,"offset":0,"onNewLineOnly":true,"style":"relative","transparent":false}	{"enabled":false,"offset":0,"onNewLineOnly":true,"style":"relative","transparent":false}	native_alternative_not_xml_conversion	UpdateDeleteParityTests.Every_indent_targets_a_real_boundary_and_honors_enabled_offset_and_newline	Native indent enabled/offset/onNewLineOnly at parsed syntax boundary; offsets measured in configured indent units
Update_Where_IndentWrapConditionNestedOperations.Indent	Boolean	false	true	covered	update.where.nestedConditionIndent	{"enabled":false,"offset":0,"onNewLineOnly":true,"style":"relative","transparent":false}	{"enabled":false,"offset":0,"onNewLineOnly":true,"style":"relative","transparent":false}	native_alternative_not_xml_conversion	UpdateDeleteParityTests.Every_indent_targets_a_real_boundary_and_honors_enabled_offset_and_newline	Native indent enabled/offset/onNewLineOnly at parsed syntax boundary; offsets measured in configured indent units
Update_Where_IndentWrapConditionNestedOperations.OnNewLineOnly	Boolean	true	true	covered	update.where.nestedConditionIndent	{"enabled":false,"offset":0,"onNewLineOnly":true,"style":"relative","transparent":false}	{"enabled":false,"offset":0,"onNewLineOnly":true,"style":"relative","transparent":false}	native_alternative_not_xml_conversion	UpdateDeleteParityTests.Every_indent_targets_a_real_boundary_and_honors_enabled_offset_and_newline	Native indent enabled/offset/onNewLineOnly at parsed syntax boundary; offsets measured in configured indent units
Update_Where_IndentWrapConditionNestedOperations.Size	Integer	0	0	covered	update.where.nestedConditionIndent	{"enabled":false,"offset":0,"onNewLineOnly":true,"style":"relative","transparent":false}	{"enabled":false,"offset":0,"onNewLineOnly":true,"style":"relative","transparent":false}	native_alternative_not_xml_conversion	UpdateDeleteParityTests.Every_indent_targets_a_real_boundary_and_honors_enabled_offset_and_newline	Native indent enabled/offset/onNewLineOnly at parsed syntax boundary; offsets measured in configured indent units
Update_Where_LineBreakAfterWhere	Boolean	false	false	covered	update.where.breakAfter	"inherit"	"inherit"	native_alternative_not_xml_conversion	UpdateDeleteParityTests.Every_boundary_offers_always_never_and_inherit	Native inherit/always/never whitespace boundary with AST scope; header FROM distinct from source FROM
Update_Where_LineBreakBeforeWhere	Boolean	true	true	covered	update.where.breakBefore	"inherit"	"inherit"	native_alternative_not_xml_conversion	UpdateDeleteParityTests.Every_boundary_offers_always_never_and_inherit	Native inherit/always/never whitespace boundary with AST scope; header FROM distinct from source FROM
Update_Where_WrapAfterOperatorMode	Integer	1	1	covered	update.where.wrapAfterOperator	"inherit"	"inherit"	native_alternative_not_xml_conversion	UpdateDeleteParityTests.Boolean_modes_and_operator_sides_are_independent	Native inherit/none/and/or/both and independent inherit/always/never operator sides; XML numeric modes not assumed
Update_Where_WrapBeforeOperatorMode	Integer	1	1	covered	update.where.wrapBeforeOperator	"inherit"	"inherit"	native_alternative_not_xml_conversion	UpdateDeleteParityTests.Boolean_modes_and_operator_sides_are_independent	Native inherit/none/and/or/both and independent inherit/always/never operator sides; XML numeric modes not assumed
Update_Where_WrapConditionMode	Integer	1	1	covered	update.where.wrapCondition	"inherit"	"inherit"	native_alternative_not_xml_conversion	UpdateDeleteParityTests.Boolean_modes_and_operator_sides_are_independent	Native inherit/none/and/or/both and independent inherit/always/never operator sides; XML numeric modes not assumed
View_ColumnList_IndentColumnList.Indent	Boolean	true	true	covered	view.columns.listIndent	{"enabled":false,"offset":0,"onNewLineOnly":true,"style":"relative","transparent":false}	{"enabled":false,"offset":0,"onNewLineOnly":true,"style":"relative","transparent":false}	native_alternative_not_xml_conversion	ModuleParityTests.Every_indent_has_enabled_offset_newline_style_and_transparency	Native CREATE/ALTER module boundary, indentation, list, spacing or compactness; no XML numeric enum inference
View_ColumnList_IndentColumnList.OnNewLineOnly	Boolean	true	true	covered	view.columns.listIndent	{"enabled":false,"offset":0,"onNewLineOnly":true,"style":"relative","transparent":false}	{"enabled":false,"offset":0,"onNewLineOnly":true,"style":"relative","transparent":false}	native_alternative_not_xml_conversion	ModuleParityTests.Every_indent_has_enabled_offset_newline_style_and_transparency	Native CREATE/ALTER module boundary, indentation, list, spacing or compactness; no XML numeric enum inference
View_ColumnList_IndentColumnList.Size	Integer	0	4	covered	view.columns.listIndent	{"enabled":false,"offset":0,"onNewLineOnly":true,"style":"relative","transparent":false}	{"enabled":false,"offset":0,"onNewLineOnly":true,"style":"relative","transparent":false}	native_alternative_not_xml_conversion	ModuleParityTests.Every_indent_has_enabled_offset_newline_style_and_transparency	Native CREATE/ALTER module boundary, indentation, list, spacing or compactness; no XML numeric enum inference
View_ColumnList_IndentColumnListBraces.Indent	Boolean	false	false	covered	view.columns.braceIndent	{"enabled":false,"offset":0,"onNewLineOnly":true,"style":"relative","transparent":false}	{"enabled":false,"offset":0,"onNewLineOnly":true,"style":"relative","transparent":false}	native_alternative_not_xml_conversion	ModuleParityTests.Every_indent_has_enabled_offset_newline_style_and_transparency	Native CREATE/ALTER module boundary, indentation, list, spacing or compactness; no XML numeric enum inference
View_ColumnList_IndentColumnListBraces.OnNewLineOnly	Boolean	true	true	covered	view.columns.braceIndent	{"enabled":false,"offset":0,"onNewLineOnly":true,"style":"relative","transparent":false}	{"enabled":false,"offset":0,"onNewLineOnly":true,"style":"relative","transparent":false}	native_alternative_not_xml_conversion	ModuleParityTests.Every_indent_has_enabled_offset_newline_style_and_transparency	Native CREATE/ALTER module boundary, indentation, list, spacing or compactness; no XML numeric enum inference
View_ColumnList_IndentColumnListBraces.Size	Integer	0	0	covered	view.columns.braceIndent	{"enabled":false,"offset":0,"onNewLineOnly":true,"style":"relative","transparent":false}	{"enabled":false,"offset":0,"onNewLineOnly":true,"style":"relative","transparent":false}	native_alternative_not_xml_conversion	ModuleParityTests.Every_indent_has_enabled_offset_newline_style_and_transparency	Native CREATE/ALTER module boundary, indentation, list, spacing or compactness; no XML numeric enum inference
View_ColumnList_InsertSpaceBeforeColumnsList	Boolean	true	true	covered	view.columns.spaceBeforeOpen	"inherit"	"inherit"	native_alternative_not_xml_conversion	ModuleParityTests.Every_brace_space_rule_has_distinct_insert_remove_modes	Native CREATE/ALTER module boundary, indentation, list, spacing or compactness; no XML numeric enum inference
View_ColumnList_InsertSpacesWithinColumnsListBraces	Boolean	false	false	covered	view.columns.spaceWithin	"inherit"	"inherit"	native_alternative_not_xml_conversion	ModuleParityTests.Every_brace_space_rule_has_distinct_insert_remove_modes	Native CREATE/ALTER module boundary, indentation, list, spacing or compactness; no XML numeric enum inference
View_ColumnList_LineBreakAfterOpenBrace	Boolean	true	false	covered	view.columns.breakAfterOpen	"always"	"never"	native_alternative_not_xml_conversion	ModuleParityTests.Create_and_alter_boundaries_support_all_modes	Native CREATE/ALTER module boundary, indentation, list, spacing or compactness; no XML numeric enum inference
View_ColumnList_LineBreakBeforeClosingBrace	Boolean	true	false	covered	view.columns.breakBeforeClose	"inherit"	"inherit"	native_alternative_not_xml_conversion	ModuleParityTests.Create_and_alter_boundaries_support_all_modes	Native CREATE/ALTER module boundary, indentation, list, spacing or compactness; no XML numeric enum inference
View_ColumnList_LineBreakBeforeOpenBrace	Boolean	false	false	covered	view.columns.breakBeforeOpen	"inherit"	"inherit"	native_alternative_not_xml_conversion	ModuleParityTests.Create_and_alter_boundaries_support_all_modes	Native CREATE/ALTER module boundary, indentation, list, spacing or compactness; no XML numeric enum inference
View_ColumnList_StackColumnsList	Boolean	true	true	covered	view.columns.stackList	"on"	"off"	native_alternative_not_xml_conversion	ModuleParityTests.Every_list_has_on_off_auto_and_leading_comma_modes	Native CREATE/ALTER module boundary, indentation, list, spacing or compactness; no XML numeric enum inference
View_ColumnList_StackColumnsListStyle	Integer	1	1	covered	view.columns.stackMode	"onePerLine"	"onePerLine"	native_alternative_not_xml_conversion	ModuleParityTests.Every_list_has_on_off_auto_and_leading_comma_modes	Native CREATE/ALTER module boundary, indentation, list, spacing or compactness; no XML numeric enum inference
View_Subquery_IndentAsKeyword.Indent	Boolean	false	false	covered	view.query.asIndent	{"enabled":false,"offset":0,"onNewLineOnly":true,"style":"relative","transparent":false}	{"enabled":false,"offset":0,"onNewLineOnly":true,"style":"relative","transparent":false}	native_alternative_not_xml_conversion	ModuleParityTests.Every_indent_has_enabled_offset_newline_style_and_transparency	Native CREATE/ALTER module boundary, indentation, list, spacing or compactness; no XML numeric enum inference
View_Subquery_IndentAsKeyword.OnNewLineOnly	Boolean	true	true	covered	view.query.asIndent	{"enabled":false,"offset":0,"onNewLineOnly":true,"style":"relative","transparent":false}	{"enabled":false,"offset":0,"onNewLineOnly":true,"style":"relative","transparent":false}	native_alternative_not_xml_conversion	ModuleParityTests.Every_indent_has_enabled_offset_newline_style_and_transparency	Native CREATE/ALTER module boundary, indentation, list, spacing or compactness; no XML numeric enum inference
View_Subquery_IndentAsKeyword.Size	Integer	0	0	covered	view.query.asIndent	{"enabled":false,"offset":0,"onNewLineOnly":true,"style":"relative","transparent":false}	{"enabled":false,"offset":0,"onNewLineOnly":true,"style":"relative","transparent":false}	native_alternative_not_xml_conversion	ModuleParityTests.Every_indent_has_enabled_offset_newline_style_and_transparency	Native CREATE/ALTER module boundary, indentation, list, spacing or compactness; no XML numeric enum inference
View_Subquery_IndentSubquery.Indent	Boolean	false	false	covered	view.query.queryIndent	{"enabled":false,"offset":0,"onNewLineOnly":true,"style":"relative","transparent":false}	{"enabled":false,"offset":0,"onNewLineOnly":true,"style":"relative","transparent":false}	native_alternative_not_xml_conversion	ModuleParityTests.Every_indent_has_enabled_offset_newline_style_and_transparency	Native CREATE/ALTER module boundary, indentation, list, spacing or compactness; no XML numeric enum inference
View_Subquery_IndentSubquery.OnNewLineOnly	Boolean	true	true	covered	view.query.queryIndent	{"enabled":false,"offset":0,"onNewLineOnly":true,"style":"relative","transparent":false}	{"enabled":false,"offset":0,"onNewLineOnly":true,"style":"relative","transparent":false}	native_alternative_not_xml_conversion	ModuleParityTests.Every_indent_has_enabled_offset_newline_style_and_transparency	Native CREATE/ALTER module boundary, indentation, list, spacing or compactness; no XML numeric enum inference
View_Subquery_IndentSubquery.Size	Integer	0	0	covered	view.query.queryIndent	{"enabled":false,"offset":0,"onNewLineOnly":true,"style":"relative","transparent":false}	{"enabled":false,"offset":0,"onNewLineOnly":true,"style":"relative","transparent":false}	native_alternative_not_xml_conversion	ModuleParityTests.Every_indent_has_enabled_offset_newline_style_and_transparency	Native CREATE/ALTER module boundary, indentation, list, spacing or compactness; no XML numeric enum inference
View_Subquery_LineBreakAfterAs	Boolean	true	true	covered	view.query.breakAfterAs	"always"	"inherit"	native_alternative_not_xml_conversion	ModuleParityTests.Create_and_alter_boundaries_support_all_modes	Native CREATE/ALTER module boundary, indentation, list, spacing or compactness; no XML numeric enum inference
View_Subquery_LineBreakBeforeAs	Boolean	true	true	covered	view.query.breakBeforeAs	"inherit"	"inherit"	native_alternative_not_xml_conversion	ModuleParityTests.Create_and_alter_boundaries_support_all_modes	Native CREATE/ALTER module boundary, indentation, list, spacing or compactness; no XML numeric enum inference
View_Subquery_SingleLine_AnyQuery	Boolean	false	false	covered	view.query.singleLine.any	false	false	native_alternative_not_xml_conversion	ModuleParityTests.View_query_compactness_thresholds_and_whole_query_indent_work	Native CREATE/ALTER module boundary, indentation, list, spacing or compactness; no XML numeric enum inference
View_Subquery_SingleLine_WhenQueryContainsLessThanXWords.Checked	Boolean	false	false	covered	view.query.singleLine.maxWords	{"enabled":false,"value":10}	{"enabled":false,"value":10}	native_alternative_not_xml_conversion	ModuleParityTests.View_query_compactness_thresholds_and_whole_query_indent_work	Native CREATE/ALTER module boundary, indentation, list, spacing or compactness; no XML numeric enum inference
View_Subquery_SingleLine_WhenQueryContainsLessThanXWords.Value	Integer	10	10	covered	view.query.singleLine.maxWords	{"enabled":false,"value":10}	{"enabled":false,"value":10}	native_alternative_not_xml_conversion	ModuleParityTests.View_query_compactness_thresholds_and_whole_query_indent_work	Native CREATE/ALTER module boundary, indentation, list, spacing or compactness; no XML numeric enum inference
View_Subquery_SingleLine_WhenQueryIsShorterThanXCharacters.Checked	Boolean	false	false	covered	view.query.singleLine.maxCharacters	{"enabled":false,"value":50}	{"enabled":false,"value":50}	native_alternative_not_xml_conversion	ModuleParityTests.View_query_compactness_thresholds_and_whole_query_indent_work	Native CREATE/ALTER module boundary, indentation, list, spacing or compactness; no XML numeric enum inference
View_Subquery_SingleLine_WhenQueryIsShorterThanXCharacters.Value	Integer	50	50	covered	view.query.singleLine.maxCharacters	{"enabled":false,"value":50}	{"enabled":false,"value":50}	native_alternative_not_xml_conversion	ModuleParityTests.View_query_compactness_thresholds_and_whole_query_indent_work	Native CREATE/ALTER module boundary, indentation, list, spacing or compactness; no XML numeric enum inference
View_Subquery_SingleLine_WhenRightMarginIsNotExceeded	Boolean	false	false	covered	view.query.singleLine.whenFitsMargin	false	true	native_alternative_not_xml_conversion	ModuleParityTests.View_query_compactness_thresholds_and_whole_query_indent_work	Native CREATE/ALTER module boundary, indentation, list, spacing or compactness; no XML numeric enum inference
